Station Name,WATSON LAKE A,,,,,,,,,,,,,,,,,,,,,,,,,
Province,YUKON TERRITORY,,,,,,,,,,,,,,,,,,,,,,,,,
Latitude,60.12,,,,,,,,,,,,,,,,,,,,,,,,,
Longitude,-128.82,,,,,,,,,,,,,,,,,,,,,,,,,
Elevation,687.4,,,,,,,,,,,,,,,,,,,,,,,,,
Climate Identifier,2101200,,,,,,,,,,,,,,,,,,,,,,,,,
WMO Identifier,71953,,,,,,,,,,,,,,,,,,,,,,,,,
TC Identifier,YQH,,,,,,,,,,,,,,,,,,,,,,,,,
,,,,,,,,,,,,,,,,,,,,,,,,,,
Legend,,,,,,,,,,,,,,,,,,,,,,,,,,
A,Accumulated,,,,,,,,,,,,,,,,,,,,,,,,,
C,"Precipitation occurred, amount uncertain",,,,,,,,,,,,,,,,,,,,,,,,,
E,Estimated,,,,,,,,,,,,,,,,,,,,,,,,,
F,Accumulated and estimated,,,,,,,,,,,,,,,,,,,,,,,,,
L,Precipitation may or may not have occurred,,,,,,,,,,,,,,,,,,,,,,,,,
M,Missing,,,,,,,,,,,,,,,,,,,,,,,,,
N,Temperature missing but known to be > 0,,,,,,,,,,,,,,,,,,,,,,,,,
S,More than one occurrence,,,,,,,,,,,,,,,,,,,,,,,,,
T,Trace,,,,,,,,,,,,,,,,,,,,,,,,,
Y,Temperature missing but known to be < 0,,,,,,,,,,,,,,,,,,,,,,,,,
[empty],No data available,,,,,,,,,,,,,,,,,,,,,,,,,
^,The value displayed is based on incomplete data,,,,,,,,,,,,,,,,,,,,,,,,,
†,Data that is not subject to review by the National Climate Archives,,,,,,,,,,,,,,,,,,,,,,,,,
,,,,,,,,,,,,,,,,,,,,,,,,,,
Date/Time,Year,Month,Day,Data Quality,Max Temp (°C),Max Temp Flag,Min Temp (°C),Min Temp Flag,Mean Temp (°C),Mean Temp Flag,Heat Deg Days (°C),Heat Deg Days Flag,Cool Deg Days (°C),Cool Deg Days Flag,Total Rain (mm),Total Rain Flag,Total Snow (cm),Total Snow Flag,Total Precip (mm),Total Precip Flag,Snow on Grnd (cm),Snow on Grnd Flag,Dir of Max Gust (10s deg),Dir of Max Gust Flag,Spd of Max Gust (km/h),Spd of Max Gust Flag
1/1/1985,1985,1,1,,-15,,-28.9,,-22,,40,,0,,0,,0,T,0,T,49,,,,<31,
1/2/1985,1985,1,2,,4,,-17.2,,-6.6,,24.6,,0,,0,T,0,,0,T,49,,,,<31,
1/3/1985,1985,1,3,,2.7,,-11.5,,-4.4,,22.4,,0,,0,,1,,0.8,,44,,,,<31,
1/4/1985,1985,1,4,,-0.1,,-10.4,,-5.3,,23.3,,0,,0,,2,,0.8,,46,,,,<31,
1/5/1985,1985,1,5,,0,,-17,,-8.5,,26.5,,0,,0,,0,T,0,T,46,,,,<31,
1/6/1985,1985,1,6,,-16,,-28,,-22,,40,,0,,0,,0,,0,,46,,,,<31,
1/7/1985,1985,1,7,,-12.6,,-19.5,,-16.1,,34.1,,0,,0,,0,,0,,46,,,,<31,
1/8/1985,1985,1,8,,-12,,-18.5,,-15.3,,33.3,,0,,0,,0,,0,,46,,,,<31,
1/9/1985,1985,1,9,,-9.5,,-22,,-15.8,,33.8,,0,,0,,0,,0,,46,,,,<31,
1/10/1985,1985,1,10,,-16.4,,-25.5,,-21,,39,,0,,0,T,0,T,0,T,46,,,,<31,
1/11/1985,1985,1,11,,-10.1,,-16.5,,-13.3,,31.3,,0,,0,,4.4,,4.8,,48,,,,<31,
1/12/1985,1985,1,12,,-3.5,,-11.6,,-7.6,,25.6,,0,,0,,0.5,,0.3,,51,,,,<31,
1/13/1985,1985,1,13,,-5.6,,-10.5,,-8.1,,26.1,,0,,0,,0.4,,0.4,,51,,,,<31,
1/14/1985,1985,1,14,,-7.4,,-14.7,,-11.1,,29.1,,0,,0,,3.8,,1.6,,43,,,,<31,
1/15/1985,1985,1,15,,-7.6,,-23.2,,-15.4,,33.4,,0,,0,,2.4,,2.4,,49,,,,<31,
1/16/1985,1985,1,16,,-6,,-12.9,,-9.5,,27.5,,0,,0,,11.8,,10.6,,53,,12,,43,E
1/17/1985,1985,1,17,,-10.5,,-22.5,,-16.5,,34.5,,0,,0,,0,T,0,T,61,,,,<31,
1/18/1985,1985,1,18,,-11.6,,-23.5,,-17.6,,35.6,,0,,0,,0,,0,,57,,,,<31,
1/19/1985,1985,1,19,,-12.6,,-17,,-14.8,,32.8,,0,,0,,4.2,,4.4,,57,,,,<31,
1/20/1985,1985,1,20,,-15.6,,-20.4,,-18,,36,,0,,0,,0,T,0,T,59,,,,<31,
1/21/1985,1985,1,21,,-10.8,,-23,,-16.9,,34.9,,0,,0,,0.6,,0.6,,58,,,,<31,
1/22/1985,1985,1,22,,-7.8,,-15.5,,-11.7,,29.7,,0,,0,,0,T,0,T,56,,,,<31,
1/23/1985,1985,1,23,,-4.3,,-16.3,,-10.3,,28.3,,0,,0,T,0.4,,0.8,,54,,,,<31,
1/24/1985,1985,1,24,,-8.8,,-16.5,,-12.7,,30.7,,0,,0.2,,0.6,,0.8,,54,,,,<31,
1/25/1985,1985,1,25,,-4,,-20.5,,-12.3,,30.3,,0,,0,,0,,0,,54,,,,<31,
1/26/1985,1985,1,26,,-8,,-20.5,,-14.3,,32.3,,0,,0,,0,,0,,54,,,,<31,
1/27/1985,1985,1,27,,-11.5,,-22,,-16.8,,34.8,,0,,0,,0,,0,,54,,,,<31,
1/28/1985,1985,1,28,,-12,,-24.3,,-18.2,,36.2,,0,,0,,0,T,0,T,54,,,,<31,
1/29/1985,1985,1,29,,-9.6,,-13.8,,-11.7,,29.7,,0,,0,,0,T,0,T,53,,,,<31,
1/30/1985,1985,1,30,,-10.5,,-16,,-13.3,,31.3,,0,,0,,3,,1,,53,,,,<31,
1/31/1985,1985,1,31,,-12.2,,-16.3,,-14.3,,32.3,,0,,0,,9,,9.4,,56,,,,<31,
2/1/1985,1985,2,1,,-10.5,,-21.3,,-15.9,,33.9,,0,,0,,0.2,,0,T,63,,,,<31,
2/2/1985,1985,2,2,,-8,,-15.8,,-11.9,,29.9,,0,,0,,0,T,0,T,63,,,,<31,
2/3/1985,1985,2,3,,-9.5,,-21.8,,-15.7,,33.7,,0,,0,,0,,0,,63,,,,<31,
2/4/1985,1985,2,4,,-6.1,,-20.5,,-13.3,,31.3,,0,,0,,10.2,,6.9,,67,,30,,37,E
2/5/1985,1985,2,5,,-11.7,,-29.8,,-20.8,,38.8,,0,,0,,0,,0,,70,,,,<31,
2/6/1985,1985,2,6,,-18.7,,-30.3,,-24.5,,42.5,,0,,0,,0,T,0,T,70,,,,<31,
2/7/1985,1985,2,7,,-24.4,,-41,,-32.7,,50.7,,0,,0,,0,T,0,T,65,,,,<31,
2/8/1985,1985,2,8,,-28.8,,-42.9,,-35.9,,53.9,,0,,0,,0,T,0,T,65,,,,<31,
2/9/1985,1985,2,9,,-29,,-41.5,,-35.3,,53.3,,0,,0,,0,T,0,T,63,,,,<31,
2/10/1985,1985,2,10,,-28.9,,-40.1,,-34.5,,52.5,,0,,0,,0,T,0,T,62,,,,<31,
2/11/1985,1985,2,11,,-23.7,,-42.5,,-33.1,,51.1,,0,,0,,1.8,,1.8,,62,,10,,33,E
2/12/1985,1985,2,12,,-23.7,,-38.6,,-31.2,,49.2,,0,,0,,0.6,,0.6,,63,,,,<31,
2/13/1985,1985,2,13,,-26.6,,-41.2,,-33.9,,51.9,,0,,0,,2.2,,2.6,,63,,,,<31,
2/14/1985,1985,2,14,,-22,,-27.2,,-24.6,,42.6,,0,,0,,3.4,,3.9,,67,,,,<31,
2/15/1985,1985,2,15,,-18.3,,-32.3,,-25.3,,43.3,,0,,0,,0.9,,0.9,,69,,,,<31,
2/16/1985,1985,2,16,,-16.2,,-35.2,,-25.7,,43.7,,0,,0,,0.2,,0.2,,68,,,,<31,
2/17/1985,1985,2,17,,-19,,-27,,-23,,41,,0,,0,,1,,0.8,,68,,,,<31,
2/18/1985,1985,2,18,,-13.2,,-26.2,,-19.7,,37.7,,0,,0,,5.2,,5,,68,,,,<31,
2/19/1985,1985,2,19,,-10.5,,-28.5,,-19.5,,37.5,,0,,0,,20,,6.4,,91,,,,<31,
2/20/1985,1985,2,20,,-14,,-34,,-24,,42,,0,,0,,8,,1.8,,93,,,,<31,
2/21/1985,1985,2,21,,-7.2,,-18,,-12.6,,30.6,,0,,0,,15.8,,11.2,,97,,13,,33,E
2/22/1985,1985,2,22,,-17.6,,-23.8,,-20.7,,38.7,,0,,0,,3.4,,2,,112,,13,,46,E
2/23/1985,1985,2,23,,-14.7,,-27.4,,-21.1,,39.1,,0,,0,,2.2,,1.2,,112,,,,<31,
2/24/1985,1985,2,24,,-9.8,,-25.3,,-17.6,,35.6,,0,,0,,2.8,,1,,117,,,,<31,
2/25/1985,1985,2,25,,-10.3,,-25.3,,-17.8,,35.8,,0,,0,,1,,0.4,,115,,,,<31,
2/26/1985,1985,2,26,,2.2,,-17.2,,-7.5,,25.5,,0,,0,,0.2,,0,T,101,,,,<31,
2/27/1985,1985,2,27,,5.2,,-1.8,,1.7,,16.3,,0,,0,,0,,0,,90,,24,,104,E
2/28/1985,1985,2,28,,2.2,,-7.5,,-2.7,,20.7,,0,,0,,0,T,0,T,90,,31,,33,E
3/1/1985,1985,3,1,,-2.8,,-21.3,,-12.1,,30.1,,0,,0,,6,,4.9,,90,,13,,41,E
3/2/1985,1985,3,2,,-6.5,,-21.5,,-14,,32,,0,,0,,1.2,,1.2,,94,,,,<31,
3/3/1985,1985,3,3,,-6.3,,-26.9,,-16.6,,34.6,,0,,0,,0.6,,0.4,,85,,,,<31,
3/4/1985,1985,3,4,,-8.8,,-26.3,,-17.6,,35.6,,0,,0,,0.4,,0.4,,85,,30,,37,E
3/5/1985,1985,3,5,,-12.5,,-37.6,,-25.1,,43.1,,0,,0,,0,,0,,85,,,,<31,
3/6/1985,1985,3,6,,-13.4,,-37.1,,-25.3,,43.3,,0,,0,,0,,0,,83,,,,<31,
3/7/1985,1985,3,7,,1.5,,-19,,-8.8,,26.8,,0,,0,,0,,0,,83,,25,,39,
3/8/1985,1985,3,8,,0.3,,-21,,-10.4,,28.4,,0,,0,,0,,0,,80,,25,,65,
3/9/1985,1985,3,9,,2.1,,-13.1,,-5.5,,23.5,,0,,0,,0,,0,,80,,29,,48,
3/10/1985,1985,3,10,,2.9,,-20.3,,-8.7,,26.7,,0,,0,,0,,0,,75,,,,<31,
3/11/1985,1985,3,11,,1,,-3.7,,-1.4,,19.4,,0,,0,,0,,0,,75,,28,,78,
3/12/1985,1985,3,12,,2.5,,-9,,-3.3,,21.3,,0,,0,,0,T,0,T,75,,27,,80,E
3/13/1985,1985,3,13,,0,,-16.5,,-8.3,,26.3,,0,,0,,0,T,0,T,74,,9,,46,E
3/14/1985,1985,3,14,,0.7,,-8.7,,-4,,22,,0,,0,,0,,0,,72,,27,,56,E
3/15/1985,1985,3,15,,3,,-14,,-5.5,,23.5,,0,,0,,0,T,0,T,71,,,,<31,
3/16/1985,1985,3,16,,6,,-6,,0,,18,,0,,0,,0,T,0,T,71,,25,,74,
3/17/1985,1985,3,17,,1,,-13.1,,-6.1,,24.1,,0,,0,,0,,0,,71,,25,,37,
3/18/1985,1985,3,18,,4.5,,-11.2,,-3.4,,21.4,,0,,0,,0,T,0,T,71,,,,<31,
3/19/1985,1985,3,19,,3.7,,-21.3,,-8.8,,26.8,,0,,0,,0,,0,,69,,,,<31,
3/20/1985,1985,3,20,,3.1,,-22.2,,-9.6,,27.6,,0,,0,,0,,0,,68,,,,<31,
3/21/1985,1985,3,21,,1.7,,-21,,-9.7,,27.7,,0,,0,,0,,0,,68,,,,<31,
3/22/1985,1985,3,22,,0.8,,-23.8,,-11.5,,29.5,,0,,0,,0,,0,,65,,,,<31,
3/23/1985,1985,3,23,,-1.1,,-4.6,,-2.9,,20.9,,0,,0,,0,T,0,T,65,,9,,46,E
3/24/1985,1985,3,24,,-1.2,,-6.1,,-3.7,,21.7,,0,,0,,0,T,0,T,65,,9,,37,E
3/25/1985,1985,3,25,,0.3,,-10.3,,-5,,23,,0,,0,,0,T,0,T,65,,,,<31,
3/26/1985,1985,3,26,,0.7,,-17.3,,-8.3,,26.3,,0,,0,,0,,0,,64,,,,<31,
3/27/1985,1985,3,27,,-3,,-8.1,,-5.6,,23.6,,0,,0,,0,T,0,T,63,,6,,41,E
3/28/1985,1985,3,28,,-5,,-15.5,,-10.3,,28.3,,0,,0,,0.6,,0.4,,63,,,,<31,
3/29/1985,1985,3,29,,-1.7,,-25.5,,-13.6,,31.6,,0,,0,,0,,0,,63,,13,,33,E
3/30/1985,1985,3,30,,2.8,,-6.5,,-1.9,,19.9,,0,,0,,0.4,,0.4,,63,,,,<31,
3/31/1985,1985,3,31,,7.5,,-2.9,,2.3,,15.7,,0,,0,,0,T,0,T,60,,,,<31,
4/1/1985,1985,4,1,,4.2,,-4,,0.1,,17.9,,0,,0,,0.8,,0.8,,58,,24,,43,E
4/2/1985,1985,4,2,,-0.6,,-14,,-7.3,,25.3,,0,,0,,0.8,,0.6,,60,,24,,65,E
4/3/1985,1985,4,3,,2.8,,-9,,-3.1,,21.1,,0,,0,,0,T,0,T,60,,,,<31,
4/4/1985,1985,4,4,,1.6,,-4,,-1.2,,19.2,,0,,0,,0.7,,0.7,,60,,25,,37,
4/5/1985,1985,4,5,,2.3,,-6.1,,-1.9,,19.9,,0,,0,,0,T,0,T,62,,28,,56,E
4/6/1985,1985,4,6,,5.7,,-14.8,,-4.6,,22.6,,0,,0,,0,,0,,60,,,,<31,
4/7/1985,1985,4,7,,7,,-2.6,,2.2,,15.8,,0,,0,,0,T,0,T,59,,11,,35,E
4/8/1985,1985,4,8,,5.2,,-2.2,,1.5,,16.5,,0,,0,,0,,0,,58,,25,,81,E
4/9/1985,1985,4,9,,3,,-7.5,,-2.3,,20.3,,0,,0,,0,T,0,T,57,,25,,83,E
4/10/1985,1985,4,10,,4.5,,-15,,-5.3,,23.3,,0,,0,,0,,0,,57,,,,<31,
4/11/1985,1985,4,11,,5.5,,-5.6,,-0.1,,18.1,,0,,0,,0,,0,,57,,,,<31,
4/12/1985,1985,4,12,,8.3,,-0.7,,3.8,,14.2,,0,,0,,0.4,,0.4,,56,,23,,59,E
4/13/1985,1985,4,13,,5.6,,-3.6,,1,,17,,0,,0,,1.8,,1.6,,53,,23,,78,E
4/14/1985,1985,4,14,,-0.5,,-7.9,,-4.2,,22.2,,0,,0,,0,,0,,49,,25,,56,E
4/15/1985,1985,4,15,,3.8,,-14.5,,-5.4,,23.4,,0,,0,,0,,0,,49,,,,<31,
4/16/1985,1985,4,16,,5.6,,-8.3,,-1.4,,19.4,,0,,0,,0,,0,,47,,25,,52,E
4/17/1985,1985,4,17,,4.9,,-5,,-0.1,,18.1,,0,,0,,0,,0,T,44,,24,,48,E
4/18/1985,1985,4,18,,4.4,,-5.5,,-0.6,,18.6,,0,,0,,0,T,0,T,40,,25,,41,E
4/19/1985,1985,4,19,,4.5,,-10.4,,-3,,21,,0,,0,,0,,0,,40,,,,<31,
4/20/1985,1985,4,20,,5,,-8.4,,-1.7,,19.7,,0,,0,,0,,0,,40,,18,,37,E
4/21/1985,1985,4,21,,6.9,,-11.7,,-2.4,,20.4,,0,,0,,0,T,0,T,40,,11,,46,E
4/22/1985,1985,4,22,,6.7,,-1.8,,2.5,,15.5,,0,,0,,0,,0,,40,,10,,37,E
4/23/1985,1985,4,23,,6.4,,-7,,-0.3,,18.3,,0,,0,,0,T,0,T,40,,,,<31,
4/24/1985,1985,4,24,,8.2,,-9.6,,-0.7,,18.7,,0,,0,,0,,0,,40,,,,<31,
4/25/1985,1985,4,25,,5.1,,-0.8,,2.2,,15.8,,0,,0,,2.6,,1.8,,40,,10,,46,E
4/26/1985,1985,4,26,,6.4,,-1.5,,2.5,,15.5,,0,,0,,5.2,,5,,39,,8,,46,E
4/27/1985,1985,4,27,,3.2,,-4.2,,-0.5,,18.5,,0,,0,,6,,4.4,,42,,,,<31,
4/28/1985,1985,4,28,,4.5,,-4.8,,-0.2,,18.2,,0,,0,,0,T,0,T,42,,24,,48,E
4/29/1985,1985,4,29,,6.7,,-9.6,,-1.5,,19.5,,0,,0,,0,T,0,T,41,,24,,31,E
4/30/1985,1985,4,30,,7,,-4.5,,1.3,,16.7,,0,,0,,0,T,0,T,39,,,,<31,
5/1/1985,1985,5,1,,9.5,,-4.9,,2.3,,15.7,,0,,0,,0,,0,,30,,,,<31,
5/2/1985,1985,5,2,,12,,0.5,,6.3,,11.7,,0,,0,T,0,,0,T,25,,,,<31,
5/3/1985,1985,5,3,,6,,0.5,,3.3,,14.7,,0,,2.2,,0,,2.2,,23,,,,<31,
5/4/1985,1985,5,4,,4.5,,0.9,,2.7,,15.3,,0,,12.4,,0,,12.4,,19,,,,<31,
5/5/1985,1985,5,5,,6.9,,0,,3.5,,14.5,,0,,3,,3.8,,6,,12,,,,<31,
5/6/1985,1985,5,6,,6.9,,0.5,,3.7,,14.3,,0,,5,,1,,6,,15,,,,<31,
5/7/1985,1985,5,7,,9.4,,-2,,3.7,,14.3,,0,,0,,0,,0,,13,,25,,31,E
5/8/1985,1985,5,8,,8.8,,1.1,,5,,13,,0,,0,,0,,0,,9,,24,,59,E
5/9/1985,1985,5,9,,7.5,,-1.3,,3.1,,14.9,,0,,0.6,,0,T,0.6,,8,,24,,43,E
5/10/1985,1985,5,10,,6.1,,-2,,2.1,,15.9,,0,,0,,0,T,0,T,7,,25,,59,E
5/11/1985,1985,5,11,,7.1,,-3.2,,2,,16,,0,,0,,0,T,0,T,4,,27,,48,E
5/12/1985,1985,5,12,,8.9,,-6,,1.5,,16.5,,0,,0,,0,,0,,4,,,,<31,
5/13/1985,1985,5,13,,11.2,,3.6,,7.4,,10.6,,0,,0,T,0,,0,T,0,T,27,,37,E
5/14/1985,1985,5,14,,8.7,,-0.7,,4,,14,,0,,0,,0,,0,,0,T,,,<31,
5/15/1985,1985,5,15,,13.8,,2,,7.9,,10.1,,0,,0,,0,,0,,0,,20,,46,E
5/16/1985,1985,5,16,,20.1,,-0.3,,9.9,,8.1,,0,,0,,0,,0,,0,,24,,37,E
5/17/1985,1985,5,17,,16.4,,3.4,,9.9,,8.1,,0,,0,,0,,0,,0,,,,<31,
5/18/1985,1985,5,18,,18.7,,-3.4,,7.7,,10.3,,0,,0,,0,,0,,0,,25,,44,E
5/19/1985,1985,5,19,,15.5,,2,,8.8,,9.2,,0,,0,,0,,0,,0,,25,,33,E
5/20/1985,1985,5,20,,12.8,,1.9,,7.4,,10.6,,0,,2,,0,,2,,0,,29,,46,E
5/21/1985,1985,5,21,,10.1,,-1.8,,4.2,,13.8,,0,,0,T,0,,0,T,0,,,,<31,
5/22/1985,1985,5,22,,13.2,,-1.9,,5.7,,12.3,,0,,0,,0,,0,,0,,,,<31,
5/23/1985,1985,5,23,,18.1,,-2.3,,7.9,,10.1,,0,,0,,0,,0,,0,,,,<31,
5/24/1985,1985,5,24,,16.8,,5.7,,11.3,,6.7,,0,,0,,0,,0,,0,,10,,33,E
5/25/1985,1985,5,25,,18.6,,1,,9.8,,8.2,,0,,0,,0,,0,,0,,,,<31,
5/26/1985,1985,5,26,,20,,0,,10,,8,,0,,0,T,0,,0,T,0,,25,,37,E
5/27/1985,1985,5,27,,13.8,,4,,8.9,,9.1,,0,,0.5,,1,,0.5,,0,,10,,39,E
5/28/1985,1985,5,28,,16.5,,2.5,,9.5,,8.5,,0,,0,,0,,0,,0,,,,<31,
5/29/1985,1985,5,29,,19,,6.8,,12.9,,5.1,,0,,0,T,0,,0,T,0,,,,<31,
5/30/1985,1985,5,30,,18,,2.5,,10.3,,7.7,,0,,0,,0,,0,,0,,27,,43,E
5/31/1985,1985,5,31,,22.9,,2.5,,12.7,,5.3,,0,,0,,0,,0,,0,,,,<31,
6/1/1985,1985,6,1,,23.7,,3.2,,13.5,,4.5,,0,,0,,0,,0,,0,,24,,44,E
6/2/1985,1985,6,2,,25.3,,3,,14.2,,3.8,,0,,0,,0,,0,,0,,,,<31,
6/3/1985,1985,6,3,,27,,13.1,,20.1,,0,,2.1,,0,,0,,0,,0,,11,,33,
6/4/1985,1985,6,4,,25.5,,8.3,,16.9,,1.1,,0,,0.2,,0,,0.2,,0,,24,,41,
6/5/1985,1985,6,5,,13.8,,7,,10.4,,7.6,,0,,0,,0,,0,,0,,,,<31,
6/6/1985,1985,6,6,,13.4,,5.5,,9.5,,8.5,,0,,0,,0,,0,,0,,25,,41,E
6/7/1985,1985,6,7,,13.8,,0,,6.9,,11.1,,0,,0,,0,,0,,0,,,,<31,
6/8/1985,1985,6,8,,12.2,,-2,,5.1,,12.9,,0,,0,,0,,0,,0,,25,,33,
6/9/1985,1985,6,9,,14.3,,-1.6,,6.4,,11.6,,0,,0,T,0,,0,T,0,,29,,35,E
6/10/1985,1985,6,10,,19.2,,-1.4,,8.9,,9.1,,0,,0,,0,,0,,0,,,,<31,
6/11/1985,1985,6,11,,18.1,,8,,13.1,,4.9,,0,,2.5,,0,,2.5,,0,,20,,37,
6/12/1985,1985,6,12,,14.5,,3.7,,9.1,,8.9,,0,,3.2,,0,,3.2,,0,,,,<31,
6/13/1985,1985,6,13,,13.7,,5,,9.4,,8.6,,0,,0.2,,0,,0.2,,0,,30,,37,E
6/14/1985,1985,6,14,,15.9,,-0.5,,7.7,,10.3,,0,,0,,0,,0,,0,,25,,56,E
6/15/1985,1985,6,15,,16.8,,-0.8,,8,,10,,0,,0,T,0,,0,T,0,,31,,85,E
6/16/1985,1985,6,16,,15.4,,3.4,,9.4,,8.6,,0,,0,,0,,0,,0,,25,,50,E
6/17/1985,1985,6,17,,15.3,,4.7,,10,,8,,0,,0.9,,0,,0.9,,0,,11,,31,E
6/18/1985,1985,6,18,,20.8,,8.7,,14.8,,3.2,,0,,0,,0,,0,,0,,24,,56,E
6/19/1985,1985,6,19,,20.5,,1,,10.8,,7.2,,0,,0.4,,0,,0.4,,0,,26,,46,E
6/20/1985,1985,6,20,,17,,8.4,,12.7,,5.3,,0,,1.8,,0,,1.8,,0,,4,,46,
6/21/1985,1985,6,21,,14,,6.8,,10.4,,7.6,,0,,1,,0,,1,,0,,,,<31,
6/22/1985,1985,6,22,,15,,6.6,,10.8,,7.2,,0,,6,,0,,6,,0,,11,,46,
6/23/1985,1985,6,23,,16.8,,5,,10.9,,7.1,,0,,1.6,,0,,1.6,,0,,,,<31,
6/24/1985,1985,6,24,,20,,3.7,,11.9,,6.1,,0,,0,T,0,,0,T,0,,,,<31,
6/25/1985,1985,6,25,,16.9,,8.7,,12.8,,5.2,,0,,3.1,,0,,3.1,,0,,,,<31,
6/26/1985,1985,6,26,,16.6,,7.4,,12,,6,,0,,3,,0,,3,,0,,21,,41,E
6/27/1985,1985,6,27,,19.1,,0.5,,9.8,,8.2,,0,,0,T,0,,0,T,0,,,,<31,
6/28/1985,1985,6,28,,21.7,,1,,11.4,,6.6,,0,,0,,0,,0,,0,,,,<31,
6/29/1985,1985,6,29,,25.2,,3,,14.1,,3.9,,0,,0,,0,,0,,0,,,,<31,
6/30/1985,1985,6,30,,28.5,,9.5,,19,,0,,1,,2.4,,0,,2.4,,0,,18,,37,E
7/1/1985,1985,7,1,,24.5,,11.7,,18.1,,0,,0.1,,0,,0,,0,,0,,24,,65,
7/2/1985,1985,7,2,,23.6,,9.9,,16.8,,1.2,,0,,0.8,,0,,0.8,,0,,26,,31,
7/3/1985,1985,7,3,,23.7,,13.4,,18.6,,0,,0.6,,0,,0,,0,,0,,,,<31,
7/4/1985,1985,7,4,,25.5,,7.5,,16.5,,1.5,,0,,0,,0,,0,,0,,,,<31,
7/5/1985,1985,7,5,,26.2,,7,,16.6,,1.4,,0,,1.8,,0,,1.8,,0,,12,,33,
7/6/1985,1985,7,6,,23.5,,12,,17.8,,0.2,,0,,0.2,,0,,0.2,,0,,28,,59,
7/7/1985,1985,7,7,,23.5,,8,,15.8,,2.2,,0,,0,T,0,,0,T,0,,34,,33,
7/8/1985,1985,7,8,,25,,8.1,,16.6,,1.4,,0,,0,,0,,0,,0,,,,<31,
7/9/1985,1985,7,9,,25.1,,12.5,,18.8,,0,,0.8,,0,,0,,0,,0,,,,<31,
7/10/1985,1985,7,10,,20,,11.8,,15.9,,2.1,,0,,7.9,,0,,7.9,,0,,,,<31,
7/11/1985,1985,7,11,,15.7,,9.2,,12.5,,5.5,,0,,1.9,,0,,1.9,,0,,,,<31,
7/12/1985,1985,7,12,,18.5,,9.7,,14.1,,3.9,,0,,2.4,,0,,2.4,,0,,,,<31,
7/13/1985,1985,7,13,,18.2,,9.8,,14,,4,,0,,1.6,,0,,1.6,,0,,25,,33,E
7/14/1985,1985,7,14,,19.6,,4.8,,12.2,,5.8,,0,,0.4,,0,,0.4,,0,,,,<31,
7/15/1985,1985,7,15,,20.8,,7,,13.9,,4.1,,0,,1.6,,0,,1.6,,0,,,,<31,
7/16/1985,1985,7,16,,25.5,,2.7,,14.1,,3.9,,0,,0.4,,0,,0.4,,0,,33,,33,
7/17/1985,1985,7,17,,26,,9.4,,17.7,,0.3,,0,,1.4,,0,,1.4,,0,,33,,93,
7/18/1985,1985,7,18,,23.5,,6.8,,15.2,,2.8,,0,,0,T,0,,0,T,0,,12,,33,
7/19/1985,1985,7,19,,23,,7.8,,15.4,,2.6,,0,,1.2,,0,,1.2,,0,,,,<31,
7/20/1985,1985,7,20,,20.5,,9.2,,14.9,,3.1,,0,,2.9,,0,,2.9,,0,,,,<31,
7/21/1985,1985,7,21,,17.7,,8,,12.9,,5.1,,0,,1.4,,0,,1.4,,0,,29,,46,E
7/22/1985,1985,7,22,,19,,4.7,,11.9,,6.1,,0,,1.2,,0,,1.2,,0,,,,<31,
7/23/1985,1985,7,23,,19,,9,,14,,4,,0,,0,T,0,,0,T,0,,,,<31,
7/24/1985,1985,7,24,,18.2,,10,,14.1,,3.9,,0,,0.3,,0,,0.3,,0,,,,<31,
7/25/1985,1985,7,25,,16.2,,5,,10.6,,7.4,,0,,0.3,,0,,0.3,,0,,29,,35,E
7/26/1985,1985,7,26,,21.8,,9.3,,15.6,,2.4,,0,,0.2,,0,,0.2,,0,,32,,44,E
7/27/1985,1985,7,27,,24.8,,4,,14.4,,3.6,,0,,0,T,0,,0,T,0,,,,<31,
7/28/1985,1985,7,28,,26.7,,5,,15.9,,2.1,,0,,0,,0,,0,,0,,,,<31,
7/29/1985,1985,7,29,,28.5,,7,,17.8,,0.2,,0,,0,,0,,0,,0,,,,<31,
7/30/1985,1985,7,30,,29.8,,7.9,,18.9,,0,,0.9,,0,,0,,0,,0,,,,<31,
7/31/1985,1985,7,31,,24.5,,10,,17.3,,0.7,,0,,0,,0,,0,,0,,,,<31,
8/1/1985,1985,8,1,,22,,5.5,,13.8,,4.2,,0,,0,T,0,,0,T,0,,,,<31,
8/2/1985,1985,8,2,,21.8,,11.2,,16.5,,1.5,,0,,1,,0,,1,,0,,24,,37,E
8/3/1985,1985,8,3,,20.9,,5.8,,13.4,,4.6,,0,,0,,0,,0,,0,,,,<31,
8/4/1985,1985,8,4,,20.4,,6,,13.2,,4.8,,0,,0.4,,0,,0.4,,0,,,,<31,
8/5/1985,1985,8,5,,20,,9.5,,14.8,,3.2,,0,,3,,0,,3,,0,,,,<31,
8/6/1985,1985,8,6,,23,,7,,15,,3,,0,,0,T,0,,0,T,0,,10,,33,E
8/7/1985,1985,8,7,,22,,9.2,,15.6,,2.4,,0,,0,T,0,,0,T,0,,,,<31,
8/8/1985,1985,8,8,,17,,10.5,,13.8,,4.2,,0,,5.6,,0,,5.6,,0,,,,<31,
8/9/1985,1985,8,9,,19.5,,8.8,,14.2,,3.8,,0,,4,,0,,4,,0,,25,,56,E
8/10/1985,1985,8,10,,16.5,,8,,12.3,,5.7,,0,,0,T,0,,0,T,0,,,,<31,
8/11/1985,1985,8,11,,16.5,,4.2,,10.4,,7.6,,0,,2.2,,0,,2.2,,0,,28,,59,E
8/12/1985,1985,8,12,,20.1,,0.6,,10.4,,7.6,,0,,0,,0,,0,,0,,,,<31,
8/13/1985,1985,8,13,,20.4,,6.8,,13.6,,4.4,,0,,0.2,,0,,0.2,,0,,,,<31,
8/14/1985,1985,8,14,,20.5,,9.5,,15,,3,,0,,2,,0,,2,,0,,31,,67,E
8/15/1985,1985,8,15,,25.3,,1,,13.2,,4.8,,0,,0,,0,,0,,0,,,,<31,
8/16/1985,1985,8,16,,19.8,,8,,13.9,,4.1,,0,,0,,0,,0,,0,,31,,33,E
8/17/1985,1985,8,17,,15.6,,7.3,,11.5,,6.5,,0,,0,T,0,,0,T,0,,2,,33,E
8/18/1985,1985,8,18,,16,,0.5,,8.3,,9.7,,0,,0.8,,0,,0.8,,0,,30,,33,E
8/19/1985,1985,8,19,,15.6,,2.2,,8.9,,9.1,,0,,1.3,,0,,1.3,,0,,,,<31,
8/20/1985,1985,8,20,,15.7,,4.6,,10.2,,7.8,,0,,2.1,,0,,2.1,,0,,,,<31,
8/21/1985,1985,8,21,,15.3,,6.4,,10.9,,7.1,,0,,7,,0,,7,,0,,,,<31,
8/22/1985,1985,8,22,,18.1,,9.2,,13.7,,4.3,,0,,1,,0,,1,,0,,30,,67,E
8/23/1985,1985,8,23,,14.9,,3.8,,9.4,,8.6,,0,,0,T,0,,0,T,0,,,,<31,
8/24/1985,1985,8,24,,12.5,,2.9,,7.7,,10.3,,0,,5,,0,,5,,0,,,,<31,
8/25/1985,1985,8,25,,16.2,,2.1,,9.2,,8.8,,0,,0,,0,,0,,0,,,,<31,
8/26/1985,1985,8,26,,15.5,,5.2,,10.4,,7.6,,0,,0,T,0,,0,T,0,,,,<31,
8/27/1985,1985,8,27,,14.2,,4,,9.1,,8.9,,0,,0,,0,,0,,0,,,,<31,
8/28/1985,1985,8,28,,11.7,,6.5,,9.1,,8.9,,0,,2.8,,0,,2.8,,0,,,,<31,
8/29/1985,1985,8,29,,15.7,,4.6,,10.2,,7.8,,0,,0,,0,,0,,0,,,,<31,
8/30/1985,1985,8,30,,15.9,,6.1,,11,,7,,0,,2.4,,0,,2.4,,0,,,,<31,
8/31/1985,1985,8,31,,16.2,,4.9,,10.6,,7.4,,0,,1.4,,0,,1.4,,0,,27,,56,E
9/1/1985,1985,9,1,,18,,-0.3,,8.9,,9.1,,0,,0,T,0,,0,T,0,,25,,37,E
9/2/1985,1985,9,2,,17.3,,7.8,,12.6,,5.4,,0,,1.2,,0,,1.2,,0,,35,,46,E
9/3/1985,1985,9,3,,16.6,,2,,9.3,,8.7,,0,,0.2,,0,,0.2,,0,,,,<31,
9/4/1985,1985,9,4,,10.9,,4.3,,7.6,,10.4,,0,,11.9,,0,,11.9,,0,,,,<31,
9/5/1985,1985,9,5,,9,,1,,5,,13,,0,,1,,0,,1,,0,,,,<31,
9/6/1985,1985,9,6,,11.6,,0.9,,6.3,,11.7,,0,,0,,0,,0,,0,,,,<31,
9/7/1985,1985,9,7,,16,,-2.5,,6.8,,11.2,,0,,0,,0,,0,,0,,,,<31,
9/8/1985,1985,9,8,,19.4,,-0.5,,9.5,,8.5,,0,,0,,0,,0,,0,,,,<31,
9/9/1985,1985,9,9,,20.5,,1.2,,10.9,,7.1,,0,,0,T,0,,0,T,0,,24,,46,
9/10/1985,1985,9,10,,18,,9.5,,13.8,,4.2,,0,,0,T,0,,0,T,0,,25,,56,
9/11/1985,1985,9,11,,13.4,,4.2,,8.8,,9.2,,0,,0,,0,,0,,0,,,M,,M
9/12/1985,1985,9,12,,16.5,,4,,10.3,,7.7,,0,,0,,0,,0,,0,,,,<31,
9/13/1985,1985,9,13,,13,,9.2,,11.1,,6.9,,0,,3.7,,0,,3.7,,0,,,,<31,
9/14/1985,1985,9,14,,17.9,,3.5,,10.7,,7.3,,0,,0.8,,0,,0.8,,0,,,,<31,
9/15/1985,1985,9,15,,16.8,,6.3,,11.6,,6.4,,0,,5.2,,0,,5.2,,0,,24,,67,E
9/16/1985,1985,9,16,,12.6,,5,,8.8,,9.2,,0,,6.2,,0,,6.2,,0,,,,<31,
9/17/1985,1985,9,17,,7.2,,0.1,,3.7,,14.3,,0,,2,,0,T,2,,0,,30,,35,E
9/18/1985,1985,9,18,,6.6,,-0.3,,3.2,,14.8,,0,,0,,0,T,0,T,0,,,,<31,
9/19/1985,1985,9,19,,12.8,,-0.2,,6.3,,11.7,,0,,0.8,,1,,1.8,,0,,26,,56,E
9/20/1985,1985,9,20,,9.3,,-1.4,,4,,14,,0,,0.6,,0,,0.6,,0,,29,,50,E
9/21/1985,1985,9,21,,8,,-2.6,,2.7,,15.3,,0,,0,T,0,,0,T,0,,33,,48,E
9/22/1985,1985,9,22,,8,,-7.3,,0.4,,17.6,,0,,2.6,,0,,2.6,,0,,,,<31,
9/23/1985,1985,9,23,,9,,2.2,,5.6,,12.4,,0,,9.6,,0,,9.6,,0,,,,<31,
9/24/1985,1985,9,24,,9.9,,-1.1,,4.4,,13.6,,0,,2,,0,,2,,0,,,,<31,
9/25/1985,1985,9,25,,14.1,,5.8,,10,,8,,0,,0.3,,0,,0.3,,0,,24,,61,E
9/26/1985,1985,9,26,,9.7,,-1.4,,4.2,,13.8,,0,,0,,0,,0,,0,,30,,46,E
9/27/1985,1985,9,27,,11.7,,-3.4,,4.2,,13.8,,0,,0,,0,,0,,0,,,,<31,
9/28/1985,1985,9,28,,11.9,,-4,,4,,14,,0,,0,,0,,0,,0,,,,<31,
9/29/1985,1985,9,29,,13.5,,-4,,4.8,,13.2,,0,,0,,0,,0,,0,,,,<31,
9/30/1985,1985,9,30,,13.6,,0.3,,7,,11,,0,,1.3,,0,,1.3,,0,,,,<31,
10/1/1985,1985,10,1,,11.7,,5.6,,8.7,,9.3,,0,,0,T,0,,0,T,0,,22,,37,E
10/2/1985,1985,10,2,,9.7,,0,,4.9,,13.1,,0,,2.6,,0,,2.6,,0,,,,<31,
10/3/1985,1985,10,3,,10.2,,-1.2,,4.5,,13.5,,0,,0.5,,0,,0.5,,0,,24,,37,E
10/4/1985,1985,10,4,,5.6,,-0.4,,2.6,,15.4,,0,,8.6,,0,T,8.6,,0,,,,<31,
10/5/1985,1985,10,5,,7.8,,-2.7,,2.6,,15.4,,0,,0,,0,,0,,0,,,,<31,
10/6/1985,1985,10,6,,6,,-6.3,,-0.2,,18.2,,0,,0,,0,,0,,0,,,,<31,
10/7/1985,1985,10,7,,5.4,,-9.2,,-1.9,,19.9,,0,,0,,0,,0,,0,,,,<31,
10/8/1985,1985,10,8,,3.6,,-6.2,,-1.3,,19.3,,0,,1.6,,1.5,,3.1,,0,,,,<31,
10/9/1985,1985,10,9,,8.9,,0,,4.5,,13.5,,0,,0,,0,,0,,0,,,,<31,
10/10/1985,1985,10,10,,7.7,,-3,,2.4,,15.6,,0,,0.4,,0,,0.4,,0,,,,<31,
10/11/1985,1985,10,11,,3.6,,-1.6,,1,,17,,0,,2.6,,4,,6.2,,0,,,,<31,
10/12/1985,1985,10,12,,5.6,,-1.5,,2.1,,15.9,,0,,1.8,,0,T,1.8,,0,T,,,<31,
10/13/1985,1985,10,13,,4.4,,-1.8,,1.3,,16.7,,0,,0.2,,0.6,,0.8,,0,T,,,<31,
10/14/1985,1985,10,14,,4.6,,-3.2,,0.7,,17.3,,0,,0,,4.2,,3.2,,0,T,,,<31,
10/15/1985,1985,10,15,,0.7,,-4.2,,-1.8,,19.8,,0,,0,,0,T,0,T,0,,,,<31,
10/16/1985,1985,10,16,,3.5,,-2.5,,0.5,,17.5,,0,,0,,1,,1,,1,,,,<31,
10/17/1985,1985,10,17,,6.3,,-1.7,,2.3,,15.7,,0,,0,,1.8,,1,,1,,24,,31,E
10/18/1985,1985,10,18,,3.5,,-4.2,,-0.4,,18.4,,0,,0,,0,,0,,0,T,7,,43,E
10/19/1985,1985,10,19,,0.4,,-2.8,,-1.2,,19.2,,0,,0,,2.1,,1.9,,1,,,,<31,
10/20/1985,1985,10,20,,-2.5,,-7.2,,-4.9,,22.9,,0,,0,,0.8,,0.8,,1,,,,<31,
10/21/1985,1985,10,21,,-4.7,,-8.3,,-6.5,,24.5,,0,,0,,0.5,,0.5,,1,,,,<31,
10/22/1985,1985,10,22,,-4.8,,-8.7,,-6.8,,24.8,,0,,0,,2,,2,,2,,,,<31,
10/23/1985,1985,10,23,,-3.2,,-13.2,,-8.2,,26.2,,0,,0,,1.4,,1.4,,6,,,,<31,
10/24/1985,1985,10,24,,0.3,,-14.6,,-7.2,,25.2,,0,,0,,0,T,0,T,5,,,,<31,
10/25/1985,1985,10,25,,-0.5,,-13.2,,-6.9,,24.9,,0,,0,,0,,0,,5,,,,<31,
10/26/1985,1985,10,26,,-2.3,,-14,,-8.2,,26.2,,0,,0,,0,T,0,T,5,,12,,52,
10/27/1985,1985,10,27,,-7.9,,-16.9,,-12.4,,30.4,,0,,0,,1.2,,1.2,,6,,11,,41,E
10/28/1985,1985,10,28,,-10.4,,-16.7,,-13.6,,31.6,,0,,0,,1.6,,1.6,,5,,,,<31,
10/29/1985,1985,10,29,,-4.5,,-14.8,,-9.7,,27.7,,0,,0,,1.4,,1.2,,7,,,,<31,
10/30/1985,1985,10,30,,-5.8,,-17,,-11.4,,29.4,,0,,0,,0.6,,0.4,,7,,,,<31,
10/31/1985,1985,10,31,,-8.2,,-17,,-12.6,,30.6,,0,,0,,0,T,0,T,7,,,,<31,
11/1/1985,1985,11,1,,-6.2,,-12,,-9.1,,27.1,,0,,0,,0,T,0,T,7,,,,<31,
11/2/1985,1985,11,2,,-8.8,,-15.2,,-12,,30,,0,,0,,0.4,,0.2,,7,,,,<31,
11/3/1985,1985,11,3,,-10.2,,-24.2,,-17.2,,35.2,,0,,0,,2,,1.4,,12,,,,<31,
11/4/1985,1985,11,4,,-16.5,,-26.1,,-21.3,,39.3,,0,,0,,0,,0,,11,,,,<31,
11/5/1985,1985,11,5,,-13.8,,-26.5,,-20.2,,38.2,,0,,0,,1.6,,1,,11,,,,<31,
11/6/1985,1985,11,6,,-14.6,,-21.2,,-17.9,,35.9,,0,,0,,0,T,0,T,12,,,,<31,
11/7/1985,1985,11,7,,-13.8,,-20.9,,-17.4,,35.4,,0,,0,,0.4,,0.2,,12,,,,<31,
11/8/1985,1985,11,8,,-16.2,,-23.5,,-19.9,,37.9,,0,,0,,0,T,0,T,11,,,,<31,
11/9/1985,1985,11,9,,-18.2,,-34.8,,-26.5,,44.5,,0,,0,,0,T,0,T,11,,,,<31,
11/10/1985,1985,11,10,,-20.3,,-35.4,,-27.9,,45.9,,0,,0,,0,T,0,T,11,,,,<31,
11/11/1985,1985,11,11,,-12.3,,-21.5,,-16.9,,34.9,,0,,0,,0,T,0,T,11,,,,<31,
11/12/1985,1985,11,12,,-3.7,,-17.3,,-10.5,,28.5,,0,,0,,0,T,0,T,11,,,,<31,
11/13/1985,1985,11,13,,-1,,-6.1,,-3.6,,21.6,,0,,0,,1,,0.8,,11,,12,,37,E
11/14/1985,1985,11,14,,0.6,,-8.7,,-4.1,,22.1,,0,,0,,2.2,,1.4,,11,,,,<31,
11/15/1985,1985,11,15,,-7.9,,-21.9,,-14.9,,32.9,,0,,0,,1,,1,,13,,,,<31,
11/16/1985,1985,11,16,,-17,,-33.6,,-25.3,,43.3,,0,,0,,0.4,,0.4,,13,,,,<31,
11/17/1985,1985,11,17,,-26.8,,-40.2,,-33.5,,51.5,,0,,0,,0.4,,0.4,,13,,,,<31,
11/18/1985,1985,11,18,,-21.8,,-35.4,,-28.6,,46.6,,0,,0,,2,,1.8,,14,,,,<31,
11/19/1985,1985,11,19,,-25.3,,-38.8,,-32.1,,50.1,,0,,0,,0,,0,,15,,,,<31,
11/20/1985,1985,11,20,,-24.5,,-39.1,,-31.8,,49.8,,0,,0,,0,T,0,T,15,,,,<31,
11/21/1985,1985,11,21,,-26.1,,-39,,-32.6,,50.6,,0,,0,,0,T,0,T,15,,,,<31,
11/22/1985,1985,11,22,,-16.9,,-31.5,,-24.2,,42.2,,0,,0,,0,,0,,15,,,,<31,
11/23/1985,1985,11,23,,-15.5,,-23.6,,-19.6,,37.6,,0,,0,,0,T,0,T,15,,,,<31,
11/24/1985,1985,11,24,,-13,,-23.4,,-18.2,,36.2,,0,,0,,2.7,,1.8,,17,,11,,35,E
11/25/1985,1985,11,25,,-22.4,,-43.3,,-32.9,,50.9,,0,,0,,0,T,0,T,17,,,,<31,
11/26/1985,1985,11,26,,-38.7,,-47.5,,-43.1,,61.1,,0,,0,,0,,0,,17,,,,<31,
11/27/1985,1985,11,27,,-33.9,,-42.2,,-38.1,,56.1,,0,,0,,0,,0,,17,,,,<31,
11/28/1985,1985,11,28,,-29,,-41,,-35,,53,,0,,0,,0.4,,0.2,,17,,,,<31,
11/29/1985,1985,11,29,,-27.4,,-35.7,,-31.6,,49.6,,0,,0,,0,T,0,T,17,,,,<31,
11/30/1985,1985,11,30,,-30,,-37.1,,-33.6,,51.6,,0,,0,,0,,0,,17,,,,<31,
12/1/1985,1985,12,1,,-30.3,,-38.2,,-34.3,,52.3,,0,,0,,0,,0,,17,,,,<31,
12/2/1985,1985,12,2,,-30.1,,-40.2,,-35.2,,53.2,,0,,0,,0,,0,,17,,,,<31,
12/3/1985,1985,12,3,,-26.5,,-35.2,,-30.9,,48.9,,0,,0,,0,T,0,T,17,,,,<31,
12/4/1985,1985,12,4,,-22.3,,-35.8,,-29.1,,47.1,,0,,0,,0.4,,0.4,,16,,,,<31,
12/5/1985,1985,12,5,,-20,,-28.1,,-24.1,,42.1,,0,,0,,0,,0,,17,,,,<31,
12/6/1985,1985,12,6,,-15.6,,-25,,-20.3,,38.3,,0,,0,,0,,0,,17,,,,<31,
12/7/1985,1985,12,7,,-20.3,,-29.5,,-24.9,,42.9,,0,,0,,0,,0,,17,,,,<31,
12/8/1985,1985,12,8,,-18.5,,-26.7,,-22.6,,40.6,,0,,0,,0,T,0,T,17,,,,<31,
12/9/1985,1985,12,9,,-16.6,,-29,,-22.8,,40.8,,0,,0,,0,,0,,17,,,,<31,
12/10/1985,1985,12,10,,-10.9,,-18.5,,-14.7,,32.7,,0,,0,,0,,0,,16,,,,<31,
12/11/1985,1985,12,11,,-4.3,,-12.6,,-8.5,,26.5,,0,,0,T,0,T,0,T,16,,,,<31,
12/12/1985,1985,12,12,,-9.5,,-24.4,,-17,,35,,0,,0,,0,,0,,16,,,,<31,
12/13/1985,1985,12,13,,-10.9,,-24.8,,-17.9,,35.9,,0,,0,,0.2,,0.2,,16,,,,<31,
12/14/1985,1985,12,14,,-6.7,,-11,,-8.9,,26.9,,0,,0,,5.2,,3.8,,16,,,,<31,
12/15/1985,1985,12,15,,-2.5,,-10,,-6.3,,24.3,,0,,0,,0.4,,0,T,21,,,,<31,
12/16/1985,1985,12,16,,-4,,-17.7,,-10.9,,28.9,,0,,0,,2.4,,0.8,,21,,,,<31,
12/17/1985,1985,12,17,,0,,-10,,-5,,23,,0,,0,,0.8,,0.2,,23,,,,<31,
12/18/1985,1985,12,18,,0.4,,-7.9,,-3.8,,21.8,,0,,0,T,5.8,,4.6,,23,,,,<31,
12/19/1985,1985,12,19,,-1.2,,-12.2,,-6.7,,24.7,,0,,2,,0,T,2,,25,,,,<31,
12/20/1985,1985,12,20,,0,,-6.9,,-3.5,,21.5,,0,,0,,0,,0,,23,,,,<31,
12/21/1985,1985,12,21,,1.2,,-8,,-3.4,,21.4,,0,,0,T,0,,0,T,23,,,,<31,
12/22/1985,1985,12,22,,-0.3,,-10.9,,-5.6,,23.6,,0,,0.2,,0,,0.2,,23,,,,<31,
12/23/1985,1985,12,23,,5,,-10.7,,-2.9,,20.9,,0,,0,,0,,0,,23,,20,,37,E
12/24/1985,1985,12,24,,7,,-5.2,,0.9,,17.1,,0,,0,,0,,0,,23,,25,,46,E
12/25/1985,1985,12,25,,2.5,,-17,,-7.3,,25.3,,0,,0,,0,,0,,21,,,,<31,
12/26/1985,1985,12,26,,-10,,-26.8,,-18.4,,36.4,,0,,0,,0,,0,,21,,,,<31,
12/27/1985,1985,12,27,,-19.6,,-27.8,,-23.7,,41.7,,0,,0,,0,,0,,21,,,,<31,
12/28/1985,1985,12,28,,-11.5,,-22,,-16.8,,34.8,,0,,0,,0,T,0,T,21,,,,<31,
12/29/1985,1985,12,29,,-7.8,,-17.4,,-12.6,,30.6,,0,,0,,0,,0,,21,,,,<31,
12/30/1985,1985,12,30,,-9.7,,-19.8,,-14.8,,32.8,,0,,0,,0.8,,0.4,,21,,,,<31,
12/31/1985,1985,12,31,,-3.6,,-10.5,,-7.1,,25.1,,0,,0,,0.8,,0.6,,23,,,,<31,
1/1/1986,1986,1,1,,-6.1,,-13.7,,-9.9,,27.9,,0,,0,,3.8,,1.8,,23,,,,<31,
1/2/1986,1986,1,2,,-10.5,,-29.2,,-19.9,,37.9,,0,,0,,1.6,,0.8,,28,,,,<31,
1/3/1986,1986,1,3,,-15.3,,-30.9,,-23.1,,41.1,,0,,0,,0,,0,,28,,,,<31,
1/4/1986,1986,1,4,,-17.2,,-25.1,,-21.2,,39.2,,0,,0,,0,,0,,28,,,,<31,
1/5/1986,1986,1,5,,-19.6,,-28.1,,-23.9,,41.9,,0,,0,,0,,0,,28,,,,<31,
1/6/1986,1986,1,6,,-15.6,,-22.6,,-19.1,,37.1,,0,,0,,0,,0,,28,,,,<31,
1/7/1986,1986,1,7,,-3.2,,-16.9,,-10.1,,28.1,,0,,0,,0.2,,0,T,28,,,,<31,
1/8/1986,1986,1,8,,-3.5,,-25.5,,-14.5,,32.5,,0,,0,,0,,0,,28,,,,<31,
1/9/1986,1986,1,9,,-11.9,,-25,,-18.5,,36.5,,0,,0,,2,,1.6,,28,,,,<31,
1/10/1986,1986,1,10,,-12.3,,-22.5,,-17.4,,35.4,,0,,0,,0,,0,,28,,,,<31,
1/11/1986,1986,1,11,,-3.4,,-25.7,,-14.6,,32.6,,0,,0,,0,T,0,T,28,,,,<31,
1/12/1986,1986,1,12,,-10.2,,-19,,-14.6,,32.6,,0,,0,,0,T,0,T,28,,,,<31,
1/13/1986,1986,1,13,,-1.5,,-15.6,,-8.6,,26.6,,0,,0,,4.1,,3.4,,32,,,,<31,
1/14/1986,1986,1,14,,-10.7,,-21.5,,-16.1,,34.1,,0,,0,,0.2,,0.2,,32,,,,<31,
1/15/1986,1986,1,15,,-7.2,,-14.8,,-11,,29,,0,,0,,3,,1.5,,32,,,,<31,
1/16/1986,1986,1,16,,-8.4,,-12.3,,-10.4,,28.4,,0,,0,,0,T,0,T,33,,,,<31,
1/17/1986,1986,1,17,,-9.2,,-13,,-11.1,,29.1,,0,,0,,1.2,,1,,33,,,,<31,
1/18/1986,1986,1,18,,-10.9,,-17.3,,-14.1,,32.1,,0,,0,,8.6,,3.8,,36,,13,,35,E
1/19/1986,1986,1,19,,-16.3,,-22,,-19.2,,37.2,,0,,0,,4.2,,3,,39,,,,<31,
1/20/1986,1986,1,20,,-19.5,,-31.6,,-25.6,,43.6,,0,,0,,0.4,,0.4,,38,,,,<31,
1/21/1986,1986,1,21,,-18.5,,-26.5,,-22.5,,40.5,,0,,0,,2.4,,1.6,,38,,,,<31,
1/22/1986,1986,1,22,,-18.8,,-22.1,,-20.5,,38.5,,0,,0,,1.4,,1.2,,40,,,,<31,
1/23/1986,1986,1,23,,-18.7,,-25.8,,-22.3,,40.3,,0,,0,,3.2,,1.4,,40,,,,<31,
1/24/1986,1986,1,24,,-21.5,,-30.8,,-26.2,,44.2,,0,,0,,0,,0,,42,,,,<31,
1/25/1986,1986,1,25,,-4,,-23.8,,-13.9,,31.9,,0,,0,,7.9,,6.4,,42,,11,,31,E
1/26/1986,1986,1,26,,-5.2,,-10.9,,-8.1,,26.1,,0,,0,,0.6,,0.4,,44,,,,<31,
1/27/1986,1986,1,27,,-5.2,,-17.1,,-11.2,,29.2,,0,,0,,0,,0,,44,,,,<31,
1/28/1986,1986,1,28,,-9.3,,-19.2,,-14.3,,32.3,,0,,0,,0,,0,,42,,,,<31,
1/29/1986,1986,1,29,,-18,,-26,,-22,,40,,0,,0,,0,T,0,T,42,,,,<31,
1/30/1986,1986,1,30,,-18.9,,-32.5,,-25.7,,43.7,,0,,0,,0,T,0,T,42,,,,<31,
1/31/1986,1986,1,31,,-14,,-20,,-17,,35,,0,,0,,0,T,0,T,40,,,,<31,
2/1/1986,1986,2,1,,-14,,-23,,-18.5,,36.5,,0,,0,,0,,0,,38,,,,<31,
2/2/1986,1986,2,2,,-8.9,,-23.2,,-16.1,,34.1,,0,,0,,0,,0,,38,,,,<31,
2/3/1986,1986,2,3,,-14.8,,-28.9,,-21.9,,39.9,,0,,0,,0,,0,,38,,,,<31,
2/4/1986,1986,2,4,,-14.6,,-30.1,,-22.4,,40.4,,0,,0,,0,,0,,38,,,,<31,
2/5/1986,1986,2,5,,-10.9,,-29.8,,-20.4,,38.4,,0,,0,,0,T,0,T,38,,,,<31,
2/6/1986,1986,2,6,,-8.4,,-12.5,,-10.5,,28.5,,0,,0,,0,T,0,T,38,,,,<31,
2/7/1986,1986,2,7,,-9.4,,-21,,-15.2,,33.2,,0,,0,,0,T,0,T,38,,,,<31,
2/8/1986,1986,2,8,,-9.8,,-25,,-17.4,,35.4,,0,,0,,0,,0,,38,,,,<31,
2/9/1986,1986,2,9,,-7.7,,-26.1,,-16.9,,34.9,,0,,0,,0,,0,,38,,,,<31,
2/10/1986,1986,2,10,,-10.6,,-28,,-19.3,,37.3,,0,,0,,0,,0,,38,,,,<31,
2/11/1986,1986,2,11,,-10.8,,-29,,-19.9,,37.9,,0,,0,,0,,0,,38,,,,<31,
2/12/1986,1986,2,12,,-10,,-26.1,,-18.1,,36.1,,0,,0,,0,,0,,37,,,,<31,
2/13/1986,1986,2,13,,-6.4,,-26.5,,-16.5,,34.5,,0,,0,,0,,0,,37,,,,<31,
2/14/1986,1986,2,14,,-8.5,,-26,,-17.3,,35.3,,0,,0,,1.2,,0.8,,37,,,,<31,
2/15/1986,1986,2,15,,-17.2,,-33,,-25.1,,43.1,,0,,0,,0,,0,,37,,,,<31,
2/16/1986,1986,2,16,,-19.6,,-36.8,,-28.2,,46.2,,0,,0,,0.2,,0,T,37,,,,<31,
2/17/1986,1986,2,17,,-21.4,,-41.8,,-31.6,,49.6,,0,,0,,0,T,0,T,37,,8,,39,E
2/18/1986,1986,2,18,,-22.1,,-39,,-30.6,,48.6,,0,,0,,0,T,0,T,37,,8,,46,E
2/19/1986,1986,2,19,,-22.9,,-42.4,,-32.7,,50.7,,0,,0,,0,,0,,37,,,,<31,
2/20/1986,1986,2,20,,-21.2,,-44.3,,-32.8,,50.8,,0,,0,,0,,0,,37,,,,<31,
2/21/1986,1986,2,21,,-19,,-38.4,,-28.7,,46.7,,0,,0,,0,,0,,37,,,,<31,
2/22/1986,1986,2,22,,-15,,-34.7,,-24.9,,42.9,,0,,0,,0.2,,0.2,,37,,,,<31,
2/23/1986,1986,2,23,,-21.2,,-40.7,,-31,,49,,0,,0,,1.8,,1.6,,37,,,,<31,
2/24/1986,1986,2,24,,-13,,-22.3,,-17.7,,35.7,,0,,0,,6.5,,6.5,,39,,,,<31,
2/25/1986,1986,2,25,,5.7,,-17.6,,-6,,24,,0,,0,,0,,0,,44,,,,<31,
2/26/1986,1986,2,26,,8.8,,-7.9,,0.5,,17.5,,0,,0,,0,,0,,43,,18,,37,
2/27/1986,1986,2,27,,9.4,,-1.3,,4.1,,13.9,,0,,0,,0,,0,,40,,12,,37,E
2/28/1986,1986,2,28,,7.3,,-5.1,,1.1,,16.9,,0,,0,,0,,0,,35,,28,,63,E
3/1/1986,1986,3,1,,-1.3,,-12.6,,-7,,25,,0,,0,,1.2,,0.2,,34,,,,<31,
3/2/1986,1986,3,2,,1.2,,-14.8,,-6.8,,24.8,,0,,0,,0,T,0,T,33,,,,<31,
3/3/1986,1986,3,3,,-2.5,,-15.7,,-9.1,,27.1,,0,,0,,1,,0.6,,31,,12,,46,E
3/4/1986,1986,3,4,,-0.7,,-19.5,,-10.1,,28.1,,0,,0,,0,T,0,T,34,,28,,67,E
3/5/1986,1986,3,5,,-7.9,,-22.7,,-15.3,,33.3,,0,,0,,0,,0,,34,,,,<31,
3/6/1986,1986,3,6,,-16.1,,-19.9,,-18,,36,,0,,0,,8.6,,5.6,,34,,,,<31,
3/7/1986,1986,3,7,,-15,,-18.5,,-16.8,,34.8,,0,,0,,14.8,,9.4,,47,,9,,50,E
3/8/1986,1986,3,8,,-12.5,,-19.2,,-15.9,,33.9,,0,,0,,2,,1.8,,49,,,,<31,
3/9/1986,1986,3,9,,-5.8,,-14.8,,-10.3,,28.3,,0,,0,,1.4,,1.2,,45,,,,<31,
3/10/1986,1986,3,10,,-2.5,,-17.5,,-10,,28,,0,,0,,0,,0,,45,,,,<31,
3/11/1986,1986,3,11,,-3.7,,-23.2,,-13.5,,31.5,,0,,0,,0,T,0,T,42,,,,<31,
3/12/1986,1986,3,12,,1,,-16.9,,-8,,26,,0,,0,,0,T,0,T,42,,,,<31,
3/13/1986,1986,3,13,,2.8,,-13.2,,-5.2,,23.2,,0,,0,,0,T,0,T,40,,,,<31,
3/14/1986,1986,3,14,,2.6,,-19.6,,-8.5,,26.5,,0,,0,,0,,0,,39,,,,<31,
3/15/1986,1986,3,15,,4,,-18.9,,-7.5,,25.5,,0,,0,,0,,0,,38,,,,<31,
3/16/1986,1986,3,16,,6.6,,-13.4,,-3.4,,21.4,,0,,0,,0,,0,,36,,,,<31,
3/17/1986,1986,3,17,,-2.1,,-10.6,,-6.4,,24.4,,0,,0,,0,T,0,T,33,,,,<31,
3/18/1986,1986,3,18,,-3.5,,-10,,-6.8,,24.8,,0,,0,,2.1,,1.6,,33,,,,<31,
3/19/1986,1986,3,19,,-3.6,,-20.9,,-12.3,,30.3,,0,,0,,2.8,,2.4,,34,,,,<31,
3/20/1986,1986,3,20,,1,,-5.9,,-2.5,,20.5,,0,,0,,3,,2.6,,40,,,,<31,
3/21/1986,1986,3,21,,-3.2,,-10.8,,-7,,25,,0,,0,,6.6,,4.7,,41,,,,<31,
3/22/1986,1986,3,22,,-2,,-18.5,,-10.3,,28.3,,0,,0,,0,,0,,46,,,,<31,
3/23/1986,1986,3,23,,-4.9,,-20.2,,-12.6,,30.6,,0,,0,,0,T,0,T,44,,,,<31,
3/24/1986,1986,3,24,,-1.2,,-28.9,,-15.1,,33.1,,0,,0,,0,,0,,42,,,,<31,
3/25/1986,1986,3,25,,6.3,,-23,,-8.4,,26.4,,0,,0,,0,,0,,42,,,,<31,
3/26/1986,1986,3,26,,5.7,,-9.3,,-1.8,,19.8,,0,,0,,0,T,0,T,41,,,,<31,
3/27/1986,1986,3,27,,4.5,,-7,,-1.3,,19.3,,0,,0,,0,,0,,40,,25,,61,
3/28/1986,1986,3,28,,6,,-4.2,,0.9,,17.1,,0,,0,,0,,0,,38,,,,<31,
3/29/1986,1986,3,29,,3.5,,-3,,0.3,,17.7,,0,,0,,0,,0,,35,,24,,46,E
3/30/1986,1986,3,30,,0.5,,-6.2,,-2.9,,20.9,,0,,0,,0,T,0,T,35,,24,,54,E
3/31/1986,1986,3,31,,-2,,-16.5,,-9.3,,27.3,,0,,0,,0,,0,,35,,29,,43,E
4/1/1986,1986,4,1,,-2.5,,-26.3,,-14.4,,32.4,,0,,0,,0,,0,,35,,,,<31,
4/2/1986,1986,4,2,,-2.5,,-27.5,,-15,,33,,0,,0,,0.8,,0.6,,35,,,,<31,
4/3/1986,1986,4,3,,7.4,,-10.5,,-1.6,,19.6,,0,,0,T,0,T,0,T,36,,,,<31,
4/4/1986,1986,4,4,,6.1,,-7.3,,-0.6,,18.6,,0,,0,,0,T,0,T,37,,24,,54,E
4/5/1986,1986,4,5,,6.5,,-1.5,,2.5,,15.5,,0,,0,,0,T,0,T,40,,23,,46,E
4/6/1986,1986,4,6,,3.5,,-3.9,,-0.2,,18.2,,0,,0,,0,,0,,40,,27,,59,E
4/7/1986,1986,4,7,,2.5,,-5.3,,-1.4,,19.4,,0,,0,,1.8,,1.8,,38,,11,,54,
4/8/1986,1986,4,8,,-0.4,,-10.3,,-5.4,,23.4,,0,,0,,0.8,,0.8,,37,,25,,46,
4/9/1986,1986,4,9,,-1.7,,-16.5,,-9.1,,27.1,,0,,0,,0.4,,0.4,,38,,11,,46,
4/10/1986,1986,4,10,,-8.7,,-23.8,,-16.3,,34.3,,0,,0,,0,,0,,38,,,,<31,
4/11/1986,1986,4,11,,-6.8,,-28,,-17.4,,35.4,,0,,0,,0,,0,,38,,,,<31,
4/12/1986,1986,4,12,,-7.2,,-22.4,,-14.8,,32.8,,0,,0,,0,,0,,38,,,,<31,
4/13/1986,1986,4,13,,-2.2,,-21.3,,-11.8,,29.8,,0,,0,,0,,0,,38,,,,<31,
4/14/1986,1986,4,14,,1.9,,-15.8,,-7,,25,,0,,0,,0,,0,,38,,,,<31,
4/15/1986,1986,4,15,,5.5,,-16.7,,-5.6,,23.6,,0,,0,,0,T,0,T,38,,,,<31,
4/16/1986,1986,4,16,,9,,-11.8,,-1.4,,19.4,,0,,0,,0,,0,,37,,,,<31,
4/17/1986,1986,4,17,,5.5,,-2.1,,1.7,,16.3,,0,,0,T,0,T,0,T,35,,,,<31,
4/18/1986,1986,4,18,,4.5,,-10.2,,-2.9,,20.9,,0,,0,,0,T,0,T,35,,,,<31,
4/19/1986,1986,4,19,,5.3,,-8.3,,-1.5,,19.5,,0,,0,,0.7,,0.7,,35,,,,<31,
4/20/1986,1986,4,20,,4.9,,0,,2.5,,15.5,,0,,0,T,0,T,0,T,32,,27,,74,E
4/21/1986,1986,4,21,,3.5,,-4,,-0.3,,18.3,,0,,0,,0,T,0,T,32,,26,,37,E
4/22/1986,1986,4,22,,3.9,,-9.9,,-3,,21,,0,,0,,0,T,0,T,30,,,,<31,
4/23/1986,1986,4,23,,2.4,,-7.6,,-2.6,,20.6,,0,,0,,0,,0,,30,,24,,39,E
4/24/1986,1986,4,24,,5.7,,-13,,-3.7,,21.7,,0,,0,,0,,0,,29,,,,<31,
4/25/1986,1986,4,25,,7.9,,-9,,-0.6,,18.6,,0,,0,,0,,0,,27,,,,<31,
4/26/1986,1986,4,26,,9.5,,-8,,0.8,,17.2,,0,,0,,0,,0,,25,,11,,41,E
4/27/1986,1986,4,27,,9,,2.1,,5.6,,12.4,,0,,0,T,0,,0,T,20,,,,<31,
4/28/1986,1986,4,28,,7.9,,0.9,,4.4,,13.6,,0,,0.4,,0,,0.4,,13,,7,,33,E
4/29/1986,1986,4,29,,8,,-0.4,,3.8,,14.2,,0,,0.4,,0,T,0.4,,7,,7,,37,E
4/30/1986,1986,4,30,,10.6,,-4.2,,3.2,,14.8,,0,,0,,0,,0,,6,,,,<31,
5/1/1986,1986,5,1,,10,,-0.5,,4.8,,13.2,,0,,0,,0,,0,,0,T,,,<31,
5/2/1986,1986,5,2,,9.8,,-3.2,,3.3,,14.7,,0,,0,,0,,0,,0,T,,,<31,
5/3/1986,1986,5,3,,11.8,,-5,,3.4,,14.6,,0,,0,,0,,0,,0,T,,,<31,
5/4/1986,1986,5,4,,11.8,,-3.9,,4,,14,,0,,0,,0,,0,,0,T,,,<31,
5/5/1986,1986,5,5,,12.5,,-3.5,,4.5,,13.5,,0,,0,,0,,0,,0,T,,,<31,
5/6/1986,1986,5,6,,10.9,,0.7,,5.8,,12.2,,0,,1.2,,0,,1.2,,0,T,,,<31,
5/7/1986,1986,5,7,,11.1,,-2.8,,4.2,,13.8,,0,,0.4,,0,,0.4,,0,T,27,,46,E
5/8/1986,1986,5,8,,11.7,,-3.2,,4.3,,13.7,,0,,0.2,,0,,0.2,,0,T,31,,41,E
5/9/1986,1986,5,9,,9.5,,-5.6,,2,,16,,0,,0,,0,T,0,T,0,T,,,<31,
5/10/1986,1986,5,10,,12.2,,-6.2,,3,,15,,0,,0,,0,,0,,0,,,,<31,
5/11/1986,1986,5,11,,8.4,,-2.6,,2.9,,15.1,,0,,2,,0,T,2,,0,,,,<31,
5/12/1986,1986,5,12,,9.2,,1.2,,5.2,,12.8,,0,,0.2,,0,T,0.2,,0,,9,,59,E
5/13/1986,1986,5,13,,7.2,,0.9,,4.1,,13.9,,0,,0,,0,,0,,0,,,,<31,
5/14/1986,1986,5,14,,9.9,,-1.8,,4.1,,13.9,,0,,0,,0,,0,,0,,,,<31,
5/15/1986,1986,5,15,,7,,1.2,,4.1,,13.9,,0,,2.4,,0,T,2.4,,0,,,,<31,
5/16/1986,1986,5,16,,9,,-2.8,,3.1,,14.9,,0,,0,T,0,,0,T,0,,,,<31,
5/17/1986,1986,5,17,,11,,-0.7,,5.2,,12.8,,0,,0.2,,0,T,0.2,,0,,27,,50,E
5/18/1986,1986,5,18,,12.3,,-2.1,,5.1,,12.9,,0,,0,T,0,,0,T,0,,,,<31,
5/19/1986,1986,5,19,,14.4,,0.9,,7.7,,10.3,,0,,0,T,0,,0,T,0,,23,,41,
5/20/1986,1986,5,20,,8,,-0.5,,3.8,,14.2,,0,,33.4,,0.8,,33.6,,0,,,,<31,
5/21/1986,1986,5,21,,11,,0.8,,5.9,,12.1,,0,,2.6,,0,,2.6,,0,,25,,37,
5/22/1986,1986,5,22,,12,,-3.3,,4.4,,13.6,,0,,0,,0,,0,,0,,28,,31,
5/23/1986,1986,5,23,,12,,-4.1,,4,,14,,0,,0,,0,,0,,0,,,,<31,
5/24/1986,1986,5,24,,13.6,,-0.8,,6.4,,11.6,,0,,0,,0,,0,,0,,,,<31,
5/25/1986,1986,5,25,,18.9,,6.4,,12.7,,5.3,,0,,1.4,,0,,1.4,,0,,12,,37,E
5/26/1986,1986,5,26,,16,,6.9,,11.5,,6.5,,0,,1.6,,0,,1.6,,0,,23,,46,E
5/27/1986,1986,5,27,,15,,5,,10,,8,,0,,0,T,0,,0,T,0,,23,,35,E
5/28/1986,1986,5,28,,17.6,,-1,,8.3,,9.7,,0,,0.2,,0,,0.2,,0,,,,<31,
5/29/1986,1986,5,29,,16.8,,4,,10.4,,7.6,,0,,0,T,0,,0,T,0,,,,<31,
5/30/1986,1986,5,30,,16.8,,5.2,,11,,7,,0,,1.4,,0,,1.4,,0,,28,,31,E
5/31/1986,1986,5,31,,17.9,,1,,9.5,,8.5,,0,,0,,0,,0,,0,,,,<31,
6/1/1986,1986,6,1,,13.3,,6.5,,9.9,,8.1,,0,,0.2,,0,,0.2,,0,,24,,63,E
6/2/1986,1986,6,2,,11.8,,-3,,4.4,,13.6,,0,,0,,0,,0,,0,,29,,37,E
6/3/1986,1986,6,3,,19,,0.7,,9.9,,8.1,,0,,0,,0,,0,,0,,,,<31,
6/4/1986,1986,6,4,,22.1,,0.2,,11.2,,6.8,,0,,0,,0,,0,,0,,,,<31,
6/5/1986,1986,6,5,,25.4,,2.5,,14,,4,,0,,0,,0,,0,,0,,,,<31,
6/6/1986,1986,6,6,,27.2,,11.5,,19.4,,0,,1.4,,0,,0,,0,,0,,,,<31,
6/7/1986,1986,6,7,,23.1,,5.1,,14.1,,3.9,,0,,0.4,,0,,0.4,,0,,20,,46,E
6/8/1986,1986,6,8,,16,,6.4,,11.2,,6.8,,0,,0,,0,,0,,0,,,,<31,
6/9/1986,1986,6,9,,13.8,,4.2,,9,,9,,0,,0,,0,,0,,0,,28,,65,E
6/10/1986,1986,6,10,,11.6,,3.5,,7.6,,10.4,,0,,0,T,0,,0,T,0,,30,,31,
6/11/1986,1986,6,11,,16.5,,-1.4,,7.6,,10.4,,0,,0,T,0,,0,T,0,,16,,46,E
6/12/1986,1986,6,12,,15.3,,5.4,,10.4,,7.6,,0,,0,T,0,,0,T,0,,,,<31,
6/13/1986,1986,6,13,,18.4,,2.6,,10.5,,7.5,,0,,0,,0,,0,,0,,,,<31,
6/14/1986,1986,6,14,,21.5,,8.2,,14.9,,3.1,,0,,0,,0,,0,,0,,8,,33,E
6/15/1986,1986,6,15,,21.2,,10,,15.6,,2.4,,0,,0,,0,,0,,0,,11,,54,
6/16/1986,1986,6,16,,21.7,,8.2,,15,,3,,0,,0,,0,,0,,0,,,,<31,
6/17/1986,1986,6,17,,23,,2.4,,12.7,,5.3,,0,,0,T,0,,0,T,0,,,,<31,
6/18/1986,1986,6,18,,21.3,,6.3,,13.8,,4.2,,0,,0,,0,,0,,0,,34,,46,E
6/19/1986,1986,6,19,,19.3,,4.2,,11.8,,6.2,,0,,1,,0,,1,,0,,29,,46,
6/20/1986,1986,6,20,,19.5,,9.2,,14.4,,3.6,,0,,0,T,0,,0,T,0,,28,,33,E
6/21/1986,1986,6,21,,19,,4,,11.5,,6.5,,0,,0,,0,,0,,0,,18,,37,E
6/22/1986,1986,6,22,,17,,4.4,,10.7,,7.3,,0,,5.4,,0,T,5.4,,0,,,,<31,
6/23/1986,1986,6,23,,16.4,,7.4,,11.9,,6.1,,0,,0,T,0,,0,T,0,,24,,41,E
6/24/1986,1986,6,24,,14,,2.3,,8.2,,9.8,,0,,0,T,0,,0,T,0,,30,,56,E
6/25/1986,1986,6,25,,19.8,,6,,12.9,,5.1,,0,,20.9,,0,,20.9,,0,,28,,35,E
6/26/1986,1986,6,26,,19.6,,5,,12.3,,5.7,,0,,1.8,,0,,1.8,,0,,5,,33,E
6/27/1986,1986,6,27,,24.1,,4,,14.1,,3.9,,0,,0,T,0,,0,T,0,,,,<31,
6/28/1986,1986,6,28,,23.9,,7.8,,15.9,,2.1,,0,,1.2,,0,,1.2,,0,,,,<31,
6/29/1986,1986,6,29,,25.6,,5.5,,15.6,,2.4,,0,,0,,0,,0,,0,,,,<31,
6/30/1986,1986,6,30,,27,,8.8,,17.9,,0.1,,0,,0,,0,,0,,0,,13,,37,
7/1/1986,1986,7,1,,22.3,,11.8,,17.1,,0.9,,0,,13.2,,0,,13.2,,0,,10,,37,
7/2/1986,1986,7,2,,12.6,,6.7,,9.7,,8.3,,0,,34.6,,0,,34.6,,0,,,,<31,
7/3/1986,1986,7,3,,15.7,,3.6,,9.7,,8.3,,0,,12.4,,0,,12.4,,0,,,,<31,
7/4/1986,1986,7,4,,20.3,,10,,15.2,,2.8,,0,,3.6,,0,,3.6,,0,,,,<31,
7/5/1986,1986,7,5,,19,,7.2,,13.1,,4.9,,0,,3.8,,0,,3.8,,0,,,,<31,
7/6/1986,1986,7,6,,22,,9.8,,15.9,,2.1,,0,,0,T,0,,0,T,0,,5,,33,E
7/7/1986,1986,7,7,,23.2,,11.1,,17.2,,0.8,,0,,0.8,,0,,0.8,,0,,,,<31,
7/8/1986,1986,7,8,,23.2,,8.9,,16.1,,1.9,,0,,0,,0,,0,,0,,,,<31,
7/9/1986,1986,7,9,,22.7,,11.2,,17,,1,,0,,3.2,,0,,3.2,,0,,5,,37,
7/10/1986,1986,7,10,,24.5,,8.5,,16.5,,1.5,,0,,8,,0,,8,,0,,,,<31,
7/11/1986,1986,7,11,,20.3,,10.8,,15.6,,2.4,,0,,18.2,,0,,18.2,,0,,7,,33,E
7/12/1986,1986,7,12,,17,,10.1,,13.6,,4.4,,0,,18.6,,0,,18.6,,0,,,,<31,
7/13/1986,1986,7,13,,19.3,,11.4,,15.4,,2.6,,0,,6.6,,0,,6.6,,0,,,,<31,
7/14/1986,1986,7,14,,25.6,,9,,17.3,,0.7,,0,,2.2,,0,,2.2,,0,,11,,56,E
7/15/1986,1986,7,15,,25.8,,12,,18.9,,0,,0.9,,1,,0,,1,,0,,,,<31,
7/16/1986,1986,7,16,,26.2,,11,,18.6,,0,,0.6,,0,,0,,0,,0,,,,<31,
7/17/1986,1986,7,17,,26,,11.2,,18.6,,0,,0.6,,0,,0,,0,,0,,,,<31,
7/18/1986,1986,7,18,,26.5,,11.7,,19.1,,0,,1.1,,0,,0,,0,,0,,,,<31,
7/19/1986,1986,7,19,,28.6,,12.5,,20.6,,0,,2.6,,0,,0,,0,,0,,25,,41,E
7/20/1986,1986,7,20,,27.5,,17.7,,22.6,,0,,4.6,,0,,0,,0,,0,,26,,37,E
7/21/1986,1986,7,21,,23,,11,,17,,1,,0,,0,T,0,,0,T,0,,32,,37,E
7/22/1986,1986,7,22,,19,,6.8,,12.9,,5.1,,0,,0,T,0,,0,T,0,,31,,41,E
7/23/1986,1986,7,23,,17.8,,8.4,,13.1,,4.9,,0,,0,T,0,,0,T,0,,25,,37,E
7/24/1986,1986,7,24,,17.8,,10.9,,14.4,,3.6,,0,,0,,0,,0,,0,,28,,44,E
7/25/1986,1986,7,25,,19.4,,8.7,,14.1,,3.9,,0,,0.5,,0,,0.5,,0,,,,<31,
7/26/1986,1986,7,26,,19.7,,4,,11.9,,6.1,,0,,0.8,,0,,0.8,,0,,,,<31,
7/27/1986,1986,7,27,,12.7,,7.8,,10.3,,7.7,,0,,5,,0,,5,,0,,,,<31,
7/28/1986,1986,7,28,,15.8,,7.4,,11.6,,6.4,,0,,5,,0,,5,,0,,,,<31,
7/29/1986,1986,7,29,,21.2,,8.9,,15.1,,2.9,,0,,0,T,0,,0,T,0,,,,<31,
7/30/1986,1986,7,30,,24.6,,9.6,,17.1,,0.9,,0,,0,,0,,0,,0,,,,<31,
7/31/1986,1986,7,31,,23.2,,9.8,,16.5,,1.5,,0,,0,,0,,0,,0,,15,,37,E
8/1/1986,1986,8,1,,24.5,,5.7,,15.1,,2.9,,0,,0.8,,0,,0.8,,0,,,,<31,
8/2/1986,1986,8,2,,24.3,,8.2,,16.3,,1.7,,0,,0,,0,,0,,0,,24,,37,E
8/3/1986,1986,8,3,,22.9,,13.3,,18.1,,0,,0.1,,0.2,,0,,0.2,,0,,29,,37,E
8/4/1986,1986,8,4,,20.8,,6,,13.4,,4.6,,0,,0,,0,,0,,0,,25,,41,
8/5/1986,1986,8,5,,23.3,,4.5,,13.9,,4.1,,0,,0,,0,,0,,0,,25,,37,E
8/6/1986,1986,8,6,,19.6,,9.6,,14.6,,3.4,,0,,2.6,,0,,2.6,,0,,,,<31,
8/7/1986,1986,8,7,,18,,9.5,,13.8,,4.2,,0,,0,T,0,,0,T,0,,28,,37,E
8/8/1986,1986,8,8,,22.4,,2.6,,12.5,,5.5,,0,,0,,0,,0,,0,,,,<31,
8/9/1986,1986,8,9,,27.4,,5.2,,16.3,,1.7,,0,,0,,0,,0,,0,,,M,,M
8/10/1986,1986,8,10,,26,,7,,16.5,,1.5,,0,,0,,0,,0,,0,,28,,43,E
8/11/1986,1986,8,11,,19,,10.7,,14.9,,3.1,,0,,0.6,,0,,0.6,,0,,,,<31,
8/12/1986,1986,8,12,,21.8,,11,,16.4,,1.6,,0,,0,T,0,,0,T,0,,,M,,M
8/13/1986,1986,8,13,,18.7,,9,,13.9,,4.1,,0,,0.8,,0,,0.8,,0,,27,,98,
8/14/1986,1986,8,14,,11.6,,7.8,,9.7,,8.3,,0,,0.4,,0,,0.4,,0,,29,,65,E
8/15/1986,1986,8,15,,10.6,,6.4,,8.5,,9.5,,0,,6.8,,0,,6.8,,0,,,,<31,
8/16/1986,1986,8,16,,13.1,,2.6,,7.9,,10.1,,0,,2.6,,0,,2.6,,0,,,,<31,
8/17/1986,1986,8,17,,10.4,,5,,7.7,,10.3,,0,,5.4,,0,,5.4,,0,,,,<31,
8/18/1986,1986,8,18,,13.4,,5.6,,9.5,,8.5,,0,,0.8,,0,,0.8,,0,,,,<31,
8/19/1986,1986,8,19,,15.3,,0.7,,8,,10,,0,,0,T,0,,0,T,0,,25,,37,E
8/20/1986,1986,8,20,,16.5,,4.5,,10.5,,7.5,,0,,0.2,,0,,0.2,,0,,15,,41,E
8/21/1986,1986,8,21,,20,,-1.4,,9.3,,8.7,,0,,0,,0,,0,,0,,,,<31,
8/22/1986,1986,8,22,,19,,0.2,,9.6,,8.4,,0,,1.2,,0,,1.2,,0,,31,,56,E
8/23/1986,1986,8,23,,7.4,,1,,4.2,,13.8,,0,,5,,0,T,5,,0,,,,<31,
8/24/1986,1986,8,24,,10.8,,-1.4,,4.7,,13.3,,0,,0,,0,,0,,0,,,,<31,
8/25/1986,1986,8,25,,15.5,,0.7,,8.1,,9.9,,0,,0,,0,,0,,0,,,,<31,
8/26/1986,1986,8,26,,22.6,,4.2,,13.4,,4.6,,0,,0,,0,,0,,0,,,,<31,
8/27/1986,1986,8,27,,24.7,,4,,14.4,,3.6,,0,,0,T,0,,0,T,0,,,,<31,
8/28/1986,1986,8,28,,19.3,,7,,13.2,,4.8,,0,,3,,0,,3,,0,,27,,56,E
8/29/1986,1986,8,29,,15.8,,7.3,,11.6,,6.4,,0,,6.2,,0,,6.2,,0,,33,,65,E
8/30/1986,1986,8,30,,17.1,,-0.3,,8.4,,9.6,,0,,0,,0,,0,,0,,,,<31,
8/31/1986,1986,8,31,,15.2,,7.8,,11.5,,6.5,,0,,3.8,,0,,3.8,,0,,,,<31,
9/1/1986,1986,9,1,,15.3,,8,,11.7,,6.3,,0,,3.6,,0,,3.6,,0,,,,<31,
9/2/1986,1986,9,2,,15.7,,5.5,,10.6,,7.4,,0,,0.2,,0,,0.2,,0,,,,<31,
9/3/1986,1986,9,3,,16,,4.4,,10.2,,7.8,,0,,0,T,0,,0,T,0,,,,<31,
9/4/1986,1986,9,4,,16.8,,1.1,,9,,9,,0,,0,,0,,0,,0,,,,<31,
9/5/1986,1986,9,5,,18.4,,-0.2,,9.1,,8.9,,0,,0,,0,,0,,0,,,,<31,
9/6/1986,1986,9,6,,20.2,,-0.6,,9.8,,8.2,,0,,0,,0,,0,,0,,,,<31,
9/7/1986,1986,9,7,,19.7,,-0.5,,9.6,,8.4,,0,,0,,0,,0,,0,,,,<31,
9/8/1986,1986,9,8,,20.5,,-0.5,,10,,8,,0,,0,,0,,0,,0,,,,<31,
9/9/1986,1986,9,9,,12.5,,7.3,,9.9,,8.1,,0,,7,,0,,7,,0,,,,<31,
9/10/1986,1986,9,10,,14,,7.1,,10.6,,7.4,,0,,9.2,,0,,9.2,,0,,8,,46,E
9/11/1986,1986,9,11,,12.1,,0.1,,6.1,,11.9,,0,,0,T,0,,0,T,0,,9,,37,E
9/12/1986,1986,9,12,,14.3,,-1.5,,6.4,,11.6,,0,,0,,0,,0,,0,,,,<31,
9/13/1986,1986,9,13,,14.9,,0.6,,7.8,,10.2,,0,,0,,0,,0,,0,,,,<31,
9/14/1986,1986,9,14,,11.7,,4,,7.9,,10.1,,0,,0.8,,0,,0.8,,0,,,,<31,
9/15/1986,1986,9,15,,12,,1.1,,6.6,,11.4,,0,,0,,0,,0,,0,,,,<31,
9/16/1986,1986,9,16,,13.1,,-2.2,,5.5,,12.5,,0,,0,,0,,0,,0,,,,<31,
9/17/1986,1986,9,17,,14.1,,-3.5,,5.3,,12.7,,0,,0,,0,,0,,0,,,,<31,
9/18/1986,1986,9,18,,16.1,,-0.8,,7.7,,10.3,,0,,0,,0,,0,,0,,,,<31,
9/19/1986,1986,9,19,,16.5,,0.8,,8.7,,9.3,,0,,0,,0,,0,,0,,,,<31,
9/20/1986,1986,9,20,,15.6,,0.9,,8.3,,9.7,,0,,0,,0,,0,,0,,,,<31,
9/21/1986,1986,9,21,,16.4,,-0.2,,8.1,,9.9,,0,,0,T,0,,0,T,0,,36,,39,E
9/22/1986,1986,9,22,,12.6,,0.3,,6.5,,11.5,,0,,1.2,,0,,1.2,,0,,10,,31,
9/23/1986,1986,9,23,,8.2,,4.2,,6.2,,11.8,,0,,4.8,,0,,4.8,,0,,10,,52,
9/24/1986,1986,9,24,,5.3,,2.9,,4.1,,13.9,,0,,5,,0,,5,,0,,,,<31,
9/25/1986,1986,9,25,,6.3,,3.3,,4.8,,13.2,,0,,1.6,,0,,1.6,,0,,10,,37,E
9/26/1986,1986,9,26,,3.6,,0.8,,2.2,,15.8,,0,,5.4,,0,T,5.4,,0,,,,<31,
9/27/1986,1986,9,27,,5,,0.9,,3,,15,,0,,0.2,,0,T,0.2,,0,,,,<31,
9/28/1986,1986,9,28,,6,,0.9,,3.5,,14.5,,0,,0,,0,,0,,0,,,,<31,
9/29/1986,1986,9,29,,8.9,,1.4,,5.2,,12.8,,0,,0,T,0,,0,T,0,,,,<31,
9/30/1986,1986,9,30,,10.7,,1.5,,6.1,,11.9,,0,,0,,0,,0,,0,,,,<31,
10/1/1986,1986,10,1,,10.6,,-1.4,,4.6,,13.4,,0,,0,,0,,0,,0,,,,<31,
10/2/1986,1986,10,2,,8,,3.1,,5.6,,12.4,,0,,11.4,,0,,11.4,,0,,,,<31,
10/3/1986,1986,10,3,,9.1,,5,,7.1,,10.9,,0,,9.8,,0,,9.8,,0,,,,<31,
10/4/1986,1986,10,4,,11.8,,2.2,,7,,11,,0,,1.4,,0,,1.4,,0,,,,<31,
10/5/1986,1986,10,5,,12.5,,6.4,,9.5,,8.5,,0,,1.6,,0,,1.6,,0,,,,<31,
10/6/1986,1986,10,6,,6.5,,1.2,,3.9,,14.1,,0,,9.9,,0,T,9.9,,0,,10,,31,E
10/7/1986,1986,10,7,,2.3,,-1,,0.7,,17.3,,0,,0,T,0,T,0,T,0,,,,<31,
10/8/1986,1986,10,8,,7.5,,0,,3.8,,14.2,,0,,3.4,,0,,3.4,,0,,,,<31,
10/9/1986,1986,10,9,,10.6,,-0.4,,5.1,,12.9,,0,,0.4,,0,,0.4,,0,,,,<31,
10/10/1986,1986,10,10,,12.7,,-2.5,,5.1,,12.9,,0,,0,,0,,0,,0,,24,,35,E
10/11/1986,1986,10,11,,14.7,,-2.5,,6.1,,11.9,,0,,0,,0,,0,,0,,,,<31,
10/12/1986,1986,10,12,,14.2,,1,,7.6,,10.4,,0,,0,,0,,0,,0,,24,,56,E
10/13/1986,1986,10,13,,13.6,,-1.5,,6.1,,11.9,,0,,0,,0,,0,,0,,,,<31,
10/14/1986,1986,10,14,,16.4,,7.3,,11.9,,6.1,,0,,0,T,0,,0,T,0,,25,,37,E
10/15/1986,1986,10,15,,14,,4.2,,9.1,,8.9,,0,,0.5,,0,,0.5,,0,,,,<31,
10/16/1986,1986,10,16,,10.6,,4.4,,7.5,,10.5,,0,,0,T,0,,0,T,0,,,,<31,
10/17/1986,1986,10,17,,6.2,,3.9,,5.1,,12.9,,0,,2.6,,0,,2.6,,0,,,,<31,
10/18/1986,1986,10,18,,4.4,,1.2,,2.8,,15.2,,0,,1.6,,0,,1.6,,0,,,,<31,
10/19/1986,1986,10,19,,5,,0.5,,2.8,,15.2,,0,,0.7,,0,,0.7,,0,,,,<31,
10/20/1986,1986,10,20,,9.8,,-1.2,,4.3,,13.7,,0,,0,,0,,0,,0,,,,<31,
10/21/1986,1986,10,21,,9.9,,-1.6,,4.2,,13.8,,0,,1,,0,,1,,0,,,,<31,
10/22/1986,1986,10,22,,11.5,,2,,6.8,,11.2,,0,,2.2,,0,,2.2,,0,,,,<31,
10/23/1986,1986,10,23,,9.8,,-1.2,,4.3,,13.7,,0,,0.2,,0,,0.2,,0,,,,<31,
10/24/1986,1986,10,24,,8.8,,0.9,,4.9,,13.1,,0,,1.8,,0,,1.8,,0,,,,<31,
10/25/1986,1986,10,25,,3.4,,-0.2,,1.6,,16.4,,0,,1.4,,0,,1.4,,0,,,,<31,
10/26/1986,1986,10,26,,6,,-3.9,,1.1,,16.9,,0,,0.2,,0,T,0.2,,0,,,,<31,
10/27/1986,1986,10,27,,-0.1,,-8.6,,-4.4,,22.4,,0,,0,,0.8,,0.2,,2,,11,,43,E
10/28/1986,1986,10,28,,-7.5,,-15,,-11.3,,29.3,,0,,0,,0,T,0,T,0,T,,,<31,
10/29/1986,1986,10,29,,-9.3,,-20.3,,-14.8,,32.8,,0,,0,,0,,0,,0,T,,,<31,
10/30/1986,1986,10,30,,-9.1,,-19.4,,-14.3,,32.3,,0,,0,,0,T,0,T,0,T,,,<31,
10/31/1986,1986,10,31,,-8.2,,-21.3,,-14.8,,32.8,,0,,0,,0,T,0,T,0,T,,,<31,
11/1/1986,1986,11,1,,-8.9,,-17.6,,-13.3,,31.3,,0,,0,,6,,5.8,,0,T,,,<31,
11/2/1986,1986,11,2,,-1.5,,-9.3,,-5.4,,23.4,,0,,0,,2,,1.6,,8,,,,<31,
11/3/1986,1986,11,3,,5.8,,-5.1,,0.4,,17.6,,0,,0,T,0,,0,T,6,,,,<31,
11/4/1986,1986,11,4,,6.6,,-3.5,,1.6,,16.4,,0,,0,,0,,0,,5,,,,<31,
11/5/1986,1986,11,5,,5,,-8.3,,-1.7,,19.7,,0,,0,,0.2,,0,T,5,,,,<31,
11/6/1986,1986,11,6,,0.1,,-20,,-10,,28,,0,,0,,0.6,,0.4,,5,,,,<31,
11/7/1986,1986,11,7,,-17,,-28.2,,-22.6,,40.6,,0,,0,,0,,0,,5,,,,<31,
11/8/1986,1986,11,8,,-20.3,,-28,,-24.2,,42.2,,0,,0,,0.4,,0,T,5,,,,<31,
11/9/1986,1986,11,9,,-22.8,,-31.4,,-27.1,,45.1,,0,,0,,0,T,0,T,5,,,,<31,
11/10/1986,1986,11,10,,-16.4,,-23.2,,-19.8,,37.8,,0,,0,,10.4,,6.6,,7,,,,<31,
11/11/1986,1986,11,11,,-17.5,,-36,,-26.8,,44.8,,0,,0,,0,T,0,T,14,,,,<31,
11/12/1986,1986,11,12,,-16.3,,-35.1,,-25.7,,43.7,,0,,0,,3,,2.8,,14,,,,<31,
11/13/1986,1986,11,13,,-16,,-32,,-24,,42,,0,,0,,0,,0,,16,,,,<31,
11/14/1986,1986,11,14,,-19.8,,-37.4,,-28.6,,46.6,,0,,0,,4.8,,3.6,,16,,,,<31,
11/15/1986,1986,11,15,,-13,,-22.3,,-17.7,,35.7,,0,,0,,0.2,,0.2,,21,,,,<31,
11/16/1986,1986,11,16,,-10.3,,-28,,-19.2,,37.2,,0,,0,,3.4,,1.8,,21,,,,<31,
11/17/1986,1986,11,17,,-22.6,,-38.6,,-30.6,,48.6,,0,,0,,0,T,0,T,20,,,,<31,
11/18/1986,1986,11,18,,-24.5,,-37.3,,-30.9,,48.9,,0,,0,,0,T,0,T,20,,,,<31,
11/19/1986,1986,11,19,,-20.6,,-30.8,,-25.7,,43.7,,0,,0,,1.8,,1.6,,19,,,,<31,
11/20/1986,1986,11,20,,-20.5,,-28,,-24.3,,42.3,,0,,0,,1.1,,0.6,,19,,,,<31,
11/21/1986,1986,11,21,,-20.2,,-26.5,,-23.4,,41.4,,0,,0,,0.2,,0.2,,20,,,,<31,
11/22/1986,1986,11,22,,-20.3,,-27.1,,-23.7,,41.7,,0,,0,,0,T,0,T,20,,,,<31,
11/23/1986,1986,11,23,,-15.1,,-22.3,,-18.7,,36.7,,0,,0,,6.4,,4.2,,22,,,,<31,
11/24/1986,1986,11,24,,-14.8,,-23,,-18.9,,36.9,,0,,0,,2.2,,1.2,,26,,,,<31,
11/25/1986,1986,11,25,,-1.8,,-17.5,,-9.7,,27.7,,0,,0,,0,T,0,T,26,,,,<31,
11/26/1986,1986,11,26,,-15.7,,-25.5,,-20.6,,38.6,,0,,0,,0,,0,,26,,,,<31,
11/27/1986,1986,11,27,,-14.8,,-24.4,,-19.6,,37.6,,0,,0,,0,T,0,T,26,,,,<31,
11/28/1986,1986,11,28,,-6.3,,-25.8,,-16.1,,34.1,,0,,0,,0,T,0,T,26,,,,<31,
11/29/1986,1986,11,29,,-2.6,,-15.7,,-9.2,,27.2,,0,,0,,0,,0,,24,,,,<31,
11/30/1986,1986,11,30,,-2.8,,-17.7,,-10.3,,28.3,,0,,0,,0,,0,,22,,,,<31,
12/1/1986,1986,12,1,,-9.6,,-22.9,,-16.3,,34.3,,0,,0,,0,,0,,22,,,,<31,
12/2/1986,1986,12,2,,-13,,-21.1,,-17.1,,35.1,,0,,0,,0,,0,,22,,,,<31,
12/3/1986,1986,12,3,,-14.9,,-26.1,,-20.5,,38.5,,0,,0,,0,,0,,22,,,,<31,
12/4/1986,1986,12,4,,-19,,-24,,-21.5,,39.5,,0,,0,,0,,0,,21,,,,<31,
12/5/1986,1986,12,5,,-17.3,,-21.2,,-19.3,,37.3,,0,,0,,4.6,,2.6,,21,,,,<31,
12/6/1986,1986,12,6,,-12.6,,-17.7,,-15.2,,33.2,,0,,0,,1.2,,0.4,,25,,,,<31,
12/7/1986,1986,12,7,,-5.1,,-23.8,,-14.5,,32.5,,0,,0,,0,T,0,T,25,,,,<31,
12/8/1986,1986,12,8,,-13.2,,-26,,-19.6,,37.6,,0,,0,,2.6,,1.6,,25,,,,<31,
12/9/1986,1986,12,9,,3.9,,-18.7,,-7.4,,25.4,,0,,0,,0,,0,,27,,27,,33,E
12/10/1986,1986,12,10,,-3.2,,-16.3,,-9.8,,27.8,,0,,0,,0,,0,,26,,,,<31,
12/11/1986,1986,12,11,,-13.2,,-19.6,,-16.4,,34.4,,0,,0,,0,,0,,26,,,,<31,
12/12/1986,1986,12,12,,-14,,-20.8,,-17.4,,35.4,,0,,0,,0,,0,,25,,,,<31,
12/13/1986,1986,12,13,,-13,,-21.3,,-17.2,,35.2,,0,,0,,0,,0,,25,,,,<31,
12/14/1986,1986,12,14,,-17.6,,-23.6,,-20.6,,38.6,,0,,0,,0,,0,,25,,,,<31,
12/15/1986,1986,12,15,,-7.1,,-20.6,,-13.9,,31.9,,0,,0,,0,,0,,25,,,,<31,
12/16/1986,1986,12,16,,-2,,-18.5,,-10.3,,28.3,,0,,0,,0,,0,,25,,,,<31,
12/17/1986,1986,12,17,,-2,,-20.7,,-11.4,,29.4,,0,,0,,0,,0,,25,,,,<31,
12/18/1986,1986,12,18,,-17.3,,-24,,-20.7,,38.7,,0,,0,,0,,0,,25,,,,<31,
12/19/1986,1986,12,19,,-15.7,,-19.7,,-17.7,,35.7,,0,,0,,0,T,0,T,25,,,,<31,
12/20/1986,1986,12,20,,-13.6,,-17.3,,-15.5,,33.5,,0,,0,,1.8,,1.3,,25,,,,<31,
12/21/1986,1986,12,21,,-13.5,,-25.7,,-19.6,,37.6,,0,,0,,0,,0,,24,,,,<31,
12/22/1986,1986,12,22,,-15.8,,-27,,-21.4,,39.4,,0,,0,,0.8,,0.2,,24,,,,<31,
12/23/1986,1986,12,23,,-13,,-22.8,,-17.9,,35.9,,0,,0,,1.4,,1,,26,,,,<31,
12/24/1986,1986,12,24,,-12.8,,-20.8,,-16.8,,34.8,,0,,0,,4.4,,3.8,,30,,,,<31,
12/25/1986,1986,12,25,,-13,,-20,,-16.5,,34.5,,0,,0,,0.6,,0.2,,30,,,,<31,
12/26/1986,1986,12,26,,-13.1,,-17.8,,-15.5,,33.5,,0,,0,,0,,0,,30,,,,<31,
12/27/1986,1986,12,27,,-11.4,,-25.5,,-18.5,,36.5,,0,,0,,0,,0,,30,,,,<31,
12/28/1986,1986,12,28,,-9,,-25.7,,-17.4,,35.4,,0,,0,,6,,5.2,,30,,,,<31,
12/29/1986,1986,12,29,,-8.2,,-18.4,,-13.3,,31.3,,0,,0,,0,,0,,35,,,,<31,
12/30/1986,1986,12,30,,1.2,,-14,,-6.4,,24.4,,0,,0,,0,,0,,35,,,,<31,
12/31/1986,1986,12,31,,-3.3,,-14.3,,-8.8,,26.8,,0,,0,,0,,0,,34,,12,,37,E
1/1/1987,1987,1,1,,-14.2,,-25.8,,-20,,38,,0,,0,,0.4,,0.2,,34,,,,<31,
1/2/1987,1987,1,2,,-23.2,,-28.9,,-26.1,,44.1,,0,,0,,0,,0,,34,,,,<31,
1/3/1987,1987,1,3,,-19.5,,-30.5,,-25,,43,,0,,0,,0,,0,,34,,,,<31,
1/4/1987,1987,1,4,,-24.1,,-30.5,,-27.3,,45.3,,0,,0,,0,,0,,34,,,,<31,
1/5/1987,1987,1,5,,-16.1,,-26.5,,-21.3,,39.3,,0,,0,,0,,0,,34,,,,<31,
1/6/1987,1987,1,6,,-7,,-18.2,,-12.6,,30.6,,0,,0,,0,,0,,34,,,,<31,
1/7/1987,1987,1,7,,1.9,,-12.9,,-5.5,,23.5,,0,,0,,0,,0,,34,,,,<31,
1/8/1987,1987,1,8,,-0.7,,-8.6,,-4.7,,22.7,,0,,0,,0,,0,,34,,,,<31,
1/9/1987,1987,1,9,,4.1,,-5.5,,-0.7,,18.7,,0,,0,,0,,0,,34,,16,,41,E
1/10/1987,1987,1,10,,1.9,,-20.2,,-9.2,,27.2,,0,,0,,0,,0,,32,,12,,37,E
1/11/1987,1987,1,11,,-13.3,,-21.2,,-17.3,,35.3,,0,,0,,0,,0,,31,,,,<31,
1/12/1987,1987,1,12,,-15.6,,-21,,-18.3,,36.3,,0,,0,,0,,0,,31,,,,<31,
1/13/1987,1987,1,13,,-18.5,,-36,,-27.3,,45.3,,0,,0,,0,,0,,31,,,,<31,
1/14/1987,1987,1,14,,-24.8,,-37,,-30.9,,48.9,,0,,0,,0.8,,0.8,,30,,,,<31,
1/15/1987,1987,1,15,,-22.7,,-30.3,,-26.5,,44.5,,0,,0,,0.8,,0.6,,32,,,,<31,
1/16/1987,1987,1,16,,-15.6,,-27,,-21.3,,39.3,,0,,0,,6.4,,4.8,,33,,,,<31,
1/17/1987,1987,1,17,,-8.8,,-16.1,,-12.5,,30.5,,0,,0,,9.6,,7.2,,41,,,,<31,
1/18/1987,1987,1,18,,-13,,-25,,-19,,37,,0,,0,,0,,0,,48,,,,<31,
1/19/1987,1987,1,19,,-9.7,,-25.3,,-17.5,,35.5,,0,,0,,1,,0.8,,48,,,,<31,
1/20/1987,1987,1,20,,-11.7,,-23,,-17.4,,35.4,,0,,0,,0,,0,,47,,,,<31,
1/21/1987,1987,1,21,,-13.3,,-24.2,,-18.8,,36.8,,0,,0,,0,,0,,47,,,,<31,
1/22/1987,1987,1,22,,-17.5,,-25.2,,-21.4,,39.4,,0,,0,,0,,0,,45,,,,<31,
1/23/1987,1987,1,23,,-15.8,,-27.1,,-21.5,,39.5,,0,,0,,0,,0,,44,,,,<31,
1/24/1987,1987,1,24,,-13,,-23.1,,-18.1,,36.1,,0,,0,,0.4,,0.2,,44,,,,<31,
1/25/1987,1987,1,25,,-13.6,,-20,,-16.8,,34.8,,0,,0,,0,T,0,T,40,,,,<31,
1/26/1987,1987,1,26,,-11.3,,-25.6,,-18.5,,36.5,,0,,0,,1.2,,0.6,,40,,,,<31,
1/27/1987,1987,1,27,,-10.1,,-16.2,,-13.2,,31.2,,0,,0,,1.6,,0.8,,41,,,,<31,
1/28/1987,1987,1,28,,-10.9,,-20.8,,-15.9,,33.9,,0,,0,,4.1,,0.8,,43,,,,<31,
1/29/1987,1987,1,29,,-16.4,,-33.2,,-24.8,,42.8,,0,,0,,0,T,0,T,43,,,,<31,
1/30/1987,1987,1,30,,-17.9,,-29,,-23.5,,41.5,,0,,0,,1,,0.6,,43,,,,<31,
1/31/1987,1987,1,31,,-18,,-29.9,,-24,,42,,0,,0,,3.8,,3,,41,,,,<31,
2/1/1987,1987,2,1,,-20.1,,-33.3,,-26.7,,44.7,,0,,0,,0,,0,,45,,,,<31,
2/2/1987,1987,2,2,,-18.4,,-34.5,,-26.5,,44.5,,0,,0,,0.2,,0,T,45,,,,<31,
2/3/1987,1987,2,3,,-14.4,,-25.8,,-20.1,,38.1,,0,,0,,0,T,0,T,44,,,,<31,
2/4/1987,1987,2,4,,-11.1,,-23,,-17.1,,35.1,,0,,0,,0.4,,0.2,,44,,,,<31,
2/5/1987,1987,2,5,,-11,,-22.1,,-16.6,,34.6,,0,,0,,0.9,,0.3,,44,,,,<31,
2/6/1987,1987,2,6,,-8,,-18.2,,-13.1,,31.1,,0,,0,,0,,0,,45,,,,<31,
2/7/1987,1987,2,7,,-12.6,,-22.3,,-17.5,,35.5,,0,,0,,0,,0,,44,,,,<31,
2/8/1987,1987,2,8,,-7.4,,-16.8,,-12.1,,30.1,,0,,0,,3.2,,2.7,,44,,,,<31,
2/9/1987,1987,2,9,,-4.1,,-8.2,,-6.2,,24.2,,0,,0,,3.2,,2.1,,45,,,,<31,
2/10/1987,1987,2,10,,-2.1,,-8,,-5.1,,23.1,,0,,0,,5.4,,2.8,,47,,,,<31,
2/11/1987,1987,2,11,,-5.5,,-15.5,,-10.5,,28.5,,0,,0,,1,,0.8,,50,,,,<31,
2/12/1987,1987,2,12,,-14.9,,-21.7,,-18.3,,36.3,,0,,0,,2.2,,2,,51,,,,<31,
2/13/1987,1987,2,13,,-12.6,,-19.2,,-15.9,,33.9,,0,,0,,1.4,,1.4,,53,,,,<31,
2/14/1987,1987,2,14,,-9.1,,-13.9,,-11.5,,29.5,,0,,0,,7.2,,2.9,,54,,,,<31,
2/15/1987,1987,2,15,,-13.1,,-28.9,,-21,,39,,0,,0,,0,,0,,59,,,,<31,
2/16/1987,1987,2,16,,-12.2,,-26.7,,-19.5,,37.5,,0,,0,,0,,0,,59,,,,<31,
2/17/1987,1987,2,17,,-9.9,,-24.8,,-17.4,,35.4,,0,,0,,2,,1.6,,58,,,,<31,
2/18/1987,1987,2,18,,-10.7,,-24.9,,-17.8,,35.8,,0,,0,,0,,0,,54,,,,<31,
2/19/1987,1987,2,19,,2.4,,-17,,-7.3,,25.3,,0,,0,,0,,0,,54,,24,,74,E
2/20/1987,1987,2,20,,-0.2,,-19,,-9.6,,27.6,,0,,0,,0,T,0,T,51,,,,<31,
2/21/1987,1987,2,21,,-0.6,,-13.5,,-7.1,,25.1,,0,,0,,0,T,0,T,49,,,,<31,
2/22/1987,1987,2,22,,0.9,,-11.5,,-5.3,,23.3,,0,,0,,2,,1,,51,,30,,43,E
2/23/1987,1987,2,23,,-5.8,,-25,,-15.4,,33.4,,0,,0,,0,,0,,49,,,,<31,
2/24/1987,1987,2,24,,-6.5,,-18,,-12.3,,30.3,,0,,0,,0,,0,,49,,,,<31,
2/25/1987,1987,2,25,,-1.1,,-9.8,,-5.5,,23.5,,0,,0,,2.4,,1.4,,49,,11,,59,E
2/26/1987,1987,2,26,,-3.5,,-10.1,,-6.8,,24.8,,0,,0,,1.8,,1.2,,50,,15,,46,E
2/27/1987,1987,2,27,,-9.8,,-20.3,,-15.1,,33.1,,0,,0,,3.4,,2.4,,50,,,,<31,
2/28/1987,1987,2,28,,-13.7,,-31.3,,-22.5,,40.5,,0,,0,,0.4,,0,T,51,,,,<31,
3/1/1987,1987,3,1,,-15.2,,-31.9,,-23.6,,41.6,,0,,0,,0.4,,0.2,,51,,,,<31,
3/2/1987,1987,3,2,,-18,,-37.6,,-27.8,,45.8,,0,,0,,0.2,,0,T,51,,10,,33,E
3/3/1987,1987,3,3,,-21.2,,-42.9,,-32.1,,50.1,,0,,0,,0.2,,0,T,51,,,,<31,
3/4/1987,1987,3,4,,-21,,-38.4,,-29.7,,47.7,,0,,0,,1.4,,1,,51,,10,,44,E
3/5/1987,1987,3,5,,-23.1,,-36.6,,-29.9,,47.9,,0,,0,,13.4,,8.2,,56,,10,,52,E
3/6/1987,1987,3,6,,-19.7,,-43.4,,-31.6,,49.6,,0,,0,,0.2,,0,T,60,,,,<31,
3/7/1987,1987,3,7,,-16.4,,-40.4,,-28.4,,46.4,,0,,0,,0,T,0,T,60,,,,<31,
3/8/1987,1987,3,8,,-12.1,,-35.2,,-23.7,,41.7,,0,,0,,0,,0,,60,,,,<31,
3/9/1987,1987,3,9,,-7.2,,-33.4,,-20.3,,38.3,,0,,0,,0,,0,,60,,,,<31,
3/10/1987,1987,3,10,,-7.2,,-35.2,,-21.2,,39.2,,0,,0,,0,,0,,60,,,,<31,
3/11/1987,1987,3,11,,-6.6,,-34.9,,-20.8,,38.8,,0,,0,,0,,0,,60,,,,<31,
3/12/1987,1987,3,12,,-6,,-32.3,,-19.2,,37.2,,0,,0,,0,,0,,60,,,,<31,
3/13/1987,1987,3,13,,-2.1,,-27.5,,-14.8,,32.8,,0,,0,,0,,0,,55,,,,<31,
3/14/1987,1987,3,14,,-1,,-26,,-13.5,,31.5,,0,,0,,0,,0,,55,,,,<31,
3/15/1987,1987,3,15,,-2.7,,-11.7,,-7.2,,25.2,,0,,0,,0,T,0,T,52,,,,<31,
3/16/1987,1987,3,16,,-0.9,,-10.2,,-5.6,,23.6,,0,,0,,0,T,0,T,50,,,,<31,
3/17/1987,1987,3,17,,0.3,,-14.1,,-6.9,,24.9,,0,,0,,0,T,0,T,50,,,,<31,
3/18/1987,1987,3,18,,-0.1,,-12.9,,-6.5,,24.5,,0,,0,,0.5,,0.2,,50,,,,<31,
3/19/1987,1987,3,19,,-0.6,,-14.5,,-7.6,,25.6,,0,,0,,0,T,0,T,47,,,,<31,
3/20/1987,1987,3,20,,-2.4,,-16.5,,-9.5,,27.5,,0,,0,,1.4,,0.2,,47,,,,<31,
3/21/1987,1987,3,21,,2.5,,-23.2,,-10.4,,28.4,,0,,0,,0,,0,,48,,,,<31,
3/22/1987,1987,3,22,,5.7,,-21.7,,-8,,26,,0,,0,,0,,0,,46,,,,<31,
3/23/1987,1987,3,23,,5,,-19.7,,-7.4,,25.4,,0,,0,,0,,0,,46,,,,<31,
3/24/1987,1987,3,24,,7.3,,-14,,-3.4,,21.4,,0,,0,,0,,0,,43,,,,<31,
3/25/1987,1987,3,25,,0.1,,-5.4,,-2.7,,20.7,,0,,0,,1,,0.6,,35,,,,<31,
3/26/1987,1987,3,26,,-1.8,,-19.6,,-10.7,,28.7,,0,,0,,5,,2.3,,37,,,,<31,
3/27/1987,1987,3,27,,-5.3,,-28.3,,-16.8,,34.8,,0,,0,,0,,0,,37,,,,<31,
3/28/1987,1987,3,28,,-1.3,,-12.2,,-6.8,,24.8,,0,,0,,5.8,,3.2,,37,,,,<31,
3/29/1987,1987,3,29,,7.2,,-5.7,,0.8,,17.2,,0,,0,,0,,0,,44,,,,<31,
3/30/1987,1987,3,30,,6,,-4.5,,0.8,,17.2,,0,,0,,0.2,,0,T,40,,26,,74,E
3/31/1987,1987,3,31,,7.7,,-11.5,,-1.9,,19.9,,0,,0,,0,,0,,40,,,,<31,
4/1/1987,1987,4,1,,8.1,,-15.2,,-3.6,,21.6,,0,,0,,0,,0,,38,,,,<31,
4/2/1987,1987,4,2,,5.2,,-1,,2.1,,15.9,,0,,0,,0,,0,,38,,32,,37,E
4/3/1987,1987,4,3,,6.6,,-1.3,,2.7,,15.3,,0,,0,,0,T,0,T,34,,24,,33,E
4/4/1987,1987,4,4,,8.9,,-5.1,,1.9,,16.1,,0,,0,,0,,0,,31,,23,,37,E
4/5/1987,1987,4,5,,4.7,,-4.1,,0.3,,17.7,,0,,0,,0,,0,,30,,25,,37,
4/6/1987,1987,4,6,,5.3,,-12.5,,-3.6,,21.6,,0,,0,,0,,0,,29,,,,<31,
4/7/1987,1987,4,7,,2.9,,-0.2,,1.4,,16.6,,0,,0,T,0.4,,0.4,,29,,,,<31,
4/8/1987,1987,4,8,,1.5,,-0.5,,0.5,,17.5,,0,,0,,0,T,0,T,29,,,,<31,
4/9/1987,1987,4,9,,2,,-2.5,,-0.3,,18.3,,0,,0,,0.4,,0,T,28,,10,,46,E
4/10/1987,1987,4,10,,7.7,,-3.5,,2.1,,15.9,,0,,0,,2,,1.4,,28,,,,<31,
4/11/1987,1987,4,11,,7.8,,-10,,-1.1,,19.1,,0,,0,,0,,0,,28,,,,<31,
4/12/1987,1987,4,12,,8.7,,-10,,-0.7,,18.7,,0,,0,,0,T,0,T,28,,,,<31,
4/13/1987,1987,4,13,,7.8,,-0.4,,3.7,,14.3,,0,,0,,0,,0,,25,,13,,37,E
4/14/1987,1987,4,14,,6.8,,-3,,1.9,,16.1,,0,,0,,0,,0,,24,,17,,31,E
4/15/1987,1987,4,15,,5.9,,-3.3,,1.3,,16.7,,0,,0,,0,,0,,23,,24,,37,E
4/16/1987,1987,4,16,,5.7,,0,,2.9,,15.1,,0,,0,T,0,T,0,T,22,,23,,56,E
4/17/1987,1987,4,17,,1.7,,-4.3,,-1.3,,19.3,,0,,0,,0.6,,0.4,,22,,26,,41,E
4/18/1987,1987,4,18,,4.3,,-11.9,,-3.8,,21.8,,0,,0,,0,,0,,22,,,,<31,
4/19/1987,1987,4,19,,4.4,,-10.6,,-3.1,,21.1,,0,,0,,0,T,0,T,22,,14,,37,E
4/20/1987,1987,4,20,,6.7,,-4.6,,1.1,,16.9,,0,,0,,0,,0,,22,,,,<31,
4/21/1987,1987,4,21,,6.8,,-1.9,,2.5,,15.5,,0,,0,,0,,0,,22,,26,,44,
4/22/1987,1987,4,22,,5.4,,-1.9,,1.8,,16.2,,0,,0,,0,T,0,T,20,,28,,37,
4/23/1987,1987,4,23,,7.7,,-7.3,,0.2,,17.8,,0,,0,,0,,0,,18,,,,<31,
4/24/1987,1987,4,24,,9.3,,-6.3,,1.5,,16.5,,0,,0,,0,,0,,18,,,,<31,
4/25/1987,1987,4,25,,4.8,,-5.2,,-0.2,,18.2,,0,,0,,0,,0,,16,,32,,37,E
4/26/1987,1987,4,26,,7.8,,-6.8,,0.5,,17.5,,0,,0,T,1,,0.8,,15,,15,,46,E
4/27/1987,1987,4,27,,9,,-2.9,,3.1,,14.9,,0,,0,,0,,0,,11,,24,,35,E
4/28/1987,1987,4,28,,9.4,,-2.4,,3.5,,14.5,,0,,0,,0,,0,,10,,,,<31,
4/29/1987,1987,4,29,,14.7,,-0.9,,6.9,,11.1,,0,,0,,0,,0,,9,,,,<31,
4/30/1987,1987,4,30,,12.2,,-3.1,,4.6,,13.4,,0,,0,,0,,0,,6,,,,<31,
5/1/1987,1987,5,1,,8,,3,,5.5,,12.5,,0,,29.2,,0,,29.2,,0,,,,<31,
5/2/1987,1987,5,2,,10.5,,1.2,,5.9,,12.1,,0,,3,,0,,3,,1,,24,,37,E
5/3/1987,1987,5,3,,10.4,,-1,,4.7,,13.3,,0,,0.2,,0,,0.2,,0,T,18,,31,E
5/4/1987,1987,5,4,,11.1,,-0.7,,5.2,,12.8,,0,,0,,0,,0,,0,T,24,,48,E
5/5/1987,1987,5,5,,12.8,,-1.2,,5.8,,12.2,,0,,0,,0,T,0,T,0,T,24,,33,E
5/6/1987,1987,5,6,,10.4,,-2.2,,4.1,,13.9,,0,,1,,0,,1,,0,T,,,<31,
5/7/1987,1987,5,7,,9.9,,0.2,,5.1,,12.9,,0,,0,,0,,0,,0,T,27,,50,E
5/8/1987,1987,5,8,,8.6,,-4,,2.3,,15.7,,0,,0,,0,T,0,T,0,T,,,<31,
5/9/1987,1987,5,9,,9.6,,-3.5,,3.1,,14.9,,0,,0,,0,T,0,T,0,T,,,<31,
5/10/1987,1987,5,10,,10.3,,-1.8,,4.3,,13.7,,0,,0,,0,T,0,T,0,T,,,<31,
5/11/1987,1987,5,11,,6,,1.9,,4,,14,,0,,2.8,,0,,2.8,,0,,6,,50,E
5/12/1987,1987,5,12,,3.3,,-0.1,,1.6,,16.4,,0,,0.4,,17.2,,16.6,,9,,,,<31,
5/13/1987,1987,5,13,,9.6,,-0.8,,4.4,,13.6,,0,,0,T,3,,2,,10,,,,<31,
5/14/1987,1987,5,14,,8.8,,-1.8,,3.5,,14.5,,0,,11.6,,0,,11.6,,0,T,,,<31,
5/15/1987,1987,5,15,,9.6,,-0.1,,4.8,,13.2,,0,,0.8,,3.6,,4.4,,1,,15,,31,E
5/16/1987,1987,5,16,,10.4,,-1.7,,4.4,,13.6,,0,,0.8,,0,T,0.8,,0,,28,,56,
5/17/1987,1987,5,17,,10.7,,2.2,,6.5,,11.5,,0,,1,,0,,1,,0,,36,,48,E
5/18/1987,1987,5,18,,14.7,,-1.5,,6.6,,11.4,,0,,0,,0,,0,,0,,28,,37,E
5/19/1987,1987,5,19,,19,,-2.2,,8.4,,9.6,,0,,0,,0,,0,,0,,,,<31,
5/20/1987,1987,5,20,,19.6,,-1.3,,9.2,,8.8,,0,,0,,0,,0,,0,,,,<31,
5/21/1987,1987,5,21,,20.1,,-0.4,,9.9,,8.1,,0,,0,,0,,0,,0,,,,<31,
5/22/1987,1987,5,22,,19.9,,0.7,,10.3,,7.7,,0,,0,,0,,0,,0,,26,,37,E
5/23/1987,1987,5,23,,15.5,,0.1,,7.8,,10.2,,0,,0.2,,0,,0.2,,0,,25,,41,E
5/24/1987,1987,5,24,,14.3,,5.7,,10,,8,,0,,0,T,0,,0,T,0,,,,<31,
5/25/1987,1987,5,25,,15.2,,0.9,,8.1,,9.9,,0,,0,,0,,0,,0,,,,<31,
5/26/1987,1987,5,26,,17.4,,0.2,,8.8,,9.2,,0,,0,T,0,,0,T,0,,,,<31,
5/27/1987,1987,5,27,,19.3,,0.4,,9.9,,8.1,,0,,0,,0,,0,,0,,,,<31,
5/28/1987,1987,5,28,,21.8,,3.6,,12.7,,5.3,,0,,0,T,0,,0,T,0,,,,<31,
5/29/1987,1987,5,29,,22,,6.8,,14.4,,3.6,,0,,5.8,,0,,5.8,,0,,11,,74,E
5/30/1987,1987,5,30,,13,,8.1,,10.6,,7.4,,0,,17.2,,0,,17.2,,0,,,,<31,
5/31/1987,1987,5,31,,15,,6.8,,10.9,,7.1,,0,,18,,0,,18,,0,,24,,31,E
6/1/1987,1987,6,1,,10.8,,5.9,,8.4,,9.6,,0,,18.6,,0,,18.6,,0,,,,<31,
6/2/1987,1987,6,2,,14.4,,6,,10.2,,7.8,,0,,0,,0,,0,,0,,,,<31,
6/3/1987,1987,6,3,,14.4,,3.9,,9.2,,8.8,,0,,0,,0,,0,,0,,,,<31,
6/4/1987,1987,6,4,,18,,6.2,,12.1,,5.9,,0,,0,,0,,0,,0,,6,,41,E
6/5/1987,1987,6,5,,11.4,,5.2,,8.3,,9.7,,0,,2.4,,0,,2.4,,0,,8,,50,E
6/6/1987,1987,6,6,,13.1,,3,,8.1,,9.9,,0,,9.8,,0,,9.8,,0,,,,<31,
6/7/1987,1987,6,7,,20.7,,1.4,,11.1,,6.9,,0,,0,,0,,0,,0,,,,<31,
6/8/1987,1987,6,8,,24.5,,4.4,,14.5,,3.5,,0,,0.2,,0,,0.2,,0,,,,<31,
6/9/1987,1987,6,9,,18.4,,8.2,,13.3,,4.7,,0,,0,,0,,0,,0,,,,<31,
6/10/1987,1987,6,10,,16.2,,4.9,,10.6,,7.4,,0,,0,,0,,0,,0,,,,<31,
6/11/1987,1987,6,11,,15.7,,2.6,,9.2,,8.8,,0,,0.2,,0,,0.2,,0,,18,,33,E
6/12/1987,1987,6,12,,13.7,,4.2,,9,,9,,0,,0.4,,0,,0.4,,0,,26,,50,E
6/13/1987,1987,6,13,,13.9,,4.3,,9.1,,8.9,,0,,0,T,0,,0,T,0,,24,,63,E
6/14/1987,1987,6,14,,15.4,,-0.2,,7.6,,10.4,,0,,0,,0,,0,,0,,,,<31,
6/15/1987,1987,6,15,,16.8,,2.7,,9.8,,8.2,,0,,7.8,,0,,7.8,,0,,,,<31,
6/16/1987,1987,6,16,,13.5,,5,,9.3,,8.7,,0,,8.2,,0,,8.2,,0,,27,,59,E
6/17/1987,1987,6,17,,12,,1,,6.5,,11.5,,0,,0.2,,0,,0.2,,0,,,,<31,
6/18/1987,1987,6,18,,16.7,,9,,12.9,,5.1,,0,,0,T,0,,0,T,0,,25,,46,E
6/19/1987,1987,6,19,,21.6,,5,,13.3,,4.7,,0,,0,,0,,0,,0,,,,<31,
6/20/1987,1987,6,20,,25.7,,6,,15.9,,2.1,,0,,0,,0,,0,,0,,,,<31,
6/21/1987,1987,6,21,,21.7,,10.7,,16.2,,1.8,,0,,7.8,,0,,7.8,,0,,8,,46,E
6/22/1987,1987,6,22,,11.4,,5.1,,8.3,,9.7,,0,,47,,0,,47,,0,,,,<31,
6/23/1987,1987,6,23,,14.6,,5.4,,10,,8,,0,,3.2,,0,,3.2,,0,,,,<31,
6/24/1987,1987,6,24,,18.2,,3.6,,10.9,,7.1,,0,,0,,0,,0,,0,,24,,52,E
6/25/1987,1987,6,25,,16.9,,7.1,,12,,6,,0,,0,T,0,,0,T,0,,24,,37,E
6/26/1987,1987,6,26,,18.1,,5.3,,11.7,,6.3,,0,,0,T,0,,0,T,0,,,,<31,
6/27/1987,1987,6,27,,23.5,,3.1,,13.3,,4.7,,0,,0,,0,,0,,0,,,,<31,
6/28/1987,1987,6,28,,25.2,,7.3,,16.3,,1.7,,0,,0,,0,,0,,0,,,,<31,
6/29/1987,1987,6,29,,26.1,,8.5,,17.3,,0.7,,0,,0,,0,,0,,0,,,,<31,
6/30/1987,1987,6,30,,29.2,,10.9,,20.1,,0,,2.1,,0,,0,,0,,0,,,,<31,
7/1/1987,1987,7,1,,21.8,,14.7,,18.3,,0,,0.3,,0.2,,0,,0.2,,0,,,,<31,
7/2/1987,1987,7,2,,16.7,,12.3,,14.5,,3.5,,0,,21.6,,0,,21.6,,0,,,,<31,
7/3/1987,1987,7,3,,16.2,,11.2,,13.7,,4.3,,0,,0.4,,0,,0.4,,0,,,,<31,
7/4/1987,1987,7,4,,20.1,,6.7,,13.4,,4.6,,0,,0,,0,,0,,0,,,,<31,
7/5/1987,1987,7,5,,22,,6.9,,14.5,,3.5,,0,,3.2,,0,,3.2,,0,,,,<31,
7/6/1987,1987,7,6,,15.9,,10.1,,13,,5,,0,,0.9,,0,,0.9,,0,,,,<31,
7/7/1987,1987,7,7,,13.5,,8.3,,10.9,,7.1,,0,,2.6,,0,,2.6,,0,,,,<31,
7/8/1987,1987,7,8,,18.1,,10.3,,14.2,,3.8,,0,,0,,0,,0,,0,,,,<31,
7/9/1987,1987,7,9,,22.6,,8.1,,15.4,,2.6,,0,,1.6,,0,,1.6,,0,,,,<31,
7/10/1987,1987,7,10,,20.4,,12.5,,16.5,,1.5,,0,,2.1,,0,,2.1,,0,,9,,37,E
7/11/1987,1987,7,11,,18.3,,9.9,,14.1,,3.9,,0,,1.6,,0,,1.6,,0,,24,,56,E
7/12/1987,1987,7,12,,19.5,,8.5,,14,,4,,0,,0.2,,0,,0.2,,0,,,,<31,
7/13/1987,1987,7,13,,19.2,,9.6,,14.4,,3.6,,0,,6.1,,0,,6.1,,0,,,,<31,
7/14/1987,1987,7,14,,15.2,,6.9,,11.1,,6.9,,0,,4,,0,,4,,0,,,,<31,
7/15/1987,1987,7,15,,13.5,,6.5,,10,,8,,0,,10.6,,0,,10.6,,0,,,,<31,
7/16/1987,1987,7,16,,22.5,,7.1,,14.8,,3.2,,0,,0,,0,,0,,0,,,,<31,
7/17/1987,1987,7,17,,25.9,,6.9,,16.4,,1.6,,0,,0,,0,,0,,0,,,,<31,
7/18/1987,1987,7,18,,27.6,,7.9,,17.8,,0.2,,0,,0,,0,,0,,0,,,,<31,
7/19/1987,1987,7,19,,23.8,,14.5,,19.2,,0,,1.2,,0,T,0,,0,T,0,,6,,56,E
7/20/1987,1987,7,20,,22.9,,10,,16.5,,1.5,,0,,0,,0,,0,,0,,,,<31,
7/21/1987,1987,7,21,,25.7,,7.9,,16.8,,1.2,,0,,0,,0,,0,,0,,,,<31,
7/22/1987,1987,7,22,,27.2,,9.5,,18.4,,0,,0.4,,0,,0,,0,,0,,,,<31,
7/23/1987,1987,7,23,,27.3,,11,,19.2,,0,,1.2,,0,T,0,,0,T,0,,24,,46,E
7/24/1987,1987,7,24,,23.6,,12.1,,17.9,,0.1,,0,,0.4,,0,,0.4,,0,,,,<31,
7/25/1987,1987,7,25,,26.9,,7.2,,17.1,,0.9,,0,,0,,0,,0,,0,,,,<31,
7/26/1987,1987,7,26,,23,,14.2,,18.6,,0,,0.6,,0,T,0,,0,T,0,,8,,33,E
7/27/1987,1987,7,27,,16.6,,11.6,,14.1,,3.9,,0,,1.4,,0,,1.4,,0,,,,<31,
7/28/1987,1987,7,28,,16.6,,10.2,,13.4,,4.6,,0,,1.6,,0,,1.6,,0,,,,<31,
7/29/1987,1987,7,29,,21,,11.6,,16.3,,1.7,,0,,0,T,0,,0,T,0,,,,<31,
7/30/1987,1987,7,30,,21.7,,6.5,,14.1,,3.9,,0,,0,,0,,0,,0,,,,<31,
7/31/1987,1987,7,31,,15.5,,10.8,,13.2,,4.8,,0,,6.8,,0,,6.8,,0,,,,<31,
8/1/1987,1987,8,1,,14.8,,9.8,,12.3,,5.7,,0,,9,,0,,9,,0,,,,<31,
8/2/1987,1987,8,2,,14.2,,10,,12.1,,5.9,,0,,6.6,,0,,6.6,,0,,,,<31,
8/3/1987,1987,8,3,,17.8,,9.5,,13.7,,4.3,,0,,4.2,,0,,4.2,,0,,,,<31,
8/4/1987,1987,8,4,,22,,8.3,,15.2,,2.8,,0,,0,T,0,,0,T,0,,,,<31,
8/5/1987,1987,8,5,,21.3,,6.7,,14,,4,,0,,0,,0,,0,,0,,25,,37,E
8/6/1987,1987,8,6,,19.9,,8.4,,14.2,,3.8,,0,,0,,0,,0,,0,,26,,46,E
8/7/1987,1987,8,7,,21.5,,7.9,,14.7,,3.3,,0,,0.4,,0,,0.4,,0,,22,,33,
8/8/1987,1987,8,8,,19.7,,6.9,,13.3,,4.7,,0,,3.1,,0,,3.1,,0,,28,,65,
8/9/1987,1987,8,9,,19.2,,7,,13.1,,4.9,,0,,1.4,,0,,1.4,,0,,,,<31,
8/10/1987,1987,8,10,,17,,5.1,,11.1,,6.9,,0,,2,,0,,2,,0,,,,<31,
8/11/1987,1987,8,11,,12.9,,6.8,,9.9,,8.1,,0,,7.2,,0,,7.2,,0,,,,<31,
8/12/1987,1987,8,12,,17.2,,1.7,,9.5,,8.5,,0,,0,,0,,0,,0,,,,<31,
8/13/1987,1987,8,13,,22.3,,2,,12.2,,5.8,,0,,0,,0,,0,,0,,,,<31,
8/14/1987,1987,8,14,,20.7,,6.8,,13.8,,4.2,,0,,0.2,,0,,0.2,,0,,24,,46,E
8/15/1987,1987,8,15,,16.9,,7.6,,12.3,,5.7,,0,,1.8,,0,,1.8,,0,,,,<31,
8/16/1987,1987,8,16,,15.8,,4.1,,10,,8,,0,,0,,0,,0,,0,,,,<31,
8/17/1987,1987,8,17,,16.5,,5.6,,11.1,,6.9,,0,,0.4,,0,,0.4,,0,,30,,52,E
8/18/1987,1987,8,18,,16.2,,6,,11.1,,6.9,,0,,0.2,,0,,0.2,,0,,,,<31,
8/19/1987,1987,8,19,,17.3,,1.8,,9.6,,8.4,,0,,0,,0,,0,,0,,,,<31,
8/20/1987,1987,8,20,,18.5,,3.3,,10.9,,7.1,,0,,0,T,0,,0,T,0,,,,<31,
8/21/1987,1987,8,21,,16.3,,7.2,,11.8,,6.2,,0,,3.6,,0,,3.6,,0,,,,<31,
8/22/1987,1987,8,22,,18.5,,8.1,,13.3,,4.7,,0,,0,,0,,0,,0,,,,<31,
8/23/1987,1987,8,23,,21.5,,2.1,,11.8,,6.2,,0,,0,,0,,0,,0,,,,<31,
8/24/1987,1987,8,24,,21.8,,5.2,,13.5,,4.5,,0,,0,,0,,0,,0,,,,<31,
8/25/1987,1987,8,25,,23.8,,3.8,,13.8,,4.2,,0,,0,,0,,0,,0,,,,<31,
8/26/1987,1987,8,26,,24,,8.1,,16.1,,1.9,,0,,0,,0,,0,,0,,,,<31,
8/27/1987,1987,8,27,,17.8,,9.8,,13.8,,4.2,,0,,0.4,,0,,0.4,,0,,,,<31,
8/28/1987,1987,8,28,,19.3,,8.3,,13.8,,4.2,,0,,2.5,,0,,2.5,,0,,,,<31,
8/29/1987,1987,8,29,,18.5,,5.9,,12.2,,5.8,,0,,0,,0,,0,,0,,,,<31,
8/30/1987,1987,8,30,,13.6,,5.1,,9.4,,8.6,,0,,6.2,,0,,6.2,,0,,5,,37,E
8/31/1987,1987,8,31,,5.6,,-0.2,,2.7,,15.3,,0,,1.4,,3.2,,4.6,,0,T,6,,41,E
9/1/1987,1987,9,1,,4.9,,0,,2.5,,15.5,,0,,0,T,2.2,,2.2,,0,T,,,<31,
9/2/1987,1987,9,2,,15.9,,3.8,,9.9,,8.1,,0,,0,T,0,,0,T,0,,,,<31,
9/3/1987,1987,9,3,,17.4,,8.4,,12.9,,5.1,,0,,4,,0,,4,,0,,,,<31,
9/4/1987,1987,9,4,,18.5,,12.5,,15.5,,2.5,,0,,0,T,0,,0,T,0,,24,,67,E
9/5/1987,1987,9,5,,18,,5.7,,11.9,,6.1,,0,,0,,0,,0,,0,,27,,59,E
9/6/1987,1987,9,6,,16.2,,-0.8,,7.7,,10.3,,0,,0,,0,,0,,0,,,,<31,
9/7/1987,1987,9,7,,21.5,,3.2,,12.4,,5.6,,0,,0,,0,,0,,0,,25,,46,E
9/8/1987,1987,9,8,,18,,11,,14.5,,3.5,,0,,0,,0,,0,,0,,25,,61,E
9/9/1987,1987,9,9,,16.8,,3,,9.9,,8.1,,0,,0.2,,0,,0.2,,0,,,,<31,
9/10/1987,1987,9,10,,18.5,,10,,14.3,,3.7,,0,,2.2,,0,,2.2,,0,,,,<31,
9/11/1987,1987,9,11,,13.3,,8.7,,11,,7,,0,,1.8,,0,,1.8,,0,,,,<31,
9/12/1987,1987,9,12,,9.5,,3.6,,6.6,,11.4,,0,,1.4,,0,,1.4,,0,,31,,57,E
9/13/1987,1987,9,13,,11.5,,-1.3,,5.1,,12.9,,0,,0,,0,,0,,0,,,,<31,
9/14/1987,1987,9,14,,9.2,,3.5,,6.4,,11.6,,0,,1.6,,0,,1.6,,0,,12,,50,E
9/15/1987,1987,9,15,,8.9,,2.5,,5.7,,12.3,,0,,4.9,,0,,4.9,,0,,,,<31,
9/16/1987,1987,9,16,,13.6,,-1.6,,6,,12,,0,,0,,0,,0,,0,,,,<31,
9/17/1987,1987,9,17,,10.7,,6.4,,8.6,,9.4,,0,,3.8,,0,,3.8,,0,,,,<31,
9/18/1987,1987,9,18,,12.2,,0.7,,6.5,,11.5,,0,,0,,0,,0,,0,,,,<31,
9/19/1987,1987,9,19,,12.4,,1.2,,6.8,,11.2,,0,,0.2,,0,,0.2,,0,,9,,43,E
9/20/1987,1987,9,20,,14.2,,7,,10.6,,7.4,,0,,0.8,,0,,0.8,,0,,12,,37,
9/21/1987,1987,9,21,,9.7,,2.1,,5.9,,12.1,,0,,0,,0,,0,,0,,,,<31,
9/22/1987,1987,9,22,,10.5,,-1.8,,4.4,,13.6,,0,,0,,0,,0,,0,,,,<31,
9/23/1987,1987,9,23,,9.5,,-1.6,,4,,14,,0,,0,,0,,0,,0,,,,<31,
9/24/1987,1987,9,24,,10.4,,-2.9,,3.8,,14.2,,0,,0,,0,,0,,0,,,,<31,
9/25/1987,1987,9,25,,13.3,,-1.9,,5.7,,12.3,,0,,0,,0,,0,,0,,,,<31,
9/26/1987,1987,9,26,,10,,-1.8,,4.1,,13.9,,0,,0,T,0,,0,T,0,,,,<31,
9/27/1987,1987,9,27,,11.8,,4.9,,8.4,,9.6,,0,,0,,0,,0,,0,,28,,48,E
9/28/1987,1987,9,28,,11.1,,0.7,,5.9,,12.1,,0,,0,,0,,0,,0,,25,,31,E
9/29/1987,1987,9,29,,6.5,,1.9,,4.2,,13.8,,0,,8.5,,0,,8.5,,0,,9,,43,E
9/30/1987,1987,9,30,,8.7,,1,,4.9,,13.1,,0,,3.4,,0,,3.4,,0,,,,<31,
10/1/1987,1987,10,1,,14.8,,6.4,,10.6,,7.4,,0,,0.8,,0,,0.8,,0,,,,<31,
10/2/1987,1987,10,2,,17.6,,6.8,,12.2,,5.8,,0,,0,T,0,,0,T,0,,,,<31,
10/3/1987,1987,10,3,,11.5,,0.1,,5.8,,12.2,,0,,0,,0,,0,,0,,24,,59,E
10/4/1987,1987,10,4,,10.3,,3.1,,6.7,,11.3,,0,,0.4,,0,,0.4,,0,,,,<31,
10/5/1987,1987,10,5,,10,,4.2,,7.1,,10.9,,0,,0,,0,,0,,0,,10,,37,
10/6/1987,1987,10,6,,7,,-0.7,,3.2,,14.8,,0,,0,,0,,0,,0,,,,<31,
10/7/1987,1987,10,7,,8.1,,-3.8,,2.2,,15.8,,0,,0,,0,,0,,0,,,,<31,
10/8/1987,1987,10,8,,7.9,,-6,,1,,17,,0,,0,,0,,0,,0,,,,<31,
10/9/1987,1987,10,9,,10.4,,-3.5,,3.5,,14.5,,0,,0,,0,,0,,0,,,,<31,
10/10/1987,1987,10,10,,6.5,,0,,3.3,,14.7,,0,,3.4,,0,,3.4,,0,,,,<31,
10/11/1987,1987,10,11,,11,,4.3,,7.7,,10.3,,0,,1,,0,,1,,0,,,,<31,
10/12/1987,1987,10,12,,8.9,,-2.2,,3.4,,14.6,,0,,3,,0,,3,,0,,28,,78,E
10/13/1987,1987,10,13,,7.8,,-2.5,,2.7,,15.3,,0,,0,,0,,0,,0,,,,<31,
10/14/1987,1987,10,14,,6.4,,-3,,1.7,,16.3,,0,,0,,0,,0,,0,,,,<31,
10/15/1987,1987,10,15,,8.6,,2.9,,5.8,,12.2,,0,,0,T,0,,0,T,0,,25,,46,E
10/16/1987,1987,10,16,,5.8,,-1.1,,2.4,,15.6,,0,,0,,0,T,0,T,0,,26,,59,E
10/17/1987,1987,10,17,,3.8,,-6.9,,-1.6,,19.6,,0,,0,,0,T,0,T,0,,,,<31,
10/18/1987,1987,10,18,,4.2,,-1.1,,1.6,,16.4,,0,,1.6,,0.8,,2.2,,1,,,,<31,
10/19/1987,1987,10,19,,10,,2,,6,,12,,0,,0.4,,0,,0.4,,0,,,,<31,
10/20/1987,1987,10,20,,7,,2.4,,4.7,,13.3,,0,,1.7,,0,T,1.7,,0,,25,,74,E
10/21/1987,1987,10,21,,7.7,,-4,,1.9,,16.1,,0,,0,,0,,0,,0,,,,<31,
10/22/1987,1987,10,22,,6,,-7,,-0.5,,18.5,,0,,0,,0,,0,,0,,,,<31,
10/23/1987,1987,10,23,,7.8,,-2.5,,2.7,,15.3,,0,,0,,0,,0,,0,,,,<31,
10/24/1987,1987,10,24,,10.4,,4.3,,7.4,,10.6,,0,,0,,0,,0,,0,,25,,65,E
10/25/1987,1987,10,25,,8.6,,-3,,2.8,,15.2,,0,,0,,0,,0,,0,,28,,46,E
10/26/1987,1987,10,26,,3.5,,-5.2,,-0.9,,18.9,,0,,0,,0,T,0,T,0,,,,<31,
10/27/1987,1987,10,27,,8.3,,-0.8,,3.8,,14.2,,0,,0,,0,,0,,0,T,,,<31,
10/28/1987,1987,10,28,,5.2,,0.4,,2.8,,15.2,,0,,1.6,,5,,5.7,,0,T,,,<31,
10/29/1987,1987,10,29,,3.5,,-5.7,,-1.1,,19.1,,0,,0,,0,,0,,0,,,,<31,
10/30/1987,1987,10,30,,-3.4,,-8,,-5.7,,23.7,,0,,0,,2.8,,2.8,,0,,,,<31,
10/31/1987,1987,10,31,,-1,,-5.1,,-3.1,,21.1,,0,,0,,5.7,,5.7,,4,,,,<31,
11/1/1987,1987,11,1,,-4.9,,-20.9,,-12.9,,30.9,,0,,0,,0,,0,,8,,,,<31,
11/2/1987,1987,11,2,,4.1,,-8.2,,-2.1,,20.1,,0,,0,,0,,0,,8,,25,,65,E
11/3/1987,1987,11,3,,1.3,,-9.9,,-4.3,,22.3,,0,,0,,0.4,,0,T,6,,,,<31,
11/4/1987,1987,11,4,,-0.8,,-14.9,,-7.9,,25.9,,0,,0,,0.2,,0,T,6,,,,<31,
11/5/1987,1987,11,5,,-8.5,,-17.5,,-13,,31,,0,,0,,4,,3.5,,6,,,,<31,
11/6/1987,1987,11,6,,-4.5,,-15.5,,-10,,28,,0,,0,,2.2,,2.2,,11,,,,<31,
11/7/1987,1987,11,7,,-9.1,,-21,,-15.1,,33.1,,0,,0,,0,,0,,10,,,,<31,
11/8/1987,1987,11,8,,-8.1,,-18,,-13.1,,31.1,,0,,0,,3.5,,3,,10,,,,<31,
11/9/1987,1987,11,9,,-4,,-8.5,,-6.3,,24.3,,0,,0,T,0,,0,T,12,,,,<31,
11/10/1987,1987,11,10,,4.4,,-9.5,,-2.6,,20.6,,0,,2.2,,0,T,2.2,,11,,,,<31,
11/11/1987,1987,11,11,,-2.7,,-6.1,,-4.4,,22.4,,0,,0,,0,,0,,12,,,,<31,
11/12/1987,1987,11,12,,-4,,-12.5,,-8.3,,26.3,,0,,0,,0,,0,,12,,,,<31,
11/13/1987,1987,11,13,,-7.9,,-12.5,,-10.2,,28.2,,0,,0,,1.4,,1.4,,11,,,,<31,
11/14/1987,1987,11,14,,-7.2,,-19.6,,-13.4,,31.4,,0,,0,,2.4,,1.2,,14,,,,<31,
11/15/1987,1987,11,15,,-14.2,,-22,,-18.1,,36.1,,0,,0,,0,,0,,14,,,,<31,
11/16/1987,1987,11,16,,-18.5,,-27.6,,-23.1,,41.1,,0,,0,,0,,0,,14,,,,<31,
11/17/1987,1987,11,17,,-17.6,,-27,,-22.3,,40.3,,0,,0,,3.2,,2.2,,14,,,,<31,
11/18/1987,1987,11,18,,-16.2,,-25.7,,-21,,39,,0,,0,,0,,0,,17,,,,<31,
11/19/1987,1987,11,19,,-9.7,,-23.2,,-16.5,,34.5,,0,,0,,3.8,,2.2,,17,,,,<31,
11/20/1987,1987,11,20,,-7.3,,-16,,-11.7,,29.7,,0,,0,,1,,1,,21,,,,<31,
11/21/1987,1987,11,21,,-5.2,,-14,,-9.6,,27.6,,0,,0,,0.2,,0,T,21,,,,<31,
11/22/1987,1987,11,22,,-6.4,,-12.3,,-9.4,,27.4,,0,,0,,0.4,,0.2,,21,,,,<31,
11/23/1987,1987,11,23,,-11.3,,-15.1,,-13.2,,31.2,,0,,0,,1.8,,1.4,,19,,,,<31,
11/24/1987,1987,11,24,,-8.2,,-14.6,,-11.4,,29.4,,0,,0,,0.2,,0,T,20,,,,<31,
11/25/1987,1987,11,25,,-9.7,,-18.5,,-14.1,,32.1,,0,,0,,0,,0,,20,,,,<31,
11/26/1987,1987,11,26,,-7.7,,-14.9,,-11.3,,29.3,,0,,0,,0.8,,0.6,,19,,,,<31,
11/27/1987,1987,11,27,,-5.3,,-18,,-11.7,,29.7,,0,,0,,0.2,,0,T,19,,,,<31,
11/28/1987,1987,11,28,,6,,-7.5,,-0.8,,18.8,,0,,0,,0,,0,,19,,,,<31,
11/29/1987,1987,11,29,,3.9,,-8.4,,-2.3,,20.3,,0,,0,,0,,0,,18,,,,<31,
11/30/1987,1987,11,30,,-0.2,,-14.9,,-7.6,,25.6,,0,,0,,0,,0,,18,,,,<31,
12/1/1987,1987,12,1,,-9.8,,-19.4,,-14.6,,32.6,,0,,0,,1,,0.6,,18,,,,<31,
12/2/1987,1987,12,2,,-9,,-18.5,,-13.8,,31.8,,0,,0,,0,,0,,19,,,,<31,
12/3/1987,1987,12,3,,-12.2,,-18.7,,-15.5,,33.5,,0,,0,,0,T,0,T,19,,,,<31,
12/4/1987,1987,12,4,,-12.5,,-25.8,,-19.2,,37.2,,0,,0,,0.2,,0,T,19,,,,<31,
12/5/1987,1987,12,5,,-19.5,,-24.5,,-22,,40,,0,,0,,0,,0,,19,,,,<31,
12/6/1987,1987,12,6,,-14.7,,-22.3,,-18.5,,36.5,,0,,0,,2.5,,1.8,,21,,,,<31,
12/7/1987,1987,12,7,,-14.8,,-25,,-19.9,,37.9,,0,,0,,0,T,0,T,21,,,,<31,
12/8/1987,1987,12,8,,-16.5,,-26.6,,-21.6,,39.6,,0,,0,,0,T,0,T,21,,,,<31,
12/9/1987,1987,12,9,,-15.1,,-23.7,,-19.4,,37.4,,0,,0,,0,T,0,T,21,,,,<31,
12/10/1987,1987,12,10,,-10.2,,-15.5,,-12.9,,30.9,,0,,0,,0.3,,0,T,21,,,,<31,
12/11/1987,1987,12,11,,-9.7,,-20.4,,-15.1,,33.1,,0,,0,,3.4,,2.4,,22,,,,<31,
12/12/1987,1987,12,12,,-8.5,,-23.2,,-15.9,,33.9,,0,,0,,3,,2.2,,24,,,,<31,
12/13/1987,1987,12,13,,-3,,-14.3,,-8.7,,26.7,,0,,0,,0.6,,0.2,,27,,8,,33,E
12/14/1987,1987,12,14,,-4.9,,-9.3,,-7.1,,25.1,,0,,0,,6.2,,3.4,,27,,,,<31,
12/15/1987,1987,12,15,,-8.7,,-31,,-19.9,,37.9,,0,,0,,1.6,,0.8,,33,,,,<31,
12/16/1987,1987,12,16,,-22.3,,-31.5,,-26.9,,44.9,,0,,0,,0,T,0,T,34,,,,<31,
12/17/1987,1987,12,17,,-16,,-22.5,,-19.3,,37.3,,0,,0,,6.6,,4.8,,29,,,,<31,
12/18/1987,1987,12,18,,-7.1,,-21,,-14.1,,32.1,,0,,0,,0,T,0,T,33,,,,<31,
12/19/1987,1987,12,19,,-11.5,,-20.2,,-15.9,,33.9,,0,,0,,0,T,0,T,33,,,,<31,
12/20/1987,1987,12,20,,-3,,-14.5,,-8.8,,26.8,,0,,0,,0,T,0,T,31,,,,<31,
12/21/1987,1987,12,21,,-11.7,,-23.3,,-17.5,,35.5,,0,,0,,0,,0,,31,,,,<31,
12/22/1987,1987,12,22,,-13,,-18.5,,-15.8,,33.8,,0,,0,,0,T,0,T,30,,,,<31,
12/23/1987,1987,12,23,,-5.5,,-19.1,,-12.3,,30.3,,0,,0,,1.8,,0.8,,30,,,,<31,
12/24/1987,1987,12,24,,1.6,,-14.8,,-6.6,,24.6,,0,,0,,0,,0,,31,,,,<31,
12/25/1987,1987,12,25,,1,,-12.1,,-5.6,,23.6,,0,,0,,0,,0,,29,,,,<31,
12/26/1987,1987,12,26,,-1.7,,-13.6,,-7.7,,25.7,,0,,0,,0,T,0,T,29,,,,<31,
12/27/1987,1987,12,27,,-7.8,,-9.5,,-8.7,,26.7,,0,,0,,7.4,,7,,28,,,,<31,
12/28/1987,1987,12,28,,-5.2,,-12.4,,-8.8,,26.8,,0,,0,,14.8,,8,,42,,,,<31,
12/29/1987,1987,12,29,,-10.6,,-22.5,,-16.6,,34.6,,0,,0,,0,T,0,T,46,,,,<31,
12/30/1987,1987,12,30,,-15.3,,-29.9,,-22.6,,40.6,,0,,0,,0,,0,,46,,,,<31,
12/31/1987,1987,12,31,,-28.1,,-34.2,,-31.2,,49.2,,0,,0,,0,,0,,46,,,,<31,
1/1/1988,1988,1,1,,-27.2,,-33.9,,-30.6,,48.6,,0,,0,,0,,0,,46,,,,<31,
1/2/1988,1988,1,2,,-17.8,,-29.6,,-23.7,,41.7,,0,,0,,0,,0,,46,,,,<31,
1/3/1988,1988,1,3,,-20.5,,-28.2,,-24.4,,42.4,,0,,0,,0,,0,,45,,,,<31,
1/4/1988,1988,1,4,,-21,,-29,,-25,,43,,0,,0,,0,,0,,40,,,,<31,
1/5/1988,1988,1,5,,-20.1,,-26.5,,-23.3,,41.3,,0,,0,,0,T,0,T,40,,,,<31,
1/6/1988,1988,1,6,,-17.5,,-23.3,,-20.4,,38.4,,0,,0,,4,,0.4,,44,,,,<31,
1/7/1988,1988,1,7,,-17.4,,-19.6,,-18.5,,36.5,,0,,0,,0.2,,0,T,44,,,,<31,
1/8/1988,1988,1,8,,-19.6,,-29.9,,-24.8,,42.8,,0,,0,,0,T,0,T,44,,,,<31,
1/9/1988,1988,1,9,,-28.4,,-34.6,,-31.5,,49.5,,0,,0,,0,T,0,T,43,,,,<31,
1/10/1988,1988,1,10,,-30.9,,-38,,-34.5,,52.5,,0,,0,,0,T,0,T,42,,,,<31,
1/11/1988,1988,1,11,,-27.4,,-35.2,,-31.3,,49.3,,0,,0,,0,T,0,T,42,,,,<31,
1/12/1988,1988,1,12,,-24,,-29.5,,-26.8,,44.8,,0,,0,,0.4,,0.2,,40,,,,<31,
1/13/1988,1988,1,13,,-21.2,,-29,,-25.1,,43.1,,0,,0,,1,,0.8,,41,,,,<31,
1/14/1988,1988,1,14,,-20,,-29.8,,-24.9,,42.9,,0,,0,,1.4,,1,,41,,,,<31,
1/15/1988,1988,1,15,,-16.5,,-23.7,,-20.1,,38.1,,0,,0,,2,,1.1,,43,,,,<31,
1/16/1988,1988,1,16,,-18.5,,-27.2,,-22.9,,40.9,,0,,0,,0,T,0,T,43,,,,<31,
1/17/1988,1988,1,17,,-18.9,,-29.1,,-24,,42,,0,,0,,0.8,,0.6,,44,,,,<31,
1/18/1988,1988,1,18,,-21.8,,-32.1,,-27,,45,,0,,0,,0,T,0,T,44,,,,<31,
1/19/1988,1988,1,19,,-16.1,,-27.4,,-21.8,,39.8,,0,,0,,2.4,,2,,44,,,,<31,
1/20/1988,1988,1,20,,-10,,-22.6,,-16.3,,34.3,,0,,0,,6.3,,4.3,,48,,,,<31,
1/21/1988,1988,1,21,,-3.3,,-22.2,,-12.8,,30.8,,0,,0,,4,,1.6,,52,,11,,44,E
1/22/1988,1988,1,22,,0,,-14.2,,-7.1,,25.1,,0,,0,,0,,0,,53,,,,<31,
1/23/1988,1988,1,23,,1.4,,-12.4,,-5.5,,23.5,,0,,0,,0,,0,,53,,,,<31,
1/24/1988,1988,1,24,,-4,,-18,,-11,,29,,0,,0,,0,T,0,T,50,,,,<31,
1/25/1988,1988,1,25,,-1.8,,-17.9,,-9.9,,27.9,,0,,0,,3.1,,1.8,,50,,24,,41,E
1/26/1988,1988,1,26,,-15.2,,-27.2,,-21.2,,39.2,,0,,0,,0,,0,,52,,,,<31,
1/27/1988,1988,1,27,,-16,,-25.8,,-20.9,,38.9,,0,,0,,0.2,,0,T,52,,10,,48,E
1/28/1988,1988,1,28,,-19.2,,-29.2,,-24.2,,42.2,,0,,0,,4.8,,4.6,,50,,,,<31,
1/29/1988,1988,1,29,,-28.5,,-42,,-35.3,,53.3,,0,,0,,0,T,0,T,53,,,,<31,
1/30/1988,1988,1,30,,-30.4,,-42.8,,-36.6,,54.6,,0,,0,,0,,0,,53,,,,<31,
1/31/1988,1988,1,31,,-29.2,,-44.1,,-36.7,,54.7,,0,,0,,0,,0,,52,,,,<31,
2/1/1988,1988,2,1,,-19.5,,-34.9,,-27.2,,45.2,,0,,0,,1.8,,1.2,,50,,,,<31,
2/2/1988,1988,2,2,,-24.2,,-39.2,,-31.7,,49.7,,0,,0,,0.4,,0.2,,51,,,,<31,
2/3/1988,1988,2,3,,-27,,-41.2,,-34.1,,52.1,,0,,0,,0.2,,0,T,51,,,,<31,
2/4/1988,1988,2,4,,-31.2,,-46.5,,-38.9,,56.9,,0,,0,,0,,0,,50,,,,<31,
2/5/1988,1988,2,5,,-22,,-31.2,,-26.6,,44.6,,0,,0,,5.4,,3.8,,50,,,,<31,
2/6/1988,1988,2,6,,-16.5,,-22,,-19.3,,37.3,,0,,0,,8.1,,1.6,,58,,,,<31,
2/7/1988,1988,2,7,,-15.7,,-27,,-21.4,,39.4,,0,,0,,2.8,,1.4,,62,,,,<31,
2/8/1988,1988,2,8,,-26.3,,-38.4,,-32.4,,50.4,,0,,0,,0,T,0,T,65,,,,<31,
2/9/1988,1988,2,9,,-26.5,,-45.2,,-35.9,,53.9,,0,,0,,0,T,0,T,65,,,,<31,
2/10/1988,1988,2,10,,-18.8,,-26.5,,-22.7,,40.7,,0,,0,,2,,2,,65,,,,<31,
2/11/1988,1988,2,11,,-17.3,,-25.5,,-21.4,,39.4,,0,,0,,0,,0,,64,,,,<31,
2/12/1988,1988,2,12,,-12,,-27.2,,-19.6,,37.6,,0,,0,,0.2,,0,T,64,,,,<31,
2/13/1988,1988,2,13,,-12.2,,-21,,-16.6,,34.6,,0,,0,,1,,0.3,,61,,,,<31,
2/14/1988,1988,2,14,,-12.5,,-21.5,,-17,,35,,0,,0,,2.4,,1.6,,58,,,,<31,
2/15/1988,1988,2,15,,-2.1,,-20.7,,-11.4,,29.4,,0,,0,,0,T,0,T,59,,25,,41,
2/16/1988,1988,2,16,,0,,-10.5,,-5.3,,23.3,,0,,0,,5.8,,5.6,,59,,26,,39,E
2/17/1988,1988,2,17,,1.6,,-16.5,,-7.5,,25.5,,0,,0,,0,,0,,64,,,,<31,
2/18/1988,1988,2,18,,4.8,,-6.7,,-1,,19,,0,,0,,0,,0,,62,,24,,46,E
2/19/1988,1988,2,19,,6.3,,-2.6,,1.9,,16.1,,0,,0,T,0,,0,T,59,,,,<31,
2/20/1988,1988,2,20,,9.3,,0.9,,5.1,,12.9,,0,,0,,0,,0,,51,,24,,78,E
2/21/1988,1988,2,21,,1.1,,-14.1,,-6.5,,24.5,,0,,0,,0,T,0,T,46,,29,,74,E
2/22/1988,1988,2,22,,-9,,-27.1,,-18.1,,36.1,,0,,0,,0,,0,,45,,,,<31,
2/23/1988,1988,2,23,,-8.5,,-22.7,,-15.6,,33.6,,0,,0,,0,,0,,45,,,,<31,
2/24/1988,1988,2,24,,-6.9,,-22.7,,-14.8,,32.8,,0,,0,,0,,0,,45,,,,<31,
2/25/1988,1988,2,25,,3.8,,-10.3,,-3.3,,21.3,,0,,0,,0.4,,0.2,,45,,,,<31,
2/26/1988,1988,2,26,,3.4,,-16.9,,-6.8,,24.8,,0,,0,,0,,0,,45,,25,,37,E
2/27/1988,1988,2,27,,2.5,,-17,,-7.3,,25.3,,0,,0,,0,T,0,T,44,,,,<31,
2/28/1988,1988,2,28,,-1.2,,-10,,-5.6,,23.6,,0,,0,,1.2,,0.8,,44,,,,<31,
2/29/1988,1988,2,29,,-3.8,,-22.2,,-13,,31,,0,,0,,0,,0,,45,,,,<31,
3/1/1988,1988,3,1,,-0.1,,-25.7,,-12.9,,30.9,,0,,0,,0,,0,,45,,,,<31,
3/2/1988,1988,3,2,,0,,-11,,-5.5,,23.5,,0,,0,,0,,0,,45,,,,<31,
3/3/1988,1988,3,3,,1,,-21,,-10,,28,,0,,0,,0,,0,,45,,,,<31,
3/4/1988,1988,3,4,,-2.2,,-23.6,,-12.9,,30.9,,0,,0,,0.8,,0.4,,45,,,,<31,
3/5/1988,1988,3,5,,0,,-10.2,,-5.1,,23.1,,0,,0,,0,T,0,T,45,,,,<31,
3/6/1988,1988,3,6,,2.1,,-14.9,,-6.4,,24.4,,0,,0,,0,,0,,45,,,,<31,
3/7/1988,1988,3,7,,5,,-7.5,,-1.3,,19.3,,0,,0,,0.2,,0,T,45,,,,<31,
3/8/1988,1988,3,8,,2,,-10.6,,-4.3,,22.3,,0,,0,,0,T,0,T,45,,,,<31,
3/9/1988,1988,3,9,,3,,-15.9,,-6.5,,24.5,,0,,0,,0,,0,,45,,,,<31,
3/10/1988,1988,3,10,,1.1,,-18.1,,-8.5,,26.5,,0,,0,,0,,0,,43,,,,<31,
3/11/1988,1988,3,11,,5,,-10.1,,-2.6,,20.6,,0,,0,,0,,0,,45,,,,<31,
3/12/1988,1988,3,12,,3.4,,-15.3,,-6,,24,,0,,0,,0,T,0,T,45,,,,<31,
3/13/1988,1988,3,13,,1.7,,-5.8,,-2.1,,20.1,,0,,0,,0,T,0,T,45,,28,,56,E
3/14/1988,1988,3,14,,2.8,,-16.3,,-6.8,,24.8,,0,,0,,0,,0,,45,,,,<31,
3/15/1988,1988,3,15,,-2.5,,-19.6,,-11.1,,29.1,,0,,0,,0,T,0,T,45,,,,<31,
3/16/1988,1988,3,16,,2.2,,-16.2,,-7,,25,,0,,0,,0,,0,,45,,,,<31,
3/17/1988,1988,3,17,,0.3,,-4.9,,-2.3,,20.3,,0,,0,,2.6,,2,,45,,,,<31,
3/18/1988,1988,3,18,,-4.8,,-16.6,,-10.7,,28.7,,0,,0,,6.4,,5.4,,47,,12,,37,E
3/19/1988,1988,3,19,,-6.5,,-17.9,,-12.2,,30.2,,0,,0,,0.4,,0.2,,53,,,,<31,
3/20/1988,1988,3,20,,-2.6,,-21.6,,-12.1,,30.1,,0,,0,,0.6,,0.6,,52,,,,<31,
3/21/1988,1988,3,21,,2.9,,-16.3,,-6.7,,24.7,,0,,0,,0,T,0,T,52,,,,<31,
3/22/1988,1988,3,22,,4.7,,-8.8,,-2.1,,20.1,,0,,0,,0,T,0,T,51,,,,<31,
3/23/1988,1988,3,23,,0.7,,-10.5,,-4.9,,22.9,,0,,0,,0,T,0,T,50,,12,,37,E
3/24/1988,1988,3,24,,6.3,,-7.7,,-0.7,,18.7,,0,,0,,0.3,,0.3,,50,,,,<31,
3/25/1988,1988,3,25,,4,,-5.5,,-0.8,,18.8,,0,,0,,1.2,,0.6,,50,,,,<31,
3/26/1988,1988,3,26,,0.9,,-5.7,,-2.4,,20.4,,0,,0,,13.4,,5.6,,47,,,,<31,
3/27/1988,1988,3,27,,1,,-11.5,,-5.3,,23.3,,0,,0,,0,T,0,T,58,,,,<31,
3/28/1988,1988,3,28,,0.8,,-11,,-5.1,,23.1,,0,,0,,0,T,0,T,58,,,,<31,
3/29/1988,1988,3,29,,0.8,,-10,,-4.6,,22.6,,0,,0,,0.2,,0,T,58,,,,<31,
3/30/1988,1988,3,30,,0.3,,-9.3,,-4.5,,22.5,,0,,0,,3.3,,1.8,,58,,,,<31,
3/31/1988,1988,3,31,,1.3,,-5.7,,-2.2,,20.2,,0,,0,T,4.2,,3.2,,58,,,,<31,
4/1/1988,1988,4,1,,3.8,,-5.1,,-0.7,,18.7,,0,,0,,0,T,0,T,54,,24,,39,E
4/2/1988,1988,4,2,,4.2,,-12.7,,-4.3,,22.3,,0,,0,,0,,0,,54,,9,,46,E
4/3/1988,1988,4,3,,-1.6,,-5.8,,-3.7,,21.7,,0,,0,,5,,2.7,,54,,9,,46,E
4/4/1988,1988,4,4,,2.7,,-8.2,,-2.8,,20.8,,0,,0,,5.8,,3.6,,60,,,,<31,
4/5/1988,1988,4,5,,-3.7,,-11,,-7.4,,25.4,,0,,0,,0,T,0,T,62,,9,,56,E
4/6/1988,1988,4,6,,3,,-10.4,,-3.7,,21.7,,0,,0,,0.2,,0,T,60,,,,<31,
4/7/1988,1988,4,7,,3.4,,-19.8,,-8.2,,26.2,,0,,0,,0,T,0,T,58,,,,<31,
4/8/1988,1988,4,8,,3.9,,-15.6,,-5.9,,23.9,,0,,0,,0,,0,,57,,,,<31,
4/9/1988,1988,4,9,,7.7,,-3,,2.4,,15.6,,0,,0,,0.2,,0.2,,54,,18,,37,E
4/10/1988,1988,4,10,,6.9,,-2.9,,2,,16,,0,,0,,0.2,,0.2,,54,,26,,65,E
4/11/1988,1988,4,11,,4.1,,-6.7,,-1.3,,19.3,,0,,0,,0,,0,,50,,26,,44,E
4/12/1988,1988,4,12,,8.4,,-11,,-1.3,,19.3,,0,,0,,0,,0,,49,,,,<31,
4/13/1988,1988,4,13,,12.1,,-8.8,,1.7,,16.3,,0,,0,,0,,0,,44,,,,<31,
4/14/1988,1988,4,14,,9.8,,0.5,,5.2,,12.8,,0,,0.2,,0,,0.2,,40,,,,<31,
4/15/1988,1988,4,15,,10.6,,-8.1,,1.3,,16.7,,0,,0,,0,,0,,34,,,,<31,
4/16/1988,1988,4,16,,12.9,,-3.7,,4.6,,13.4,,0,,0,,0,,0,,32,,,,<31,
4/17/1988,1988,4,17,,11.7,,-4.4,,3.7,,14.3,,0,,0,,0,,0,,28,,,,<31,
4/18/1988,1988,4,18,,12,,-2,,5,,13,,0,,0,,0,,0,,27,,,,<31,
4/19/1988,1988,4,19,,9.9,,-3.2,,3.4,,14.6,,0,,0,T,0,,0,T,12,,,,<31,
4/20/1988,1988,4,20,,5.2,,0.4,,2.8,,15.2,,0,,0,T,3.8,,3.8,,10,,,,<31,
4/21/1988,1988,4,21,,6.5,,-6.4,,0.1,,17.9,,0,,0,,0,,0,,9,,,,<31,
4/22/1988,1988,4,22,,7.8,,-3,,2.4,,15.6,,0,,0,,0,,0,,9,,,,<31,
4/23/1988,1988,4,23,,6.8,,-5.5,,0.7,,17.3,,0,,0,,0,,0,,8,,,,<31,
4/24/1988,1988,4,24,,12.8,,-5.9,,3.5,,14.5,,0,,0,,0,,0,,8,,,,<31,
4/25/1988,1988,4,25,,13.3,,-3.2,,5.1,,12.9,,0,,0,,0,,0,,8,,,,<31,
4/26/1988,1988,4,26,,12.8,,0,,6.4,,11.6,,0,,0,,0,,0,,5,,,,<31,
4/27/1988,1988,4,27,,14,,-0.8,,6.6,,11.4,,0,,0,,0,,0,,4,,,,<31,
4/28/1988,1988,4,28,,15.4,,1.4,,8.4,,9.6,,0,,0.8,,0,,0.8,,2,,,,<31,
4/29/1988,1988,4,29,,7,,0.9,,4,,14,,0,,5.8,,2.4,,8.2,,0,T,,,<31,
4/30/1988,1988,4,30,,6.6,,0.7,,3.7,,14.3,,0,,1,,0,T,1,,0,T,,,<31,
5/1/1988,1988,5,1,,10.3,,-0.3,,5,,13,,0,,0,,0,,0,,0,T,,,<31,
5/2/1988,1988,5,2,,9.5,,0.7,,5.1,,12.9,,0,,0,,0,T,0,T,0,T,,,<31,
5/3/1988,1988,5,3,,12.3,,-0.3,,6,,12,,0,,0,,0,,0,,0,T,,,<31,
5/4/1988,1988,5,4,,11.9,,0.2,,6.1,,11.9,,0,,0.8,,0,,0.8,,0,T,9,,74,E
5/5/1988,1988,5,5,,14.4,,-0.6,,6.9,,11.1,,0,,0.2,,0,,0.2,,0,T,,,<31,
5/6/1988,1988,5,6,,17,,-1.4,,7.8,,10.2,,0,,0,,0,,0,,0,T,,,<31,
5/7/1988,1988,5,7,,18.1,,1.8,,10,,8,,0,,0,T,0,,0,T,0,T,27,,33,E
5/8/1988,1988,5,8,,14.3,,5.7,,10,,8,,0,,1,,0,,1,,0,T,,,<31,
5/9/1988,1988,5,9,,19.7,,1.2,,10.5,,7.5,,0,,0,,0,,0,,0,,,,<31,
5/10/1988,1988,5,10,,17.8,,6,,11.9,,6.1,,0,,0,T,0,,0,T,0,,27,,37,E
5/11/1988,1988,5,11,,20.6,,0.4,,10.5,,7.5,,0,,0,,0,,0,,0,,,,<31,
5/12/1988,1988,5,12,,21.8,,9.3,,15.6,,2.4,,0,,0,T,0,,0,T,0,,,,<31,
5/13/1988,1988,5,13,,16.3,,6.7,,11.5,,6.5,,0,,6,,0,,6,,0,,,,<31,
5/14/1988,1988,5,14,,11.6,,6,,8.8,,9.2,,0,,0.2,,0,,0.2,,0,,,,<31,
5/15/1988,1988,5,15,,14,,1.4,,7.7,,10.3,,0,,0,,0,,0,,0,,,,<31,
5/16/1988,1988,5,16,,14.3,,-1,,6.7,,11.3,,0,,1.8,,0,,1.8,,0,,11,,37,E
5/17/1988,1988,5,17,,12,,2.4,,7.2,,10.8,,0,,11.8,,0,,11.8,,0,,21,,31,E
5/18/1988,1988,5,18,,11.8,,0,,5.9,,12.1,,0,,0,T,0,,0,T,0,,12,,41,E
5/19/1988,1988,5,19,,11.4,,1.4,,6.4,,11.6,,0,,1.5,,0,,1.5,,0,,27,,56,E
5/20/1988,1988,5,20,,11.2,,-2,,4.6,,13.4,,0,,0.6,,0,,0.6,,0,,,,<31,
5/21/1988,1988,5,21,,14.9,,-2.2,,6.4,,11.6,,0,,0,,0,,0,,0,,10,,48,E
5/22/1988,1988,5,22,,14,,6.7,,10.4,,7.6,,0,,2.8,,0,,2.8,,0,,9,,65,E
5/23/1988,1988,5,23,,11.9,,6.5,,9.2,,8.8,,0,,0,,0,,0,,0,,29,,48,E
5/24/1988,1988,5,24,,14.8,,3.7,,9.3,,8.7,,0,,0,,0,,0,,0,,30,,37,E
5/25/1988,1988,5,25,,14.8,,-1.9,,6.5,,11.5,,0,,0,,0,,0,,0,,,,<31,
5/26/1988,1988,5,26,,16.2,,1.5,,8.9,,9.1,,0,,1,,0,,1,,0,,12,,37,E
5/27/1988,1988,5,27,,14.9,,7.5,,11.2,,6.8,,0,,9,,0,,9,,0,,12,,56,E
5/28/1988,1988,5,28,,9.7,,6.5,,8.1,,9.9,,0,,3.8,,0,,3.8,,0,,8,,39,E
5/29/1988,1988,5,29,,8.4,,4.7,,6.6,,11.4,,0,,9.5,,0,,9.5,,0,,,,<31,
5/30/1988,1988,5,30,,14.2,,2.4,,8.3,,9.7,,0,,1.5,,0,,1.5,,0,,,,<31,
5/31/1988,1988,5,31,,14.2,,1.9,,8.1,,9.9,,0,,0,T,0,,0,T,0,,,,<31,
6/1/1988,1988,6,1,,13,,4,,8.5,,9.5,,0,,0,,0,,0,,0,,,,<31,
6/2/1988,1988,6,2,,15.6,,5.4,,10.5,,7.5,,0,,0.3,,0,,0.3,,0,,,,<31,
6/3/1988,1988,6,3,,13.6,,3.5,,8.6,,9.4,,0,,9.8,,0,,9.8,,0,,10,,39,E
6/4/1988,1988,6,4,,12.3,,6.3,,9.3,,8.7,,0,,8,,0,,8,,0,,,,<31,
6/5/1988,1988,6,5,,14.9,,6.5,,10.7,,7.3,,0,,3.8,,0,,3.8,,0,,,,<31,
6/6/1988,1988,6,6,,21,,4,,12.5,,5.5,,0,,0,,0,,0,,0,,,,<31,
6/7/1988,1988,6,7,,20.8,,10.8,,15.8,,2.2,,0,,0,,0,,0,,0,,,,<31,
6/8/1988,1988,6,8,,15.3,,6.8,,11.1,,6.9,,0,,14.2,,0,,14.2,,0,,,,<31,
6/9/1988,1988,6,9,,15.7,,10.5,,13.1,,4.9,,0,,7.4,,0,,7.4,,0,,,,<31,
6/10/1988,1988,6,10,,17.8,,10.6,,14.2,,3.8,,0,,1.5,,0,,1.5,,0,,,,<31,
6/11/1988,1988,6,11,,17.1,,10.5,,13.8,,4.2,,0,,0.4,,0,,0.4,,0,,,,<31,
6/12/1988,1988,6,12,,23.7,,6.6,,15.2,,2.8,,0,,5,,0,,5,,0,,6,,56,E
6/13/1988,1988,6,13,,23,,7,,15,,3,,0,,0,,0,,0,,0,,,,<31,
6/14/1988,1988,6,14,,25.7,,10.2,,18,,0,,0,,0,,0,,0,,0,,,,<31,
6/15/1988,1988,6,15,,23.2,,12.3,,17.8,,0.2,,0,,0,T,0,,0,T,0,,,,<31,
6/16/1988,1988,6,16,,19.7,,6.8,,13.3,,4.7,,0,,0,,0,,0,,0,,,,<31,
6/17/1988,1988,6,17,,20.1,,10.8,,15.5,,2.5,,0,,0,,0,,0,,0,,,,<31,
6/18/1988,1988,6,18,,13.9,,10.4,,12.2,,5.8,,0,,2.4,,0,,2.4,,0,,20,,48,E
6/19/1988,1988,6,19,,14.3,,7.4,,10.9,,7.1,,0,,0,,0,,0,,0,,27,,43,E
6/20/1988,1988,6,20,,15.2,,7.3,,11.3,,6.7,,0,,0,T,0,,0,T,0,,,,<31,
6/21/1988,1988,6,21,,21.4,,3.5,,12.5,,5.5,,0,,0,,0,,0,,0,,,,<31,
6/22/1988,1988,6,22,,21.5,,13.2,,17.4,,0.6,,0,,1.2,,0,,1.2,,0,,21,,59,
6/23/1988,1988,6,23,,15.7,,7.5,,11.6,,6.4,,0,,0,,0,,0,,0,,25,,33,
6/24/1988,1988,6,24,,16.4,,9.3,,12.9,,5.1,,0,,0,,0,,0,,0,,29,,46,
6/25/1988,1988,6,25,,17.2,,1,,9.1,,8.9,,0,,0,,0,,0,,0,,,,<31,
6/26/1988,1988,6,26,,20.3,,5.1,,12.7,,5.3,,0,,0,,0,,0,,0,,,,<31,
6/27/1988,1988,6,27,,22.4,,3.3,,12.9,,5.1,,0,,0,,0,,0,,0,,,,<31,
6/28/1988,1988,6,28,,15.8,,9.4,,12.6,,5.4,,0,,11.6,,0,,11.6,,0,,,,<31,
6/29/1988,1988,6,29,,15.2,,8.4,,11.8,,6.2,,0,,15.6,,0,,15.6,,0,,,,<31,
6/30/1988,1988,6,30,,12.6,,9.8,,11.2,,6.8,,0,,13.8,,0,,13.8,,0,,,,<31,
7/1/1988,1988,7,1,,10.2,,7.2,,8.7,,9.3,,0,,23,,0,,23,,0,,,,<31,
7/2/1988,1988,7,2,,13,,6.1,,9.6,,8.4,,0,,0,T,0,,0,T,0,,,,<31,
7/3/1988,1988,7,3,,15.3,,9.2,,12.3,,5.7,,0,,0.4,,0,,0.4,,0,,,,<31,
7/4/1988,1988,7,4,,18.6,,7,,12.8,,5.2,,0,,0,,0,,0,,0,,,,<31,
7/5/1988,1988,7,5,,17.2,,11,,14.1,,3.9,,0,,2.4,,0,,2.4,,0,,,,<31,
7/6/1988,1988,7,6,,19.3,,6.5,,12.9,,5.1,,0,,0.6,,0,,0.6,,0,,,,<31,
7/7/1988,1988,7,7,,20,,8.4,,14.2,,3.8,,0,,0,,0,,0,,0,,,,<31,
7/8/1988,1988,7,8,,19.4,,7.2,,13.3,,4.7,,0,,0.2,,0,,0.2,,0,,,,<31,
7/9/1988,1988,7,9,,16.1,,8.9,,12.5,,5.5,,0,,7,,0,,7,,0,,,,<31,
7/10/1988,1988,7,10,,17.6,,7.2,,12.4,,5.6,,0,,0,T,0,,0,T,0,,,,<31,
7/11/1988,1988,7,11,,15.6,,8.9,,12.3,,5.7,,0,,14.2,,0,,14.2,,0,,,,<31,
7/12/1988,1988,7,12,,16,,9.2,,12.6,,5.4,,0,,31.2,,0,,31.2,,0,,,,<31,
7/13/1988,1988,7,13,,12.4,,6.9,,9.7,,8.3,,0,,20.8,,0,,20.8,,0,,,,<31,
7/14/1988,1988,7,14,,21.2,,10.4,,15.8,,2.2,,0,,4.2,,0,,4.2,,0,,,,<31,
7/15/1988,1988,7,15,,17,,9.6,,13.3,,4.7,,0,,2,,0,,2,,0,,,,<31,
7/16/1988,1988,7,16,,20.5,,8.5,,14.5,,3.5,,0,,11.8,,0,,11.8,,0,,,,<31,
7/17/1988,1988,7,17,,24,,9.2,,16.6,,1.4,,0,,2.1,,0,,2.1,,0,,,,<31,
7/18/1988,1988,7,18,,25,,8.6,,16.8,,1.2,,0,,1,,0,,1,,0,,,,<31,
7/19/1988,1988,7,19,,26,,8.4,,17.2,,0.8,,0,,0,,0,,0,,0,,,,<31,
7/20/1988,1988,7,20,,26.1,,10.4,,18.3,,0,,0.3,,0,,0,,0,,0,,27,,59,E
7/21/1988,1988,7,21,,16.9,,6.6,,11.8,,6.2,,0,,0,T,0,,0,T,0,,30,,33,
7/22/1988,1988,7,22,,16.8,,9.7,,13.3,,4.7,,0,,0,T,0,,0,T,0,,28,,59,E
7/23/1988,1988,7,23,,18.1,,9.5,,13.8,,4.2,,0,,0,,0,,0,,0,,,,<31,
7/24/1988,1988,7,24,,17.5,,7.7,,12.6,,5.4,,0,,0.3,,0,,0.3,,0,,,,<31,
7/25/1988,1988,7,25,,19.3,,10.2,,14.8,,3.2,,0,,2.6,,0,,2.6,,0,,,,<31,
7/26/1988,1988,7,26,,18.4,,9.6,,14,,4,,0,,8.6,,0,,8.6,,0,,29,,56,E
7/27/1988,1988,7,27,,19.6,,5.3,,12.5,,5.5,,0,,0,T,0,,0,T,0,,,,<31,
7/28/1988,1988,7,28,,21.2,,8.2,,14.7,,3.3,,0,,0,T,0,,0,T,0,,19,,52,E
7/29/1988,1988,7,29,,16.8,,10.7,,13.8,,4.2,,0,,1.4,,0,,1.4,,0,,,,<31,
7/30/1988,1988,7,30,,18.9,,5.2,,12.1,,5.9,,0,,0,,0,,0,,0,,15,,41,E
7/31/1988,1988,7,31,,21.7,,9.9,,15.8,,2.2,,0,,1,,0,,1,,0,,,,<31,
8/1/1988,1988,8,1,,25.2,,5.4,,15.3,,2.7,,0,,0,,0,,0,,0,,,,<31,
8/2/1988,1988,8,2,,21.8,,13,,17.4,,0.6,,0,,0,,0,,0,,0,,,,<31,
8/3/1988,1988,8,3,,19.2,,10.9,,15.1,,2.9,,0,,1,,0,,1,,0,,,,<31,
8/4/1988,1988,8,4,,14.8,,9.6,,12.2,,5.8,,0,,4.6,,0,,4.6,,0,,,,<31,
8/5/1988,1988,8,5,,15.6,,7.5,,11.6,,6.4,,0,,6.3,,0,,6.3,,0,,,,<31,
8/6/1988,1988,8,6,,21,,6.7,,13.9,,4.1,,0,,0,,0,,0,,0,,,,<31,
8/7/1988,1988,8,7,,19.3,,5.5,,12.4,,5.6,,0,,0,,0,,0,,0,,,,<31,
8/8/1988,1988,8,8,,17.8,,10.2,,14,,4,,0,,3.4,,0,,3.4,,0,,,,<31,
8/9/1988,1988,8,9,,16.9,,10.7,,13.8,,4.2,,0,,3.2,,0,,3.2,,0,,,,<31,
8/10/1988,1988,8,10,,20.9,,7,,14,,4,,0,,0,T,0,,0,T,0,,,,<31,
8/11/1988,1988,8,11,,23.3,,4.1,,13.7,,4.3,,0,,0,,0,,0,,0,,,,<31,
8/12/1988,1988,8,12,,18.2,,11.4,,14.8,,3.2,,0,,0,T,0,,0,T,0,,,,<31,
8/13/1988,1988,8,13,,18.2,,6,,12.1,,5.9,,0,,0.4,,0,,0.4,,0,,,,<31,
8/14/1988,1988,8,14,,20.2,,7.2,,13.7,,4.3,,0,,0,T,0,,0,T,0,,,,<31,
8/15/1988,1988,8,15,,21.7,,2.9,,12.3,,5.7,,0,,0,,0,,0,,0,,,,<31,
8/16/1988,1988,8,16,,22.4,,4.3,,13.4,,4.6,,0,,0,,0,,0,,0,,,,<31,
8/17/1988,1988,8,17,,24.2,,5.6,,14.9,,3.1,,0,,0,,0,,0,,0,,,,<31,
8/18/1988,1988,8,18,,22,,8.4,,15.2,,2.8,,0,,0,,0,,0,,0,,,,<31,
8/19/1988,1988,8,19,,20.6,,7.3,,14,,4,,0,,0,,0,,0,,0,,26,,37,E
8/20/1988,1988,8,20,,19.2,,1,,10.1,,7.9,,0,,0,,0,,0,,0,,24,,41,E
8/21/1988,1988,8,21,,18.3,,5.5,,11.9,,6.1,,0,,0,,0,,0,,0,,,,<31,
8/22/1988,1988,8,22,,18.7,,11.4,,15.1,,2.9,,0,,0,,0,,0,,0,,25,,59,E
8/23/1988,1988,8,23,,16,,0.5,,8.3,,9.7,,0,,0,,0,,0,,0,,29,,37,E
8/24/1988,1988,8,24,,16.2,,0.6,,8.4,,9.6,,0,,1.6,,0,,1.6,,0,,,,<31,
8/25/1988,1988,8,25,,19.5,,8,,13.8,,4.2,,0,,0,,0,,0,,0,,,,<31,
8/26/1988,1988,8,26,,21,,3.8,,12.4,,5.6,,0,,0,T,0,,0,T,0,,,,<31,
8/27/1988,1988,8,27,,21,,11.3,,16.2,,1.8,,0,,0,,0,,0,,0,,,,<31,
8/28/1988,1988,8,28,,18.7,,8.7,,13.7,,4.3,,0,,0,T,0,,0,T,0,,,,<31,
8/29/1988,1988,8,29,,15.4,,9.9,,12.7,,5.3,,0,,7.4,,0,,7.4,,0,,,,<31,
8/30/1988,1988,8,30,,18.2,,2.4,,10.3,,7.7,,0,,0,,0,,0,,0,,27,,46,E
8/31/1988,1988,8,31,,16,,1.5,,8.8,,9.2,,0,,2.4,,0,,2.4,,0,,,,<31,
9/1/1988,1988,9,1,,17.2,,6,,11.6,,6.4,,0,,4,,0,,4,,0,,25,,33,E
9/2/1988,1988,9,2,,16.5,,2.1,,9.3,,8.7,,0,,0,,0,,0,,0,,,,<31,
9/3/1988,1988,9,3,,22.1,,2,,12.1,,5.9,,0,,0,,0,,0,,0,,,,<31,
9/4/1988,1988,9,4,,24.8,,7.3,,16.1,,1.9,,0,,0,,0,,0,,0,,,,<31,
9/5/1988,1988,9,5,,17.1,,7.4,,12.3,,5.7,,0,,13.4,,0,,13.4,,0,,27,,56,E
9/6/1988,1988,9,6,,11.2,,-1,,5.1,,12.9,,0,,0.2,,0,,0.2,,0,,27,,56,E
9/7/1988,1988,9,7,,15.3,,5.2,,10.3,,7.7,,0,,0.4,,0,,0.4,,0,,17,,44,E
9/8/1988,1988,9,8,,13.9,,1.2,,7.6,,10.4,,0,,0,,0,,0,,0,,,,<31,
9/9/1988,1988,9,9,,11.3,,4.1,,7.7,,10.3,,0,,0.2,,0,,0,,0,,24,,43,E
9/10/1988,1988,9,10,,14.2,,-2.3,,6,,12,,0,,0,,0,,0,,0,,,,<31,
9/11/1988,1988,9,11,,19,,7.7,,13.4,,4.6,,0,,3.6,,0,,3.6,,0,,26,,65,E
9/12/1988,1988,9,12,,13.6,,2.2,,7.9,,10.1,,0,,0,T,0,,0,T,0,,,,<31,
9/13/1988,1988,9,13,,15.2,,3.2,,9.2,,8.8,,0,,0.4,,0,,0.4,,0,,24,,52,
9/14/1988,1988,9,14,,12.2,,-1.9,,5.2,,12.8,,0,,0,,0,,0,,0,,,,<31,
9/15/1988,1988,9,15,,9.2,,1.6,,5.4,,12.6,,0,,4.2,,0,T,4.2,,0,,,,<31,
9/16/1988,1988,9,16,,14.3,,-2.5,,5.9,,12.1,,0,,0,,0,,0,,0,,,,<31,
9/17/1988,1988,9,17,,13.5,,-2.1,,5.7,,12.3,,0,,0,,0,,0,,0,,,,<31,
9/18/1988,1988,9,18,,11.8,,-1.3,,5.3,,12.7,,0,,0,,0,,0,,0,,9,,44,E
9/19/1988,1988,9,19,,10.4,,-3.3,,3.6,,14.4,,0,,0,T,0,,0,T,0,,,,<31,
9/20/1988,1988,9,20,,13.8,,6.8,,10.3,,7.7,,0,,0.2,,0,,0.2,,0,,25,,56,E
9/21/1988,1988,9,21,,12.4,,1.1,,6.8,,11.2,,0,,0.6,,0,,0.6,,0,,,,<31,
9/22/1988,1988,9,22,,10.7,,4,,7.4,,10.6,,0,,0.2,,0,,0.2,,0,,,,<31,
9/23/1988,1988,9,23,,5.6,,0.2,,2.9,,15.1,,0,,4.2,,1.4,,6.4,,0,,,,<31,
9/24/1988,1988,9,24,,7.7,,0,,3.9,,14.1,,0,,0,,0,,0,,0,,,,<31,
9/25/1988,1988,9,25,,9.5,,-0.4,,4.6,,13.4,,0,,0,,0,,0,,0,,,,<31,
9/26/1988,1988,9,26,,9.3,,-2.4,,3.5,,14.5,,0,,0,,0,,0,,0,,,,<31,
9/27/1988,1988,9,27,,8.3,,1.4,,4.9,,13.1,,0,,0,T,0,,0,T,0,,,,<31,
9/28/1988,1988,9,28,,7.9,,2.2,,5.1,,12.9,,0,,7.4,,0.2,,7.6,,0,,12,,37,E
9/29/1988,1988,9,29,,10.5,,4.4,,7.5,,10.5,,0,,4,,0,T,4,,0,,,,<31,
9/30/1988,1988,9,30,,10.4,,-0.2,,5.1,,12.9,,0,,0,,0,,0,,0,,,,<31,
10/1/1988,1988,10,1,,10.8,,-1.4,,4.7,,13.3,,0,,0,,0,,0,,0,,,,<31,
10/2/1988,1988,10,2,,8.1,,-3.1,,2.5,,15.5,,0,,0,,0,,0,,0,,,,<31,
10/3/1988,1988,10,3,,7.7,,-1.4,,3.2,,14.8,,0,,0,,0,,0,,0,,,,<31,
10/4/1988,1988,10,4,,15.9,,-0.3,,7.8,,10.2,,0,,0,T,0,,0,T,0,,,,<31,
10/5/1988,1988,10,5,,15.9,,0.3,,8.1,,9.9,,0,,0,,0,,0,,0,,,,<31,
10/6/1988,1988,10,6,,12.9,,5.1,,9,,9,,0,,0.2,,0,,0.2,,0,,,,<31,
10/7/1988,1988,10,7,,13,,0.4,,6.7,,11.3,,0,,0.3,,0,,0.3,,0,,27,,50,
10/8/1988,1988,10,8,,15,,5.6,,10.3,,7.7,,0,,0,T,0,T,0,T,0,,24,,74,
10/9/1988,1988,10,9,,10.8,,5.2,,8,,10,,0,,0.6,,0,,0.6,,0,,,,<31,
10/10/1988,1988,10,10,,10.6,,-0.2,,5.2,,12.8,,0,,0,,0,,0,,0,,,,<31,
10/11/1988,1988,10,11,,5.8,,-1.3,,2.3,,15.7,,0,,0.9,,0,,0.9,,0,,,,<31,
10/12/1988,1988,10,12,,11.8,,1.4,,6.6,,11.4,,0,,1.2,,0,,1.2,,0,,,,<31,
10/13/1988,1988,10,13,,11.2,,-0.7,,5.3,,12.7,,0,,1.3,,0,,1.3,,0,,,,<31,
10/14/1988,1988,10,14,,8.1,,-1.2,,3.5,,14.5,,0,,0.6,,0,,0.6,,0,,,,<31,
10/15/1988,1988,10,15,,6.6,,-2.2,,2.2,,15.8,,0,,0,T,0,,0,T,0,,,,<31,
10/16/1988,1988,10,16,,7.2,,-0.9,,3.2,,14.8,,0,,0.2,,0,T,0.2,,0,,24,,33,
10/17/1988,1988,10,17,,3.1,,0,,1.6,,16.4,,0,,1,,0.6,,1.6,,0,,,,<31,
10/18/1988,1988,10,18,,5.5,,-0.3,,2.6,,15.4,,0,,0,,0,,0,,0,,,,<31,
10/19/1988,1988,10,19,,4.1,,-5.5,,-0.7,,18.7,,0,,0,,4.8,,3.2,,2,,11,,35,E
10/20/1988,1988,10,20,,0.1,,-6.6,,-3.3,,21.3,,0,,0,,1.4,,0.8,,2,,,,<31,
10/21/1988,1988,10,21,,0,,-12.1,,-6.1,,24.1,,0,,0,,7.4,,6,,1,,10,,56,E
10/22/1988,1988,10,22,,-11.9,,-22.5,,-17.2,,35.2,,0,,0,,6.6,,5.2,,8,,,,<31,
10/23/1988,1988,10,23,,-8.1,,-12.7,,-10.4,,28.4,,0,,0,,0.7,,0.2,,13,,,,<31,
10/24/1988,1988,10,24,,-2.5,,-13.3,,-7.9,,25.9,,0,,0,,2,,1.4,,15,,,,<31,
10/25/1988,1988,10,25,,-4,,-8.9,,-6.5,,24.5,,0,,0,,1.8,,0.9,,15,,,,<31,
10/26/1988,1988,10,26,,-5.7,,-11.9,,-8.8,,26.8,,0,,0,,0,T,0,T,16,,,,<31,
10/27/1988,1988,10,27,,-8.1,,-17.1,,-12.6,,30.6,,0,,0,,0,T,0,T,16,,,,<31,
10/28/1988,1988,10,28,,-6.5,,-15.4,,-11,,29,,0,,0,,0,T,0,T,16,,,,<31,
10/29/1988,1988,10,29,,-7.1,,-15.6,,-11.4,,29.4,,0,,0,,0.8,,0.6,,16,,,,<31,
10/30/1988,1988,10,30,,-4.8,,-15.6,,-10.2,,28.2,,0,,0,,1.4,,0.9,,17,,,,<31,
10/31/1988,1988,10,31,,-7.8,,-17.2,,-12.5,,30.5,,0,,0,,0.6,,0.3,,17,,,,<31,
11/1/1988,1988,11,1,,-5.4,,-12,,-8.7,,26.7,,0,,0,,1.2,,1,,16,,,,<31,
11/2/1988,1988,11,2,,-6.4,,-9.2,,-7.8,,25.8,,0,,0,,0,T,0,T,16,,,,<31,
11/3/1988,1988,11,3,,-5.2,,-8.7,,-7,,25,,0,,0,,5,,2.8,,16,,,,<31,
11/4/1988,1988,11,4,,-5.7,,-11,,-8.4,,26.4,,0,,0,,2,,1,,20,,,,<31,
11/5/1988,1988,11,5,,-6.9,,-10.2,,-8.6,,26.6,,0,,0,,2.3,,1.4,,20,,,,<31,
11/6/1988,1988,11,6,,-3,,-9.8,,-6.4,,24.4,,0,,0,,3.8,,2.4,,23,,,,<31,
11/7/1988,1988,11,7,,-5,,-15.3,,-10.2,,28.2,,0,,0,,0,,0,,22,,,,<31,
11/8/1988,1988,11,8,,-8.7,,-13.4,,-11.1,,29.1,,0,,0,,2.7,,2.7,,21,,,,<31,
11/9/1988,1988,11,9,,-8.3,,-11.5,,-9.9,,27.9,,0,,0,,2.8,,1,,25,,,,<31,
11/10/1988,1988,11,10,,-7.9,,-11.9,,-9.9,,27.9,,0,,0,,1.4,,1.4,,25,,,,<31,
11/11/1988,1988,11,11,,-8.8,,-19.3,,-14.1,,32.1,,0,,0,,0.6,,0.6,,24,,,,<31,
11/12/1988,1988,11,12,,-11.3,,-15.2,,-13.3,,31.3,,0,,0,,2.4,,1.2,,24,,,,<31,
11/13/1988,1988,11,13,,-11.9,,-20,,-16,,34,,0,,,M,0,T,0,T,26,,,,<31,
11/14/1988,1988,11,14,,-14.2,,-23.5,,-18.9,,36.9,,0,,0,,0,,0,,26,,,,<31,
11/15/1988,1988,11,15,,-10.8,,-18.3,,-14.6,,32.6,,0,,0,,1,,0.8,,26,,,,<31,
11/16/1988,1988,11,16,,-10.2,,-22.8,,-16.5,,34.5,,0,,0,,0,T,0,T,27,,,,<31,
11/17/1988,1988,11,17,,-10.8,,-16.4,,-13.6,,31.6,,0,,0,,7,,2.8,,27,,,,<31,
11/18/1988,1988,11,18,,-16.1,,-23.2,,-19.7,,37.7,,0,,0,,4.6,,2.3,,32,,,,<31,
11/19/1988,1988,11,19,,-18.1,,-32.6,,-25.4,,43.4,,0,,0,,0,,0,,33,,,,<31,
11/20/1988,1988,11,20,,-16.6,,-22.8,,-19.7,,37.7,,0,,0,,0,T,0,T,33,,,,<31,
11/21/1988,1988,11,21,,-13.2,,-16.7,,-15,,33,,0,,0,,0,,0,,33,,,,<31,
11/22/1988,1988,11,22,,-13.1,,-18.3,,-15.7,,33.7,,0,,0,,0,,0,,30,,,,<31,
11/23/1988,1988,11,23,,-7.5,,-19.7,,-13.6,,31.6,,0,,0,,2.8,,1.2,,29,,,,<31,
11/24/1988,1988,11,24,,-12.3,,-21,,-16.7,,34.7,,0,,0,,0.2,,0,T,31,,,,<31,
11/25/1988,1988,11,25,,-19.6,,-29,,-24.3,,42.3,,0,,0,,0.2,,0.2,,30,,,,<31,
11/26/1988,1988,11,26,,-26.1,,-36.4,,-31.3,,49.3,,0,,0,,0,,0,,29,,,,<31,
11/27/1988,1988,11,27,,-21.3,,-32.1,,-26.7,,44.7,,0,,0,,4.6,,2,,30,,,,<31,
11/28/1988,1988,11,28,,-19.9,,-29.2,,-24.6,,42.6,,0,,0,,2.6,,2.2,,34,,,,<31,
11/29/1988,1988,11,29,,0.8,,-21.7,,-10.5,,28.5,,0,,0,T,2.2,,1.7,,34,,,,<31,
11/30/1988,1988,11,30,,7,,-2,,2.5,,15.5,,0,,0,T,0,,0,T,35,,23,,48,
12/1/1988,1988,12,1,,1.8,,-17.4,,-7.8,,25.8,,0,,0,,0,T,0,T,32,,,,<31,
12/2/1988,1988,12,2,,-5.3,,-19,,-12.2,,30.2,,0,,0,,0,,0,,32,,,,<31,
12/3/1988,1988,12,3,,-1.1,,-9.6,,-5.4,,23.4,,0,,0,,0.2,,0,T,31,,9,,35,E
12/4/1988,1988,12,4,,-2.1,,-16.5,,-9.3,,27.3,,0,,0,,0,,0,,31,,,,<31,
12/5/1988,1988,12,5,,-4.2,,-22.9,,-13.6,,31.6,,0,,0,,0,,0,,31,,,,<31,
12/6/1988,1988,12,6,,-21.7,,-32,,-26.9,,44.9,,0,,0,,0,,0,,30,,,,<31,
12/7/1988,1988,12,7,,-29.7,,-36.5,,-33.1,,51.1,,0,,0,,0,,0,,30,,,,<31,
12/8/1988,1988,12,8,,-20.2,,-31.5,,-25.9,,43.9,,0,,0,,5,,6,,30,,,,<31,
12/9/1988,1988,12,9,,-14.5,,-21.1,,-17.8,,35.8,,0,,0,,5,,3.3,,35,,,,<31,
12/10/1988,1988,12,10,,-11.5,,-18.4,,-15,,33,,0,,0,,1.6,,1.2,,41,,,,<31,
12/11/1988,1988,12,11,,-8.4,,-18.1,,-13.3,,31.3,,0,,0,,0.3,,0.3,,36,,,,<31,
12/12/1988,1988,12,12,,-8.6,,-18.2,,-13.4,,31.4,,0,,0,,0,,0,,36,,,,<31,
12/13/1988,1988,12,13,,-14.5,,-24,,-19.3,,37.3,,0,,0,,0,,0,,39,,,,<31,
12/14/1988,1988,12,14,,-7.6,,-25.1,,-16.4,,34.4,,0,,0,,0,T,0,T,38,,,,<31,
12/15/1988,1988,12,15,,1,,-10.1,,-4.6,,22.6,,0,,0,,0,T,0,T,38,,,,<31,
12/16/1988,1988,12,16,,-0.1,,-7.4,,-3.8,,21.8,,0,,0,,0,,0,,37,,,,<31,
12/17/1988,1988,12,17,,-0.5,,-7.1,,-3.8,,21.8,,0,,0,,0.3,,0.3,,37,,,,<31,
12/18/1988,1988,12,18,,-6.5,,-26.2,,-16.4,,34.4,,0,,0,,0.2,,0,T,36,,,,<31,
12/19/1988,1988,12,19,,-18.9,,-27.1,,-23,,41,,0,,0,,0,,0,,36,,,,<31,
12/20/1988,1988,12,20,,-23,,-30.2,,-26.6,,44.6,,0,,0,,0,,0,,36,,,,<31,
12/21/1988,1988,12,21,,-21.2,,-31.9,,-26.6,,44.6,,0,,0,,0.2,,0.2,,35,,,,<31,
12/22/1988,1988,12,22,,-19.8,,-24.9,,-22.4,,40.4,,0,,0,,0,T,0,T,35,,,,<31,
12/23/1988,1988,12,23,,-18.1,,-22.6,,-20.4,,38.4,,0,,0,,3.6,,2.8,,37,,,,<31,
12/24/1988,1988,12,24,,-17.9,,-34.5,,-26.2,,44.2,,0,,0,,0.2,,0,T,39,,,,<31,
12/25/1988,1988,12,25,,-26,,-38.6,,-32.3,,50.3,,0,,0,,1.6,,1.4,,39,,,,<31,
12/26/1988,1988,12,26,,-22.5,,-31.6,,-27.1,,45.1,,0,,0,,0,T,0,T,40,,,,<31,
12/27/1988,1988,12,27,,-20.3,,-32.7,,-26.5,,44.5,,0,,0,,4,,2.6,,40,,,,<31,
12/28/1988,1988,12,28,,-18.5,,-23.5,,-21,,39,,0,,0,,1.7,,1.7,,45,,,,<31,
12/29/1988,1988,12,29,,-16.3,,-25.5,,-20.9,,38.9,,0,,0,,1.6,,1.4,,46,,,,<31,
12/30/1988,1988,12,30,,-25,,-33.8,,-29.4,,47.4,,0,,0,,0,,0,,46,,,,<31,
12/31/1988,1988,12,31,,-20.9,,-34.2,,-27.6,,45.6,,0,,0,,1.6,,1.2,,46,,,,<31,
1/1/1989,1989,1,1,,-15.8,,-24.3,,-20.1,,38.1,,0,,0,,5,,3.4,,47,,,,<31,
1/2/1989,1989,1,2,,-15.3,,-28,,-21.7,,39.7,,0,,0,,1.2,,0.7,,52,,,,<31,
1/3/1989,1989,1,3,,-16.1,,-25,,-20.6,,38.6,,0,,0,,1.2,,0.4,,53,,,,<31,
1/4/1989,1989,1,4,,-25,,-37.4,,-31.2,,49.2,,0,,0,,0,T,0,T,54,,,,<31,
1/5/1989,1989,1,5,,-35.2,,-42.4,,-38.8,,56.8,,0,,0,,0,,0,,54,,,,<31,
1/6/1989,1989,1,6,,-39.8,,-44.8,,-42.3,,60.3,,0,,0,,0,,0,,53,,,,<31,
1/7/1989,1989,1,7,,-33,,-46.4,,-39.7,,57.7,,0,,0,,0,T,0,T,53,,,,<31,
1/8/1989,1989,1,8,,-29.6,,-36.4,,-33,,51,,0,,0,,0.2,,0,T,53,,,,<31,
1/9/1989,1989,1,9,,-27,,-37.6,,-32.3,,50.3,,0,,0,,1.4,,1,,53,,,,<31,
1/10/1989,1989,1,10,,-22.3,,-26.9,,-24.6,,42.6,,0,,0,,2.7,,1.8,,55,,,,<31,
1/11/1989,1989,1,11,,-21.7,,-32.6,,-27.2,,45.2,,0,,0,,0,,0,,54,,,,<31,
1/12/1989,1989,1,12,,-17.5,,-28.1,,-22.8,,40.8,,0,,0,,1.6,,0.8,,54,,,,<31,
1/13/1989,1989,1,13,,-20.1,,-33.2,,-26.7,,44.7,,0,,0,,0,T,0,T,54,,,,<31,
1/14/1989,1989,1,14,,-17.2,,-24.4,,-20.8,,38.8,,0,,0,,0,T,0,T,54,,,,<31,
1/15/1989,1989,1,15,,-15.2,,-27.2,,-21.2,,39.2,,0,,0,,5.6,,4.6,,53,,,,<31,
1/16/1989,1989,1,16,,-17.8,,-28.4,,-23.1,,41.1,,0,,0,,4.8,,4,,57,,,,<31,
1/17/1989,1989,1,17,,-18,,-27,,-22.5,,40.5,,0,,0,,0.8,,0.6,,61,,,,<31,
1/18/1989,1989,1,18,,-14.8,,-21.4,,-18.1,,36.1,,0,,0,,1.8,,1.4,,62,,,,<31,
1/19/1989,1989,1,19,,-15.9,,-29.6,,-22.8,,40.8,,0,,0,,8.6,,6.6,,63,,,,<31,
1/20/1989,1989,1,20,,-16.2,,-23.9,,-20.1,,38.1,,0,,0,,0,T,0,T,68,,,,<31,
1/21/1989,1989,1,21,,-20.3,,-28,,-24.2,,42.2,,0,,0,,0,T,0,T,68,,,,<31,
1/22/1989,1989,1,22,,-23.2,,-37.3,,-30.3,,48.3,,0,,0,,0,T,0,T,66,,,,<31,
1/23/1989,1989,1,23,,-25.8,,-37.5,,-31.7,,49.7,,0,,0,,0.6,,0.6,,66,,,,<31,
1/24/1989,1989,1,24,,-22.8,,-30.2,,-26.5,,44.5,,0,,0,,0.4,,0.4,,65,,,,<31,
1/25/1989,1989,1,25,,1.7,,-23.7,,-11,,29,,0,,0,,5.2,,3.8,,69,,,,<31,
1/26/1989,1989,1,26,,0.5,,-6.4,,-3,,21,,0,,0,,8.2,,5.2,,66,,,,<31,
1/27/1989,1989,1,27,,0,,-11.3,,-5.7,,23.7,,0,,0,,0,,0,,71,,25,,41,
1/28/1989,1989,1,28,,1.7,,-12,,-5.2,,23.2,,0,,0,,0,T,0,T,71,,26,,78,
1/29/1989,1989,1,29,,-6.1,,-24.3,,-15.2,,33.2,,0,,0,,4.4,,3.2,,69,,13,,44,
1/30/1989,1989,1,30,,-24,,-34.2,,-29.1,,47.1,,0,,0,,1.8,,1.4,,72,,12,,46,E
1/31/1989,1989,1,31,,-31.1,,-44.6,,-37.9,,55.9,,0,,0,,0,T,0,T,72,,,,<31,
2/1/1989,1989,2,1,,-31.2,,-48,,-39.6,,57.6,,0,,0,,0,T,0,T,72,,,,<31,
2/2/1989,1989,2,2,,-32.4,,-43,,-37.7,,55.7,,0,,0,,0,T,0,T,72,,,,<31,
2/3/1989,1989,2,3,,-24,,-43.2,,-33.6,,51.6,,0,,0,,0,T,0,T,72,,,,<31,
2/4/1989,1989,2,4,,-20.7,,-37.2,,-29,,47,,0,,0,,0,,0,,70,,,,<31,
2/5/1989,1989,2,5,,-20.5,,-40.5,,-30.5,,48.5,,0,,0,,0,,0,,70,,,,<31,
2/6/1989,1989,2,6,,-18.2,,-34.9,,-26.6,,44.6,,0,,0,,0,,0,,70,,,,<31,
2/7/1989,1989,2,7,,-19,,-35.3,,-27.2,,45.2,,0,,0,,0,,0,,70,,,,<31,
2/8/1989,1989,2,8,,-18.2,,-33.6,,-25.9,,43.9,,0,,0,,0,,0,,70,,,,<31,
2/9/1989,1989,2,9,,-13.2,,-27.3,,-20.3,,38.3,,0,,0,,0,,0,,69,,,,<31,
2/10/1989,1989,2,10,,-7.3,,-27.1,,-17.2,,35.2,,0,,0,,0,,0,,69,,,,<31,
2/11/1989,1989,2,11,,-10.5,,-26.7,,-18.6,,36.6,,0,,0,,0.6,,0.6,,67,,,,<31,
2/12/1989,1989,2,12,,-10.3,,-26.5,,-18.4,,36.4,,0,,0,,0,,0,,67,,,,<31,
2/13/1989,1989,2,13,,-0.6,,-16.3,,-8.5,,26.5,,0,,0,,0,T,0,T,67,,,,<31,
2/14/1989,1989,2,14,,-5.5,,-20.2,,-12.9,,30.9,,0,,0,,0,T,0,T,66,,,,<31,
2/15/1989,1989,2,15,,-5.8,,-27.7,,-16.8,,34.8,,0,,0,,0.8,,0.4,,66,,12,,44,E
2/16/1989,1989,2,16,,-16.5,,-36.1,,-26.3,,44.3,,0,,0,,0,,0,,66,,,,<31,
2/17/1989,1989,2,17,,-15.6,,-33.3,,-24.5,,42.5,,0,,0,,0,,0,,65,,,,<31,
2/18/1989,1989,2,18,,-15.3,,-32.2,,-23.8,,41.8,,0,,0,,0,,0,,65,,,,<31,
2/19/1989,1989,2,19,,-11.4,,-31.2,,-21.3,,39.3,,0,,0,,0,,0,,64,,,,<31,
2/20/1989,1989,2,20,,-10.2,,-31.1,,-20.7,,38.7,,0,,0,,0,,0,,63,,,,<31,
2/21/1989,1989,2,21,,-9,,-30.2,,-19.6,,37.6,,0,,0,,0,,0,,63,,,,<31,
2/22/1989,1989,2,22,,-4.1,,-23.9,,-14,,32,,0,,0,,0,,0,,62,,,,<31,
2/23/1989,1989,2,23,,-2.8,,-15.7,,-9.3,,27.3,,0,,0,,0,,0,,62,,,,<31,
2/24/1989,1989,2,24,,-4.9,,-21.9,,-13.4,,31.4,,0,,0,,0,T,0,T,60,,,,<31,
2/25/1989,1989,2,25,,-9.8,,-28.4,,-19.1,,37.1,,0,,0,,0,,0,,60,,,,<31,
2/26/1989,1989,2,26,,0.3,,-19,,-9.4,,27.4,,0,,0,,0,T,0,T,60,,29,,56,E
2/27/1989,1989,2,27,,-8,,-21.5,,-14.8,,32.8,,0,,0,,0,,0,,60,,,,<31,
2/28/1989,1989,2,28,,-12.7,,-32,,-22.4,,40.4,,0,,0,,0,T,0,T,54,,,,<31,
3/1/1989,1989,3,1,,-7.9,,-20.4,,-14.2,,32.2,,0,,0,,0,,0,,52,,,,<31,
3/2/1989,1989,3,2,,-8,,-22,,-15,,33,,0,,0,,0.2,,0,T,52,,,,<31,
3/3/1989,1989,3,3,,-8.8,,-20.9,,-14.9,,32.9,,0,,0,,2.2,,2,,52,,10,,63,E
3/4/1989,1989,3,4,,-19.6,,-23.2,,-21.4,,39.4,,0,,0,,4.8,,4.2,,54,,8,,41,E
3/5/1989,1989,3,5,,-19.3,,-30.8,,-25.1,,43.1,,0,,0,,4.8,,4.2,,57,,10,,41,E
3/6/1989,1989,3,6,,-16.7,,-37.8,,-27.3,,45.3,,0,,0,,0.8,,0.6,,60,,,,<31,
3/7/1989,1989,3,7,,-15,,-21.4,,-18.2,,36.2,,0,,0,,2,,1.2,,60,,,,<31,
3/8/1989,1989,3,8,,-13.5,,-27.4,,-20.5,,38.5,,0,,0,,1.2,,1,,61,,,,<31,
3/9/1989,1989,3,9,,-20,,-30.9,,-25.5,,43.5,,0,,0,,0,T,0,T,61,,,,<31,
3/10/1989,1989,3,10,,-19.2,,-35.6,,-27.4,,45.4,,0,,0,,0.2,,0,T,61,,,,<31,
3/11/1989,1989,3,11,,-16.8,,-34.2,,-25.5,,43.5,,0,,0,,0,T,0,T,61,,,,<31,
3/12/1989,1989,3,12,,-11.6,,-39,,-25.3,,43.3,,0,,0,,0,,0,,60,,,,<31,
3/13/1989,1989,3,13,,-3.8,,-25.5,,-14.7,,32.7,,0,,0,,0,,0,,60,,,,<31,
3/14/1989,1989,3,14,,5.2,,-24.9,,-9.9,,27.9,,0,,0,,0,,0,,58,,34,,39,E
3/15/1989,1989,3,15,,-2.9,,-21,,-12,,30,,0,,0,,0,,0,,58,,,,<31,
3/16/1989,1989,3,16,,-4.7,,-19.7,,-12.2,,30.2,,0,,0,,0,,0,,58,,,,<31,
3/17/1989,1989,3,17,,-4,,-23.3,,-13.7,,31.7,,0,,0,,0,,0,,57,,,,<31,
3/18/1989,1989,3,18,,-7.6,,-14.8,,-11.2,,29.2,,0,,0,,0.2,,0.2,,57,,,,<31,
3/19/1989,1989,3,19,,-7.6,,-14.6,,-11.1,,29.1,,0,,0,,0,T,0,T,57,,,,<31,
3/20/1989,1989,3,20,,-0.6,,-15.8,,-8.2,,26.2,,0,,0,,0,T,0,T,57,,,,<31,
3/21/1989,1989,3,21,,0.8,,-25.1,,-12.2,,30.2,,0,,0,,0,,0,,57,,,,<31,
3/22/1989,1989,3,22,,4.9,,-7.2,,-1.2,,19.2,,0,,0,,0,,0,,56,,,,<31,
3/23/1989,1989,3,23,,2.6,,-4.6,,-1,,19,,0,,0,,0,T,0,T,56,,,,<31,
3/24/1989,1989,3,24,,2.9,,-7.8,,-2.5,,20.5,,0,,0,,5.2,,3,,56,,,,<31,
3/25/1989,1989,3,25,,-7.5,,-15.4,,-11.5,,29.5,,0,,0,,0.3,,0,T,58,,12,,37,E
3/26/1989,1989,3,26,,-14,,-21.2,,-17.6,,35.6,,0,,0,,0.8,,0.8,,58,,7,,56,
3/27/1989,1989,3,27,,-14.8,,-20.3,,-17.6,,35.6,,0,,0,,3.7,,2.3,,59,,8,,44,E
3/28/1989,1989,3,28,,-6.9,,-16.8,,-11.9,,29.9,,0,,0,,0.6,,0.4,,62,,,,<31,
3/29/1989,1989,3,29,,5.1,,-17.3,,-6.1,,24.1,,0,,0,,0,T,0,T,61,,22,,46,E
3/30/1989,1989,3,30,,6.8,,-6.4,,0.2,,17.8,,0,,0,,0,T,0,T,60,,,,<31,
3/31/1989,1989,3,31,,5.3,,-13.3,,-4,,22,,0,,0,,0,T,0,T,57,,,,<31,
4/1/1989,1989,4,1,,6.2,,-16,,-4.9,,22.9,,0,,0,,0,,0,,56,,7,,31,E
4/2/1989,1989,4,2,,0.6,,-4.3,,-1.9,,19.9,,0,,0,,0,,0,,55,,,,<31,
4/3/1989,1989,4,3,,1.7,,-6.7,,-2.5,,20.5,,0,,0,,0.5,,0.2,,60,,,,<31,
4/4/1989,1989,4,4,,5.5,,-16.5,,-5.5,,23.5,,0,,0,,0,T,0,T,62,,,,<31,
4/5/1989,1989,4,5,,5,,-17.6,,-6.3,,24.3,,0,,0,,0,,0,,62,,,,<31,
4/6/1989,1989,4,6,,7.1,,-17.6,,-5.3,,23.3,,0,,0,,0,T,0,T,60,,,,<31,
4/7/1989,1989,4,7,,5.3,,-8.4,,-1.6,,19.6,,0,,0,,0,T,0,T,59,,,,<31,
4/8/1989,1989,4,8,,7.3,,-18.3,,-5.5,,23.5,,0,,0,,0,,0,,59,,,,<31,
4/9/1989,1989,4,9,,9.8,,-16.2,,-3.2,,21.2,,0,,0,,0,,0,,58,,,,<31,
4/10/1989,1989,4,10,,10,,-12,,-1,,19,,0,,0,T,0,,0,T,58,,,,<31,
4/11/1989,1989,4,11,,8.4,,-4.8,,1.8,,16.2,,0,,0,T,0,,0,T,53,,29,,41,
4/12/1989,1989,4,12,,6,,-4.2,,0.9,,17.1,,0,,0,,0,,0,,47,,,,<31,
4/13/1989,1989,4,13,,9,,-11.8,,-1.4,,19.4,,0,,0,,0,,0,,43,,,,<31,
4/14/1989,1989,4,14,,6.2,,-4.1,,1.1,,16.9,,0,,0,T,0.8,,0.8,,35,,,,<31,
4/15/1989,1989,4,15,,6.4,,-2.6,,1.9,,16.1,,0,,0,T,0,T,0,T,34,,12,,33,E
4/16/1989,1989,4,16,,7,,-7.8,,-0.4,,18.4,,0,,0,,0,,0,,33,,,,<31,
4/17/1989,1989,4,17,,11,,-6.3,,2.4,,15.6,,0,,0,,0,,0,,33,,,,<31,
4/18/1989,1989,4,18,,12,,-7.5,,2.3,,15.7,,0,,0,,0,,0,,30,,,,<31,
4/19/1989,1989,4,19,,12.3,,-4.4,,4,,14,,0,,0,,0,,0,,26,,,,<31,
4/20/1989,1989,4,20,,11.5,,-3.2,,4.2,,13.8,,0,,0,,0,,0,,24,,,,<31,
4/21/1989,1989,4,21,,2.9,,-2.6,,0.2,,17.8,,0,,0,,7.6,,6.3,,19,,,,<31,
4/22/1989,1989,4,22,,9.1,,-1.1,,4,,14,,0,,0,,0,T,0,T,21,,,,<31,
4/23/1989,1989,4,23,,13.7,,-3.5,,5.1,,12.9,,0,,0,,0,,0,,21,,,,<31,
4/24/1989,1989,4,24,,15,,-4.4,,5.3,,12.7,,0,,0,,0,,0,,20,,,,<31,
4/25/1989,1989,4,25,,17.6,,-4.1,,6.8,,11.2,,0,,0,,0,,0,,17,,,,<31,
4/26/1989,1989,4,26,,18.8,,-2.1,,8.4,,9.6,,0,,0,,0,,0,,17,,,,<31,
4/27/1989,1989,4,27,,19,,-3,,8,,10,,0,,0,,0,,0,,14,,,,<31,
4/28/1989,1989,4,28,,19,,-2.9,,8.1,,9.9,,0,,0,,0,,0,,10,,,,<31,
4/29/1989,1989,4,29,,20,,-2.8,,8.6,,9.4,,0,,0,,0,,0,,9,,,,<31,
4/30/1989,1989,4,30,,18.4,,-1.8,,8.3,,9.7,,0,,0,,0,,0,,5,,2,,33,E
5/1/1989,1989,5,1,,16.8,,-2.7,,7.1,,10.9,,0,,0,,0,,0,,0,T,,,<31,
5/2/1989,1989,5,2,,18.3,,-2.1,,8.1,,9.9,,0,,0,,0,,0,,0,T,25,,43,E
5/3/1989,1989,5,3,,18.5,,-1.5,,8.5,,9.5,,0,,0,,0,,0,,0,T,,,<31,
5/4/1989,1989,5,4,,21.2,,-1.4,,9.9,,8.1,,0,,0,,0,,0,,0,T,26,,33,
5/5/1989,1989,5,5,,15.7,,7.2,,11.5,,6.5,,0,,0,,0,,0,,0,T,27,,41,
5/6/1989,1989,5,6,,16.1,,2.5,,9.3,,8.7,,0,,0,,0,,0,,0,T,24,,44,
5/7/1989,1989,5,7,,15,,3.5,,9.3,,8.7,,0,,0.6,,0,,0.6,,0,,,,<31,
5/8/1989,1989,5,8,,15,,2.6,,8.8,,9.2,,0,,2.8,,0,,2.8,,0,,27,,31,
5/9/1989,1989,5,9,,13.1,,-0.3,,6.4,,11.6,,0,,0,,0,,0,,0,,,,<31,
5/10/1989,1989,5,10,,5.3,,0.7,,3,,15,,0,,18.6,,0,,18.6,,0,,,,<31,
5/11/1989,1989,5,11,,11.3,,0.2,,5.8,,12.2,,0,,5.8,,1.4,,7.2,,0,,26,,56,E
5/12/1989,1989,5,12,,11.2,,0.2,,5.7,,12.3,,0,,0,,0,,0,,0,,25,,48,E
5/13/1989,1989,5,13,,12.7,,0.7,,6.7,,11.3,,0,,0,T,0,,0,T,0,,24,,35,E
5/14/1989,1989,5,14,,15.1,,2.9,,9,,9,,0,,0,T,0,,0,T,0,,,,<31,
5/15/1989,1989,5,15,,16,,5.8,,10.9,,7.1,,0,,2.9,,0,,2.9,,0,,23,,50,E
5/16/1989,1989,5,16,,12,,0.7,,6.4,,11.6,,0,,1.8,,0,,1.8,,0,,27,,41,E
5/17/1989,1989,5,17,,12.2,,-3.6,,4.3,,13.7,,0,,0,,0,,0,,0,,,,<31,
5/18/1989,1989,5,18,,16.8,,-0.7,,8.1,,9.9,,0,,0,,0,,0,,0,,,,<31,
5/19/1989,1989,5,19,,15.7,,0.8,,8.3,,9.7,,0,,3.6,,0,,3.6,,0,,9,,59,E
5/20/1989,1989,5,20,,13.5,,4.6,,9.1,,8.9,,0,,2.6,,0,,2.6,,0,,,,<31,
5/21/1989,1989,5,21,,16.2,,4.2,,10.2,,7.8,,0,,0,,0,,0,,0,,,,<31,
5/22/1989,1989,5,22,,19.4,,0.2,,9.8,,8.2,,0,,0,,0,,0,,0,,,,<31,
5/23/1989,1989,5,23,,18.3,,2.4,,10.4,,7.6,,0,,0,T,0,,0,T,0,,12,,37,
5/24/1989,1989,5,24,,14.2,,4.8,,9.5,,8.5,,0,,1,,0,,1,,0,,,,<31,
5/25/1989,1989,5,25,,17.4,,-0.3,,8.6,,9.4,,0,,2.4,,0,,2.4,,0,,,,<31,
5/26/1989,1989,5,26,,14.2,,5.2,,9.7,,8.3,,0,,2.4,,0,T,2.4,,0,,,,<31,
5/27/1989,1989,5,27,,21.5,,1.6,,11.6,,6.4,,0,,0,T,0,,0,T,0,,,,<31,
5/28/1989,1989,5,28,,21.5,,3.8,,12.7,,5.3,,0,,0,,0,,0,,0,,,,<31,
5/29/1989,1989,5,29,,21.7,,5.5,,13.6,,4.4,,0,,0,T,0,,0,T,0,,,,<31,
5/30/1989,1989,5,30,,20.2,,5.9,,13.1,,4.9,,0,,2,,0,,2,,0,,27,,56,
5/31/1989,1989,5,31,,18.6,,3.4,,11,,7,,0,,0.8,,0,,0.8,,0,,28,,50,
6/1/1989,1989,6,1,,17.7,,1.4,,9.6,,8.4,,0,,0,,0,,0,,0,,32,,43,
6/2/1989,1989,6,2,,22.9,,0.6,,11.8,,6.2,,0,,0,,0,,0,,0,,,,<31,
6/3/1989,1989,6,3,,22.7,,5.1,,13.9,,4.1,,0,,0,T,0,,0,T,0,,22,,37,
6/4/1989,1989,6,4,,22.6,,8.1,,15.4,,2.6,,0,,0.2,,0,,0.2,,0,,26,,56,
6/5/1989,1989,6,5,,15.4,,4.8,,10.1,,7.9,,0,,0,T,0,,0,T,0,,,,<31,
6/6/1989,1989,6,6,,16.2,,8.9,,12.6,,5.4,,0,,5,,0,,5,,0,,,,<31,
6/7/1989,1989,6,7,,21.3,,3.7,,12.5,,5.5,,0,,0,,0,,0,,0,,,,<31,
6/8/1989,1989,6,8,,19,,9.7,,14.4,,3.6,,0,,0,T,0,,0,T,0,,33,,46,E
6/9/1989,1989,6,9,,23.1,,4.5,,13.8,,4.2,,0,,0,,0,,0,,0,,,,<31,
6/10/1989,1989,6,10,,23,,9.3,,16.2,,1.8,,0,,0,,0,,0,,0,,,,<31,
6/11/1989,1989,6,11,,27.1,,10.5,,18.8,,0,,0.8,,0,,0,,0,,0,,,,<31,
6/12/1989,1989,6,12,,24.3,,10.3,,17.3,,0.7,,0,,2,,0,,2,,0,,,,<31,
6/13/1989,1989,6,13,,22.6,,12.3,,17.5,,0.5,,0,,1.4,,0,,1.4,,0,,,,<31,
6/14/1989,1989,6,14,,19.5,,11.8,,15.7,,2.3,,0,,5,,0,,5,,0,,,,<31,
6/15/1989,1989,6,15,,18.1,,2.5,,10.3,,7.7,,0,,0,,0,,0,,0,,30,,33,E
6/16/1989,1989,6,16,,18.4,,1.8,,10.1,,7.9,,0,,0,,0,,0,,0,,,,<31,
6/17/1989,1989,6,17,,20.1,,0.5,,10.3,,7.7,,0,,0,,0,,0,,0,,,,<31,
6/18/1989,1989,6,18,,21.3,,6.7,,14,,4,,0,,0,,0,,0,,0,,25,,46,E
6/19/1989,1989,6,19,,20.3,,6.2,,13.3,,4.7,,0,,2,,0,,2,,0,,33,,52,E
6/20/1989,1989,6,20,,22.1,,3.8,,13,,5,,0,,0.8,,0,,0.8,,0,,29,,63,
6/21/1989,1989,6,21,,24.3,,3.9,,14.1,,3.9,,0,,0,,0,,0,,0,,,,<31,
6/22/1989,1989,6,22,,25.4,,5.7,,15.6,,2.4,,0,,0,,0,,0,,0,,,,<31,
6/23/1989,1989,6,23,,25.1,,12.6,,18.9,,0,,0.9,,0,,0,,0,,0,,,,<31,
6/24/1989,1989,6,24,,27.6,,10.1,,18.9,,0,,0.9,,0,,0,,0,,0,,18,,59,E
6/25/1989,1989,6,25,,21.1,,7.4,,14.3,,3.7,,0,,0,T,0,,0,T,0,,,,<31,
6/26/1989,1989,6,26,,21,,9.5,,15.3,,2.7,,0,,6,,0,,6,,0,,10,,46,E
6/27/1989,1989,6,27,,19.5,,7.6,,13.6,,4.4,,0,,0,,0,,0,,0,,,,<31,
6/28/1989,1989,6,28,,23.9,,4.5,,14.2,,3.8,,0,,3.6,,0,,3.6,,0,,30,,56,E
6/29/1989,1989,6,29,,19.9,,6.6,,13.3,,4.7,,0,,0.4,,0,,0.4,,0,,24,,74,E
6/30/1989,1989,6,30,,23.1,,5.4,,14.3,,3.7,,0,,0,,0,,0,,0,,,,<31,
7/1/1989,1989,7,1,,23.2,,6,,14.6,,3.4,,0,,0.2,,0,,0.2,,0,,23,,41,E
7/2/1989,1989,7,2,,17.3,,10.1,,13.7,,4.3,,0,,10.4,,0,,10.4,,0,,,,<31,
7/3/1989,1989,7,3,,21.4,,9.4,,15.4,,2.6,,0,,0,T,0,,0,T,0,,28,,56,E
7/4/1989,1989,7,4,,23.4,,8.7,,16.1,,1.9,,0,,0,,0,,0,,0,,,,<31,
7/5/1989,1989,7,5,,27.2,,8,,17.6,,0.4,,0,,0,T,0,,0,T,0,,32,,56,E
7/6/1989,1989,7,6,,23,,11.3,,17.2,,0.8,,0,,3,,0,,3,,0,,,,<31,
7/7/1989,1989,7,7,,26.9,,7.2,,17.1,,0.9,,0,,2.6,,0,,2.6,,0,,9,,37,E
7/8/1989,1989,7,8,,28,,9.8,,18.9,,0,,0.9,,0,,0,,0,,0,,,,<31,
7/9/1989,1989,7,9,,28,,12,,20,,0,,2,,0,T,0,,0,T,0,,,,<31,
7/10/1989,1989,7,10,,27.6,,14.5,,21.1,,0,,3.1,,0.5,,0,,0.5,,0,,4,,37,
7/11/1989,1989,7,11,,29,,10.7,,19.9,,0,,1.9,,0,,0,,0,,0,,,,<31,
7/12/1989,1989,7,12,,28.3,,13.6,,21,,0,,3,,0,,0,,0,,0,,,,<31,
7/13/1989,1989,7,13,,30,,11.7,,20.9,,0,,2.9,,0,,0,,0,,0,,25,,59,E
7/14/1989,1989,7,14,,25.7,,13.3,,19.5,,0,,1.5,,0.6,,0,,0.6,,0,,,,<31,
7/15/1989,1989,7,15,,23.4,,10.7,,17.1,,0.9,,0,,0,T,0,,0,T,0,,,,<31,
7/16/1989,1989,7,16,,26.8,,6.6,,16.7,,1.3,,0,,0,,0,,0,,0,,,,<31,
7/17/1989,1989,7,17,,24.9,,8.9,,16.9,,1.1,,0,,5.2,,0,,5.2,,0,,4,,39,E
7/18/1989,1989,7,18,,21.7,,11.5,,16.6,,1.4,,0,,10.2,,0,,10.2,,0,,7,,44,
7/19/1989,1989,7,19,,20.9,,8.1,,14.5,,3.5,,0,,1.6,,0,,1.6,,0,,,,<31,
7/20/1989,1989,7,20,,16.7,,12.5,,14.6,,3.4,,0,,3,,0,,3,,0,,,,<31,
7/21/1989,1989,7,21,,15,,9.9,,12.5,,5.5,,0,,9.4,,0,,9.4,,0,,,,<31,
7/22/1989,1989,7,22,,19,,9.5,,14.3,,3.7,,0,,6.1,,0,,6.1,,0,,28,,41,
7/23/1989,1989,7,23,,22.9,,8.4,,15.7,,2.3,,0,,5.8,,0,,5.8,,0,,,,<31,
7/24/1989,1989,7,24,,22.4,,8,,15.2,,2.8,,0,,0,,0,,0,,0,,,,<31,
7/25/1989,1989,7,25,,23,,6.8,,14.9,,3.1,,0,,0,,0,,0,,0,,,,<31,
7/26/1989,1989,7,26,,25.8,,6.5,,16.2,,1.8,,0,,0,,0,,0,,0,,,,<31,
7/27/1989,1989,7,27,,28,,8.3,,18.2,,0,,0.2,,0,,0,,0,,0,,,,<31,
7/28/1989,1989,7,28,,23.5,,13.5,,18.5,,0,,0.5,,0,,0,,0,,0,,30,,37,
7/29/1989,1989,7,29,,22.8,,11.5,,17.2,,0.8,,0,,1.6,,0,,1.6,,0,,,,<31,
7/30/1989,1989,7,30,,28,,10.5,,19.3,,0,,1.3,,0,,0,,0,,0,,,,<31,
7/31/1989,1989,7,31,,22.3,,13.7,,18,,0,,0,,0.4,,0,,0.4,,0,,29,,33,E
8/1/1989,1989,8,1,,27,,10,,18.5,,0,,0.5,,0,,0,,0,,0,,,,<31,
8/2/1989,1989,8,2,,26.7,,10.2,,18.5,,0,,0.5,,0,,0,,0,,0,,,,<31,
8/3/1989,1989,8,3,,21.6,,9,,15.3,,2.7,,0,,0,,0,,0,,0,,,,<31,
8/4/1989,1989,8,4,,23.9,,6.6,,15.3,,2.7,,0,,4.6,,0,,4.6,,0,,23,,31,
8/5/1989,1989,8,5,,23,,7.9,,15.5,,2.5,,0,,0.2,,0,,0.2,,0,,,,<31,
8/6/1989,1989,8,6,,23.1,,13.4,,18.3,,0,,0.3,,2.4,,0,,2.4,,0,,,,<31,
8/7/1989,1989,8,7,,22.1,,10.2,,16.2,,1.8,,0,,6.2,,0,,6.2,,0,,30,,33,E
8/8/1989,1989,8,8,,22,,9.2,,15.6,,2.4,,0,,0.8,,0,,0.8,,0,,,,<31,
8/9/1989,1989,8,9,,19.2,,6.5,,12.9,,5.1,,0,,0.6,,0,,0.6,,0,,,,<31,
8/10/1989,1989,8,10,,21.1,,9.8,,15.5,,2.5,,0,,0.2,,0,,0.2,,0,,,,<31,
8/11/1989,1989,8,11,,28,,9.7,,18.9,,0,,0.9,,0,T,0,,0,T,0,,,,<31,
8/12/1989,1989,8,12,,29.3,,12,,20.7,,0,,2.7,,0,,0,,0,,0,,,,<31,
8/13/1989,1989,8,13,,30,,10.8,,20.4,,0,,2.4,,0,,0,,0,,0,,,,<31,
8/14/1989,1989,8,14,,30.7,,11.1,,20.9,,0,,2.9,,0,,0,,0,,0,,,,<31,
8/15/1989,1989,8,15,,25.5,,15.7,,20.6,,0,,2.6,,0,,0,,0,,0,,,,<31,
8/16/1989,1989,8,16,,22.7,,10.5,,16.6,,1.4,,0,,0,,0,,0,,0,,,,<31,
8/17/1989,1989,8,17,,25,,7.5,,16.3,,1.7,,0,,0,,0,,0,,0,,,,<31,
8/18/1989,1989,8,18,,25.4,,8.7,,17.1,,0.9,,0,,1,,0,,1,,0,,24,,37,E
8/19/1989,1989,8,19,,23.4,,8.2,,15.8,,2.2,,0,,0,T,0,,0,T,0,,,,<31,
8/20/1989,1989,8,20,,19.3,,7.8,,13.6,,4.4,,0,,0,T,0,,0,T,0,,,,<31,
8/21/1989,1989,8,21,,18.2,,10,,14.1,,3.9,,0,,11.6,,0,,11.6,,0,,,,<31,
8/22/1989,1989,8,22,,15.2,,9.1,,12.2,,5.8,,0,,0,T,0,,0,T,0,,,,<31,
8/23/1989,1989,8,23,,17.8,,9.1,,13.5,,4.5,,0,,4.5,,0,,4.5,,0,,,,<31,
8/24/1989,1989,8,24,,21,,7.2,,14.1,,3.9,,0,,0,,0,,0,,0,,,,<31,
8/25/1989,1989,8,25,,23.6,,4.7,,14.2,,3.8,,0,,0,,0,,0,,0,,,,<31,
8/26/1989,1989,8,26,,24.7,,4.2,,14.5,,3.5,,0,,0,,0,,0,,0,,,,<31,
8/27/1989,1989,8,27,,23.4,,4.4,,13.9,,4.1,,0,,0,,0,,0,,0,,,,<31,
8/28/1989,1989,8,28,,23.7,,9.9,,16.8,,1.2,,0,,0,,0,,0,,0,,,,<31,
8/29/1989,1989,8,29,,26.2,,5.2,,15.7,,2.3,,0,,0,,0,,0,,0,,,,<31,
8/30/1989,1989,8,30,,24.8,,4.1,,14.5,,3.5,,0,,0,,0,,0,,0,,,,<31,
8/31/1989,1989,8,31,,23.2,,6.8,,15,,3,,0,,0,T,0,,0,T,0,,,,<31,
9/1/1989,1989,9,1,,21.2,,7.6,,14.4,,3.6,,0,,0,,0,,0,,0,,,,<31,
9/2/1989,1989,9,2,,20.4,,1,,10.7,,7.3,,0,,0,,0,,0,,0,,,,<31,
9/3/1989,1989,9,3,,14.7,,4,,9.4,,8.6,,0,,3,,0,,3,,0,,,,<31,
9/4/1989,1989,9,4,,18.1,,5.8,,12,,6,,0,,0,,0,,0,,0,,,,<31,
9/5/1989,1989,9,5,,19.4,,3.9,,11.7,,6.3,,0,,0,,0,,0,,0,,,,<31,
9/6/1989,1989,9,6,,19.5,,8.7,,14.1,,3.9,,0,,1,,0,,1,,0,,,,<31,
9/7/1989,1989,9,7,,21,,4.2,,12.6,,5.4,,0,,0,,0,,0,,0,,,,<31,
9/8/1989,1989,9,8,,20,,-0.1,,10,,8,,0,,0,,0,,0,,0,,,,<31,
9/9/1989,1989,9,9,,22.8,,0.9,,11.9,,6.1,,0,,0,,0,,0,,0,,,,<31,
9/10/1989,1989,9,10,,25.3,,2.9,,14.1,,3.9,,0,,0,,0,,0,,0,,,,<31,
9/11/1989,1989,9,11,,22.3,,5.9,,14.1,,3.9,,0,,0,,0,,0,,0,,,,<31,
9/12/1989,1989,9,12,,20.2,,11.6,,15.9,,2.1,,0,,0,,0,,0,,0,,,,<31,
9/13/1989,1989,9,13,,16.9,,0,,8.5,,9.5,,0,,2.8,,0,,2.8,,0,,,,<31,
9/14/1989,1989,9,14,,14.4,,3.1,,8.8,,9.2,,0,,0.2,,0,,0.2,,0,,,,<31,
9/15/1989,1989,9,15,,11.6,,2.9,,7.3,,10.7,,0,,0,,0,,0,,0,,,,<31,
9/16/1989,1989,9,16,,6.5,,0.5,,3.5,,14.5,,0,,0,,0.2,,0.2,,0,,,,<31,
9/17/1989,1989,9,17,,8.5,,-4,,2.3,,15.7,,0,,0,,0,,0,,0,,,,<31,
9/18/1989,1989,9,18,,7.2,,0.7,,4,,14,,0,,1.4,,0,,1.4,,0,,,,<31,
9/19/1989,1989,9,19,,10.1,,-1.6,,4.3,,13.7,,0,,0,,0,,0,,0,,,,<31,
9/20/1989,1989,9,20,,5.3,,1.4,,3.4,,14.6,,0,,12.5,,0,,12.5,,0,,,,<31,
9/21/1989,1989,9,21,,4.4,,1.6,,3,,15,,0,,5.8,,0,T,5.8,,0,,11,,33,
9/22/1989,1989,9,22,,8.6,,3,,5.8,,12.2,,0,,5.6,,0,,5.6,,0,,,,<31,
9/23/1989,1989,9,23,,14.7,,4.5,,9.6,,8.4,,0,,0.8,,0,,0.8,,0,,,,<31,
9/24/1989,1989,9,24,,14.8,,2.8,,8.8,,9.2,,0,,0.2,,0,,0.2,,0,,,,<31,
9/25/1989,1989,9,25,,21,,2.5,,11.8,,6.2,,0,,0,,0,,0,,0,,,,<31,
9/26/1989,1989,9,26,,17.4,,4.5,,11,,7,,0,,0.2,,0,,0.2,,0,,27,,59,
9/27/1989,1989,9,27,,12,,-0.2,,5.9,,12.1,,0,,0,,0,,0,,0,,,,<31,
9/28/1989,1989,9,28,,9,,3.4,,6.2,,11.8,,0,,5.6,,0,T,5.6,,0,,,,<31,
9/29/1989,1989,9,29,,8,,3.2,,5.6,,12.4,,0,,1.6,,0,T,1.6,,0,,,,<31,
9/30/1989,1989,9,30,,9.8,,-0.6,,4.6,,13.4,,0,,0,,0,,0,,0,,,,<31,
10/1/1989,1989,10,1,,10.1,,-2.3,,3.9,,14.1,,0,,0,,0,,0,,0,,,,<31,
10/2/1989,1989,10,2,,12.7,,1.6,,7.2,,10.8,,0,,0,T,0,,0,T,0,,,,<31,
10/3/1989,1989,10,3,,14.2,,-0.4,,6.9,,11.1,,0,,2,,0,,2,,0,,29,,48,E
10/4/1989,1989,10,4,,7.2,,-4.7,,1.3,,16.7,,0,,0,,0,,0,,0,,,,<31,
10/5/1989,1989,10,5,,10.7,,-3.3,,3.7,,14.3,,0,,0,,0,,0,,0,,,,<31,
10/6/1989,1989,10,6,,8.4,,-2.2,,3.1,,14.9,,0,,4.2,,0,,4.2,,0,,,,<31,
10/7/1989,1989,10,7,,12.8,,5,,8.9,,9.1,,0,,0.2,,0,,0.2,,0,,,,<31,
10/8/1989,1989,10,8,,10,,-2,,4,,14,,0,,0,,0,,0,,0,,,,<31,
10/9/1989,1989,10,9,,6.4,,1.1,,3.8,,14.2,,0,,10.8,,0.2,,11,,0,,10,,33,E
10/10/1989,1989,10,10,,6.4,,-3.3,,1.6,,16.4,,0,,0,,0,T,0,T,0,,,,<31,
10/11/1989,1989,10,11,,3.1,,0.5,,1.8,,16.2,,0,,3.2,,1.2,,4.4,,0,,,,<31,
10/12/1989,1989,10,12,,3.2,,-3.8,,-0.3,,18.3,,0,,0,,0,,0,,0,,,,<31,
10/13/1989,1989,10,13,,-0.1,,-3.2,,-1.7,,19.7,,0,,0,,3.2,,2.8,,0,,,,<31,
10/14/1989,1989,10,14,,-0.6,,-10.5,,-5.6,,23.6,,0,,0,,0,T,0,T,1,,,,<31,
10/15/1989,1989,10,15,,0,,-15,,-7.5,,25.5,,0,,0,,0,,0,,0,T,,,<31,
10/16/1989,1989,10,16,,-4.8,,-13.3,,-9.1,,27.1,,0,,0,,0,,0,,0,T,,,<31,
10/17/1989,1989,10,17,,-0.5,,-8.6,,-4.6,,22.6,,0,,0,,1,,0.7,,1,,,,<31,
10/18/1989,1989,10,18,,4.5,,-9.8,,-2.7,,20.7,,0,,0,,0,,0,,1,,,,<31,
10/19/1989,1989,10,19,,-0.8,,-7.5,,-4.2,,22.2,,0,,0,,0,T,0,T,0,T,,,<31,
10/20/1989,1989,10,20,,-6.3,,-7.9,,-7.1,,25.1,,0,,0,,1,,0.4,,0,T,,,<31,
10/21/1989,1989,10,21,,2.7,,-4.6,,-1,,19,,0,,0,,1.6,,0.3,,1,,,,<31,
10/22/1989,1989,10,22,,-0.3,,-2.4,,-1.4,,19.4,,0,,0,,2,,0.8,,4,,,,<31,
10/23/1989,1989,10,23,,-1.5,,-4.2,,-2.9,,20.9,,0,,0,,0,T,0,T,4,,,,<31,
10/24/1989,1989,10,24,,1.9,,-4.5,,-1.3,,19.3,,0,,0,,2.8,,2.2,,4,,,,<31,
10/25/1989,1989,10,25,,1.8,,-1.9,,-0.1,,18.1,,0,,0,,9.4,,5.4,,6,,,,<31,
10/26/1989,1989,10,26,,-0.6,,-8.8,,-4.7,,22.7,,0,,0,,3.6,,2.8,,12,,,,<31,
10/27/1989,1989,10,27,,-6.4,,-11.4,,-8.9,,26.9,,0,,0,,0,T,0,T,12,,,,<31,
10/28/1989,1989,10,28,,-3.6,,-11.2,,-7.4,,25.4,,0,,0,,0,T,0,T,12,,,,<31,
10/29/1989,1989,10,29,,-2.9,,-11.2,,-7.1,,25.1,,0,,0,,0.4,,0.4,,10,,,,<31,
10/30/1989,1989,10,30,,-4.1,,-16.5,,-10.3,,28.3,,0,,0,,0.2,,0,T,10,,,,<31,
10/31/1989,1989,10,31,,-4.7,,-9.6,,-7.2,,25.2,,0,,0,,3.4,,3.4,,9,,12,,41,E
11/1/1989,1989,11,1,,-8.3,,-10.3,,-9.3,,27.3,,0,,0,,5,,3.6,,12,,,,<31,
11/2/1989,1989,11,2,,-3.1,,-10.3,,-6.7,,24.7,,0,,0,,0,T,0,T,15,,,,<31,
11/3/1989,1989,11,3,,2.2,,-9,,-3.4,,21.4,,0,,0.4,,0,T,0.4,,13,,,,<31,
11/4/1989,1989,11,4,,3.7,,-2.7,,0.5,,17.5,,0,,0,T,0,,0,T,13,,,,<31,
11/5/1989,1989,11,5,,4,,-4.6,,-0.3,,18.3,,0,,0,,0,,0,,11,,,,<31,
11/6/1989,1989,11,6,,-1,,-10.1,,-5.6,,23.6,,0,,0,,0.8,,0.8,,13,,,,<31,
11/7/1989,1989,11,7,,-8.7,,-12.5,,-10.6,,28.6,,0,,0,,1.4,,0.6,,14,,,,<31,
11/8/1989,1989,11,8,,-7.5,,-12.2,,-9.9,,27.9,,0,,0,,5.8,,3.5,,17,,,,<31,
11/9/1989,1989,11,9,,-9,,-18.8,,-13.9,,31.9,,0,,0,,1.6,,1.2,,20,,,M,,M
11/10/1989,1989,11,10,,-15.6,,-29.4,,-22.5,,40.5,,0,,0,,2.8,,1.9,,18,,,M,,M
11/11/1989,1989,11,11,,-29.3,,-40.2,,-34.8,,52.8,,0,,0,,0,,0,,19,,,M,,M
11/12/1989,1989,11,12,,-34,,-43.4,,-38.7,,56.7,,0,,0,,0,,0,,19,,,M,,M
11/13/1989,1989,11,13,,-29.3,,-38.1,,-33.7,,51.7,,0,,0,,0.7,,0.7,,18,,,M,,M
11/14/1989,1989,11,14,,-27.8,,-39.3,,-33.6,,51.6,,0,,0,,0,T,0,T,18,,,M,,M
11/15/1989,1989,11,15,,-22.5,,-31,,-26.8,,44.8,,0,,0,,4.4,,4.4,,18,,,M,,M
11/16/1989,1989,11,16,,-18,,-31.2,,-24.6,,42.6,,0,,0.6,,1,,1,,22,,,M,,M
11/17/1989,1989,11,17,,-9.9,,-19.8,,-14.9,,32.9,,0,,0,,0,T,0,T,23,,,,<31,
11/18/1989,1989,11,18,,-6.6,,-16.5,,-11.6,,29.6,,0,,0,,0,,0,,22,,,M,,M
11/19/1989,1989,11,19,,-10.9,,-21.6,,-16.3,,34.3,,0,,0,,0,T,0,T,22,,,M,,M
11/20/1989,1989,11,20,,-6.5,,-23.5,,-15,,33,,0,,0,,0,,0,,22,,,M,,M
11/21/1989,1989,11,21,,-10.9,,-18.7,,-14.8,,32.8,,0,,0,,0,T,0,T,22,,,M,,M
11/22/1989,1989,11,22,,-9.3,,-17.2,,-13.3,,31.3,,0,,0,,0,T,0,T,21,,,,<31,
11/23/1989,1989,11,23,,-12.6,,-17.3,,-15,,33,,0,,0,,2.8,,2,,23,,,,<31,
11/24/1989,1989,11,24,,-13.9,,-22.2,,-18.1,,36.1,,0,,0,,2.6,,1.1,,23,,,,<31,
11/25/1989,1989,11,25,,-14.5,,-21.4,,-18,,36,,0,,0,,0,T,0,T,25,,,,<31,
11/26/1989,1989,11,26,,-14,,-16.1,,-15.1,,33.1,,0,,0,,0,T,0,T,25,,,,<31,
11/27/1989,1989,11,27,,-14.1,,-23.2,,-18.7,,36.7,,0,,0,,5.8,,5.2,,25,,,,<31,
11/28/1989,1989,11,28,,-12.7,,-22.5,,-17.6,,35.6,,0,,0,,0.4,,0.2,,28,,,,<31,
11/29/1989,1989,11,29,,-8,,-15.9,,-12,,30,,0,,0,,1.3,,0.9,,29,,,,<31,
11/30/1989,1989,11,30,,-9,,-20.7,,-14.9,,32.9,,0,,0,,1.2,,1.2,,30,,,,<31,
12/1/1989,1989,12,1,,-12.9,,-24.9,,-18.9,,36.9,,0,,0,,0.3,,0.3,,30,,,,<31,
12/2/1989,1989,12,2,,-8.4,,-15.6,,-12,,30,,0,,0,,4.4,,3.4,,34,,,,<31,
12/3/1989,1989,12,3,,-8.4,,-18,,-13.2,,31.2,,0,,0,T,0,,0,T,34,,,,<31,
12/4/1989,1989,12,4,,-4.5,,-10.2,,-7.4,,25.4,,0,,0.2,,5.5,,4,,34,,,,<31,
12/5/1989,1989,12,5,,-9.9,,-19.3,,-14.6,,32.6,,0,,0,,0,T,0,T,38,,,,<31,
12/6/1989,1989,12,6,,-16.4,,-26,,-21.2,,39.2,,0,,0,,0,,0,,36,,,,<31,
12/7/1989,1989,12,7,,-17.3,,-22,,-19.7,,37.7,,0,,0,,0.2,,0.2,,36,,,,<31,
12/8/1989,1989,12,8,,-15.9,,-22.5,,-19.2,,37.2,,0,,0,,2.6,,2.2,,37,,,,<31,
12/9/1989,1989,12,9,,-18.7,,-35.4,,-27.1,,45.1,,0,,0,,0,T,0,T,37,,,,<31,
12/10/1989,1989,12,10,,-22.2,,-37.1,,-29.7,,47.7,,0,,0,,2,,0.8,,37,,,,<31,
12/11/1989,1989,12,11,,-16.5,,-22.3,,-19.4,,37.4,,0,,0,,0,,0,,39,,,,<31,
12/12/1989,1989,12,12,,-10.8,,-18.1,,-14.5,,32.5,,0,,0,,0,,0,,39,,,,<31,
12/13/1989,1989,12,13,,6.3,,-9.8,,-1.8,,19.8,,0,,0,T,1.8,,1.6,,40,,,,<31,
12/14/1989,1989,12,14,,6.2,,-14.6,,-4.2,,22.2,,0,,0,,0,,0,,35,,,,<31,
12/15/1989,1989,12,15,,-12.6,,-21.4,,-17,,35,,0,,0,,0,,0,,35,,,,<31,
12/16/1989,1989,12,16,,-9.2,,-21.5,,-15.4,,33.4,,0,,0,T,0.5,,0.5,,35,,,,<31,
12/17/1989,1989,12,17,,-17.1,,-27.3,,-22.2,,40.2,,0,,0,,0,T,0,T,35,,,,<31,
12/18/1989,1989,12,18,,-14,,-22.8,,-18.4,,36.4,,0,,0,,0.6,,0.2,,35,,,,<31,
12/19/1989,1989,12,19,,-16.4,,-41.9,,-29.2,,47.2,,0,,0,,0,,0,,35,,,,<31,
12/20/1989,1989,12,20,,-40.1,,-44.8,,-42.5,,60.5,,0,,0,,0,T,0,T,35,,,,<31,
12/21/1989,1989,12,21,,-28.3,,-44,,-36.2,,54.2,,0,,0,,3,,3,,35,,,,<31,
12/22/1989,1989,12,22,,-21,,-28.5,,-24.8,,42.8,,0,,0,T,0,T,0,T,38,,,,<31,
12/23/1989,1989,12,23,,-8.5,,-21.5,,-15,,33,,0,,0,T,0,T,0,T,38,,,,<31,
12/24/1989,1989,12,24,,3.1,,-10.8,,-3.9,,21.9,,0,,0,T,0.8,,0.8,,37,,,,<31,
12/25/1989,1989,12,25,,-0.2,,-9.6,,-4.9,,22.9,,0,,0,,0,,0,,38,,,,<31,
12/26/1989,1989,12,26,,1.1,,-13.3,,-6.1,,24.1,,0,,0,,0,,0,,38,,,,<31,
12/27/1989,1989,12,27,,-3,,-14.7,,-8.9,,26.9,,0,,0,,0,,0,,38,,,,<31,
12/28/1989,1989,12,28,,-1.5,,-14.1,,-7.8,,25.8,,0,,0,,0,,0,,38,,,,<31,
12/29/1989,1989,12,29,,0.3,,-9.4,,-4.6,,22.6,,0,,0,,0,T,0,T,32,,,,<31,
12/30/1989,1989,12,30,,-3.8,,-10.3,,-7.1,,25.1,,0,,0,,3.4,,2.7,,37,,,M,,M
12/31/1989,1989,12,31,,-4.9,,-11.6,,-8.3,,26.3,,0,,0,,7.4,,6.2,,40,,,,<31,
1/1/1990,1990,1,1,,-8.5,,-29.6,,-19.1,,37.1,,0,,0,,6.6,,4.6,,50,,,,<31,
1/2/1990,1990,1,2,,-27.2,,-42.2,,-34.7,,52.7,,0,,0,,3.1,,2.4,,52,,,,<31,
1/3/1990,1990,1,3,,-26.9,,-34.2,,-30.6,,48.6,,0,,0,,1.8,,1.2,,53,,,,<31,
1/4/1990,1990,1,4,,-23.2,,-29.5,,-26.4,,44.4,,0,,0,,6,,1.2,,56,,,,<31,
1/5/1990,1990,1,5,,-20.7,,-29.3,,-25,,43,,0,,0,,16.3,,11.2,,54,,,,<31,
1/6/1990,1990,1,6,,-19.5,,-29.2,,-24.4,,42.4,,0,,0,,0.6,,0.4,,65,,,,<31,
1/7/1990,1990,1,7,,-17.8,,-23.6,,-20.7,,38.7,,0,,0,,2,,1.2,,65,,,,<31,
1/8/1990,1990,1,8,,-17.2,,-24.2,,-20.7,,38.7,,0,,0,,0.6,,0.4,,66,,,,<31,
1/9/1990,1990,1,9,,-14.1,,-24.4,,-19.3,,37.3,,0,,0,,1.4,,1.4,,66,,,,<31,
1/10/1990,1990,1,10,,-18.7,,-28.8,,-23.8,,41.8,,0,,0,,0,T,0,T,66,,,,<31,
1/11/1990,1990,1,11,,-20.7,,-27,,-23.9,,41.9,,0,,0,,0,,0,,61,,,,<31,
1/12/1990,1990,1,12,,-16.8,,-30.6,,-23.7,,41.7,,0,,0,,0,T,0,T,60,,,,<31,
1/13/1990,1990,1,13,,-15.3,,-25.7,,-20.5,,38.5,,0,,0,,1.8,,1.2,,61,,,,<31,
1/14/1990,1990,1,14,,-18.5,,-25.2,,-21.9,,39.9,,0,,0,,0,,0,,61,,,,<31,
1/15/1990,1990,1,15,,-22,,-29.5,,-25.8,,43.8,,0,,0,,0,,0,,60,,,,<31,
1/16/1990,1990,1,16,,-20.6,,-31,,-25.8,,43.8,,0,,0,,0,,0,,60,,,,<31,
1/17/1990,1990,1,17,,-15.3,,-22.3,,-18.8,,36.8,,0,,0,,0,,0,,57,,,,<31,
1/18/1990,1990,1,18,,-10.3,,-15.5,,-12.9,,30.9,,0,,0,,0,T,0,T,56,,,,<31,
1/19/1990,1990,1,19,,-4.2,,-13,,-8.6,,26.6,,0,,0,,0,,0,,56,,,,<31,
1/20/1990,1990,1,20,,-6.5,,-17.6,,-12.1,,30.1,,0,,0,,0,,0,,56,,,,<31,
1/21/1990,1990,1,21,,-8,,-18.4,,-13.2,,31.2,,0,,0,,0,T,0,T,56,,,,<31,
1/22/1990,1990,1,22,,-12,,-18,,-15,,33,,0,,0,,0.6,,0.4,,56,,,,<31,
1/23/1990,1990,1,23,,-4,,-19.2,,-11.6,,29.6,,0,,0,,0,,0,,56,,,,<31,
1/24/1990,1990,1,24,,-13.8,,-26.2,,-20,,38,,0,,0,,0,T,0,T,55,,,,<31,
1/25/1990,1990,1,25,,-17.7,,-27.8,,-22.8,,40.8,,0,,0,,1.8,,1.3,,55,,,,<31,
1/26/1990,1990,1,26,,-19.9,,-34.5,,-27.2,,45.2,,0,,0,,0.2,,0,T,57,,,,<31,
1/27/1990,1990,1,27,,-25.2,,-30.4,,-27.8,,45.8,,0,,0,,0.8,,0.4,,56,,,,<31,
1/28/1990,1990,1,28,,-25,,-36.6,,-30.8,,48.8,,0,,0,,0.4,,0.2,,57,,,,<31,
1/29/1990,1990,1,29,,-36.2,,-46.8,,-41.5,,59.5,,0,,0,,0,T,0,T,57,,,,<31,
1/30/1990,1990,1,30,,-39.4,,-50.6,,-45,,63,,0,,0,,0,,0,,57,,,,<31,
1/31/1990,1990,1,31,,-40.5,,-52.3,,-46.4,,64.4,,0,,0,,0,,0,,56,,,,<31,
2/1/1990,1990,2,1,,-33.6,,-46.5,,-40.1,,58.1,,0,,0,,0,T,0,T,56,,,,<31,
2/2/1990,1990,2,2,,-27,,-39.4,,-33.2,,51.2,,0,,0,,0.5,,0.5,,56,,,,<31,
2/3/1990,1990,2,3,,-27.1,,-39.5,,-33.3,,51.3,,0,,0,,0.2,,0.2,,57,,,,<31,
2/4/1990,1990,2,4,,-22.4,,-31.2,,-26.8,,44.8,,0,,0,,0.2,,0.2,,57,,,,<31,
2/5/1990,1990,2,5,,-17.4,,-28.4,,-22.9,,40.9,,0,,0,,1,,0.4,,57,,,,<31,
2/6/1990,1990,2,6,,-18.8,,-26,,-22.4,,40.4,,0,,0,,1,,0.6,,57,,,,<31,
2/7/1990,1990,2,7,,-19,,-32.4,,-25.7,,43.7,,0,,0,,1.6,,1.4,,58,,,,<31,
2/8/1990,1990,2,8,,-24.5,,-35.3,,-29.9,,47.9,,0,,0,,0.2,,0,T,59,,,,<31,
2/9/1990,1990,2,9,,-24.1,,-34.3,,-29.2,,47.2,,0,,0,,5.4,,3.8,,59,,,,<31,
2/10/1990,1990,2,10,,-19.5,,-32.7,,-26.1,,44.1,,0,,0,,0.2,,0,T,64,,,,<31,
2/11/1990,1990,2,11,,-23.2,,-38.8,,-31,,49,,0,,0,,0,T,0,T,64,,,,<31,
2/12/1990,1990,2,12,,-24.3,,-43.6,,-34,,52,,0,,0,,0,,0,,64,,,,<31,
2/13/1990,1990,2,13,,-25.1,,-43.4,,-34.3,,52.3,,0,,0,,0,T,0,T,63,,,,<31,
2/14/1990,1990,2,14,,-15.9,,-25.6,,-20.8,,38.8,,0,,0,,10.2,,7,,70,,,,<31,
2/15/1990,1990,2,15,,-21.9,,-39.1,,-30.5,,48.5,,0,,0,,0,T,0,T,70,,,,<31,
2/16/1990,1990,2,16,,-27.1,,-46.8,,-37,,55,,0,,0,,0,,0,,68,,,,<31,
2/17/1990,1990,2,17,,-18.4,,-33.5,,-26,,44,,0,,0,,1.4,,1.2,,68,,,,<31,
2/18/1990,1990,2,18,,-5,,-22.1,,-13.6,,31.6,,0,,0,,0,T,0,T,68,,,,<31,
2/19/1990,1990,2,19,,-4.8,,-18.4,,-11.6,,29.6,,0,,0,,1.4,,0.8,,68,,12,,37,E
2/20/1990,1990,2,20,,-7.3,,-27.2,,-17.3,,35.3,,0,,0,,1.2,,0.8,,65,,,,<31,
2/21/1990,1990,2,21,,-8.3,,-13.2,,-10.8,,28.8,,0,,0,,6.2,,4.4,,69,,,,<31,
2/22/1990,1990,2,22,,3.8,,-16.5,,-6.4,,24.4,,0,,0,,0,T,0,T,70,,27,,56,E
2/23/1990,1990,2,23,,-4.6,,-13.6,,-9.1,,27.1,,0,,0,T,2,,1.8,,67,,,,<31,
2/24/1990,1990,2,24,,-9,,-15.6,,-12.3,,30.3,,0,,0,,2.4,,1.8,,69,,,,<31,
2/25/1990,1990,2,25,,2,,-14.5,,-6.3,,24.3,,0,,0,,0,T,0,T,70,,,,<31,
2/26/1990,1990,2,26,,3.8,,-17.7,,-7,,25,,0,,0,,0,T,0,T,70,,,,<31,
2/27/1990,1990,2,27,,8.6,,-7.6,,0.5,,17.5,,0,,0,,0,T,0,T,66,,20,,46,E
2/28/1990,1990,2,28,,4,,-7.6,,-1.8,,19.8,,0,,0,T,0,,0,T,65,,27,,83,E
3/1/1990,1990,3,1,,0.2,,-18.1,,-9,,27,,0,,0,,0,,0,,65,,,,<31,
3/2/1990,1990,3,2,,3.5,,-18.9,,-7.7,,25.7,,0,,0,,0,,0,,63,,,,<31,
3/3/1990,1990,3,3,,7,,-13.2,,-3.1,,21.1,,0,,0,,0,,0,,63,,,,<31,
3/4/1990,1990,3,4,,8.6,,-8,,0.3,,17.7,,0,,0,,0,,0,,62,,,,<31,
3/5/1990,1990,3,5,,5.2,,-5.3,,-0.1,,18.1,,0,,0,,0,,0,,62,,12,,48,E
3/6/1990,1990,3,6,,3.1,,-9.8,,-3.4,,21.4,,0,,0,,0.8,,0.4,,61,,,,<31,
3/7/1990,1990,3,7,,-0.1,,-20.2,,-10.2,,28.2,,0,,0,,0,,0,,60,,,,<31,
3/8/1990,1990,3,8,,-3.4,,-22.4,,-12.9,,30.9,,0,,0,,0,T,0,T,60,,,,<31,
3/9/1990,1990,3,9,,-5.5,,-24.6,,-15.1,,33.1,,0,,0,,0,,0,,60,,,,<31,
3/10/1990,1990,3,10,,-6.6,,-25,,-15.8,,33.8,,0,,0,,0,,0,,60,,,,<31,
3/11/1990,1990,3,11,,-2.1,,-21.1,,-11.6,,29.6,,0,,0,,0,,0,,60,,,,<31,
3/12/1990,1990,3,12,,2.1,,-10.7,,-4.3,,22.3,,0,,0,,0.6,,0.4,,60,,,,<31,
3/13/1990,1990,3,13,,6.5,,-1.1,,2.7,,15.3,,0,,0,,0,T,0,T,60,,,,<31,
3/14/1990,1990,3,14,,6,,-3.3,,1.4,,16.6,,0,,0,,0,,0,,60,,25,,41,E
3/15/1990,1990,3,15,,5.3,,-6.6,,-0.7,,18.7,,0,,0,,0,T,0,T,59,,,,<31,
3/16/1990,1990,3,16,,4.1,,-16.1,,-6,,24,,0,,0,,0,,0,,59,,,,<31,
3/17/1990,1990,3,17,,5.3,,-17.2,,-6,,24,,0,,0,,0,,0,,59,,,,<31,
3/18/1990,1990,3,18,,4.3,,-8.2,,-2,,20,,0,,0,,0,T,0,T,58,,,,<31,
3/19/1990,1990,3,19,,-3.4,,-14.4,,-8.9,,26.9,,0,,0,,0,T,0,T,58,,8,,46,E
3/20/1990,1990,3,20,,-10.4,,-28.3,,-19.4,,37.4,,0,,0,,0,,0,,58,,,,<31,
3/21/1990,1990,3,21,,-2,,-24.7,,-13.4,,31.4,,0,,0,,0,,0,,58,,,,<31,
3/22/1990,1990,3,22,,-1.2,,-27.6,,-14.4,,32.4,,0,,0,,0,,0,,58,,,,<31,
3/23/1990,1990,3,23,,3,,-24.8,,-10.9,,28.9,,0,,0,,0,,0,,58,,,,<31,
3/24/1990,1990,3,24,,5.3,,-22.9,,-8.8,,26.8,,0,,0,,0,,0,,58,,,,<31,
3/25/1990,1990,3,25,,4.1,,-20.8,,-8.4,,26.4,,0,,0,,0,,0,,57,,,,<31,
3/26/1990,1990,3,26,,7.9,,-4.3,,1.8,,16.2,,0,,0,,0,,0,,57,,24,,37,E
3/27/1990,1990,3,27,,8.9,,-9,,-0.1,,18.1,,0,,0,,0,,0,,57,,,,<31,
3/28/1990,1990,3,28,,7.6,,1.8,,4.7,,13.3,,0,,0,,0,,0,,56,,24,,59,E
3/29/1990,1990,3,29,,5.7,,0,,2.9,,15.1,,0,,0,,0,,0,,55,,23,,65,E
3/30/1990,1990,3,30,,4.5,,-3.8,,0.4,,17.6,,0,,0,,0,,0,,54,,,,<31,
3/31/1990,1990,3,31,,6,,-10.1,,-2.1,,20.1,,0,,0,,0,,0,,51,,,,<31,
4/1/1990,1990,4,1,,2.8,,-5.2,,-1.2,,19.2,,0,,0,,0.4,,0.4,,49,,,,<31,
4/2/1990,1990,4,2,,4.3,,-8.3,,-2,,20,,0,,0,,0.8,,0.8,,47,,,,<31,
4/3/1990,1990,4,3,,4.8,,-8,,-1.6,,19.6,,0,,0,,0,,0,,45,,,,<31,
4/4/1990,1990,4,4,,5.8,,-12,,-3.1,,21.1,,0,,0,,0,,0,,45,,,,<31,
4/5/1990,1990,4,5,,4,,-5.5,,-0.8,,18.8,,0,,0,,0,,0,,43,,27,,41,
4/6/1990,1990,4,6,,6.2,,-13.8,,-3.8,,21.8,,0,,0,,0,,0,,43,,,,<31,
4/7/1990,1990,4,7,,2.3,,-4,,-0.9,,18.9,,0,,0,,0,T,0,T,41,,8,,37,
4/8/1990,1990,4,8,,4.4,,-12.5,,-4.1,,22.1,,0,,0,,0,,0,,37,,,,<31,
4/9/1990,1990,4,9,,5.2,,-12.3,,-3.6,,21.6,,0,,0,,0,,0,,34,,,,<31,
4/10/1990,1990,4,10,,9,,-14.6,,-2.8,,20.8,,0,,0,,0,,0,,32,,,,<31,
4/11/1990,1990,4,11,,6.6,,-9.5,,-1.5,,19.5,,0,,0,,0,,0,,30,,11,,48,E
4/12/1990,1990,4,12,,8.2,,-8.6,,-0.2,,18.2,,0,,0,,0,,0,,29,,,,<31,
4/13/1990,1990,4,13,,10.2,,-10.6,,-0.2,,18.2,,0,,0,,0,,0,,27,,,,<31,
4/14/1990,1990,4,14,,9.4,,-7.2,,1.1,,16.9,,0,,0,,0,,0,,26,,30,,43,E
4/15/1990,1990,4,15,,10.7,,-7.3,,1.7,,16.3,,0,,0,,0,,0,,23,,,,<31,
4/16/1990,1990,4,16,,14.2,,-8.2,,3,,15,,0,,0,,0,,0,,23,,,,<31,
4/17/1990,1990,4,17,,10.4,,-1.8,,4.3,,13.7,,0,,0,T,0,,0,T,19,,,,<31,
4/18/1990,1990,4,18,,10.3,,0.4,,5.4,,12.6,,0,,0,,0,,0,,18,,,,<31,
4/19/1990,1990,4,19,,13.8,,1.9,,7.9,,10.1,,0,,0,T,0,,0,T,14,,,,<31,
4/20/1990,1990,4,20,,9.2,,-1,,4.1,,13.9,,0,,0.2,,0,,0.2,,13,,20,,35,E
4/21/1990,1990,4,21,,11.7,,-1.4,,5.2,,12.8,,0,,0,,0,,0,,11,,,,<31,
4/22/1990,1990,4,22,,9.2,,-1,,4.1,,13.9,,0,,0,,0,,0,,9,,,,<31,
4/23/1990,1990,4,23,,8.8,,-4.5,,2.2,,15.8,,0,,3,,0,,3,,9,,7,,35,E
4/24/1990,1990,4,24,,6.5,,1.2,,3.9,,14.1,,0,,1,,0,,1,,7,,9,,41,
4/25/1990,1990,4,25,,3.3,,-0.2,,1.6,,16.4,,0,,0,,0.4,,0.2,,6,,11,,33,
4/26/1990,1990,4,26,,6.2,,-1.7,,2.3,,15.7,,0,,0,,0,,0,,2,,9,,41,E
4/27/1990,1990,4,27,,9.7,,-5.7,,2,,16,,0,,0,,0,,0,,2,,,,<31,
4/28/1990,1990,4,28,,14.2,,-5.4,,4.4,,13.6,,0,,0,,0,,0,,0,T,,,<31,
4/29/1990,1990,4,29,,17.8,,-5,,6.4,,11.6,,0,,0,,0,,0,,0,T,,,<31,
4/30/1990,1990,4,30,,14.2,,-1.1,,6.6,,11.4,,0,,0,,0,,0,,0,T,25,,37,
5/1/1990,1990,5,1,,13.4,,2.8,,8.1,,9.9,,0,,0,,0,,0,,0,T,,,<31,
5/2/1990,1990,5,2,,10,,0.5,,5.3,,12.7,,0,,0,,0,T,0,T,0,T,,,<31,
5/3/1990,1990,5,3,,14.4,,-1.5,,6.5,,11.5,,0,,0,,0,,0,,0,T,23,,52,
5/4/1990,1990,5,4,,11,,-0.9,,5.1,,12.9,,0,,0,T,0,,0,T,0,T,,,<31,
5/5/1990,1990,5,5,,8,,-1.8,,3.1,,14.9,,0,,2.8,,0,,2.8,,0,T,7,,33,
5/6/1990,1990,5,6,,6.1,,0.4,,3.3,,14.7,,0,,16.8,,2.4,,19.2,,0,T,,,<31,
5/7/1990,1990,5,7,,10.6,,0.3,,5.5,,12.5,,0,,0,T,0,,0,T,0,T,,,<31,
5/8/1990,1990,5,8,,13.4,,-1,,6.2,,11.8,,0,,0,,0,,0,,0,T,,,<31,
5/9/1990,1990,5,9,,12.4,,-1.5,,5.5,,12.5,,0,,2.4,,0,,2.4,,0,T,30,,59,E
5/10/1990,1990,5,10,,10.7,,0.1,,5.4,,12.6,,0,,0.2,,0,T,0.2,,0,T,,,<31,
5/11/1990,1990,5,11,,14,,-0.5,,6.8,,11.2,,0,,0,,0,,0,,0,T,,,<31,
5/12/1990,1990,5,12,,14.5,,-2,,6.3,,11.7,,0,,0,T,0,,0,T,0,T,,,<31,
5/13/1990,1990,5,13,,16,,0,,8,,10,,0,,0.2,,0,,0.2,,0,T,33,,63,E
5/14/1990,1990,5,14,,16.8,,-1,,7.9,,10.1,,0,,0,T,0,,0,T,0,T,25,,59,E
5/15/1990,1990,5,15,,15.8,,3.7,,9.8,,8.2,,0,,0.6,,0,,0.6,,0,,33,,46,E
5/16/1990,1990,5,16,,15.5,,-0.4,,7.6,,10.4,,0,,0.2,,0,,0.2,,0,,34,,74,E
5/17/1990,1990,5,17,,16.8,,-0.5,,8.2,,9.8,,0,,0.4,,0,,0.4,,0,,24,,33,
5/18/1990,1990,5,18,,15.8,,3.8,,9.8,,8.2,,0,,0.4,,0,,0.4,,0,,10,,31,
5/19/1990,1990,5,19,,13.4,,4.5,,9,,9,,0,,0,,0,,0,,0,,,,<31,
5/20/1990,1990,5,20,,18,,0.2,,9.1,,8.9,,0,,0,,0,,0,,0,,,,<31,
5/21/1990,1990,5,21,,19.5,,0,,9.8,,8.2,,0,,0,,0,,0,,0,,26,,52,E
5/22/1990,1990,5,22,,17,,2.2,,9.6,,8.4,,0,,0.6,,0,,0.6,,0,,31,,46,E
5/23/1990,1990,5,23,,10.9,,4,,7.5,,10.5,,0,,5.7,,0,T,5.7,,0,,24,,61,
5/24/1990,1990,5,24,,14.8,,-0.5,,7.2,,10.8,,0,,0,,0,,0,,0,,,M,,M
5/25/1990,1990,5,25,,20.4,,-0.8,,9.8,,8.2,,0,,0,,0,,0,,0,,,,<31,
5/26/1990,1990,5,26,,15.6,,10.3,,13,,5,,0,,0,T,0,,0,T,0,,20,,46,E
5/27/1990,1990,5,27,,21.6,,9.3,,15.5,,2.5,,0,,1.2,,0,,1.2,,1,,,,<31,
5/28/1990,1990,5,28,,22,,7.8,,14.9,,3.1,,0,,0.8,,0,,0.8,,0,,21,,56,E
5/29/1990,1990,5,29,,18.8,,7,,12.9,,5.1,,0,,0,T,0,,0,T,0,,,,<31,
5/30/1990,1990,5,30,,15,,8.7,,11.9,,6.1,,0,,13.2,,0,,13.2,,0,,,,<31,
5/31/1990,1990,5,31,,14,,7.2,,10.6,,7.4,,0,,6.1,,0,,6.1,,0,,7,,41,
6/1/1990,1990,6,1,,7.4,,3.5,,5.5,,12.5,,0,,6.2,,0,,6.2,,0,,9,,43,
6/2/1990,1990,6,2,,10.3,,2.6,,6.5,,11.5,,0,,3.4,,0,,3.4,,0,,,,<31,
6/3/1990,1990,6,3,,17.1,,5.9,,11.5,,6.5,,0,,0,,0,,0,,0,,,,<31,
6/4/1990,1990,6,4,,22.7,,3.2,,13,,5,,0,,0,,0,,0,,0,,,,<31,
6/5/1990,1990,6,5,,16.2,,7.6,,11.9,,6.1,,0,,11.5,,0,,11.5,,0,,12,,31,
6/6/1990,1990,6,6,,18.9,,6.5,,12.7,,5.3,,0,,3.4,,0,,3.4,,0,,,,<31,
6/7/1990,1990,6,7,,18.4,,5,,11.7,,6.3,,0,,0.2,,0,,0.2,,0,,26,,70,E
6/8/1990,1990,6,8,,17.9,,6,,12,,6,,0,,0,T,0,,0,T,0,,,,<31,
6/9/1990,1990,6,9,,18,,4.1,,11.1,,6.9,,0,,0,,0,,0,,0,,24,,37,E
6/10/1990,1990,6,10,,20.5,,3.7,,12.1,,5.9,,0,,0,,0,,0,,0,,,,<31,
6/11/1990,1990,6,11,,22.2,,10.8,,16.5,,1.5,,0,,0,T,0,,0,T,0,,,,<31,
6/12/1990,1990,6,12,,22.8,,8,,15.4,,2.6,,0,,0,,0,,0,,0,,32,,33,
6/13/1990,1990,6,13,,23.1,,9.9,,16.5,,1.5,,0,,0,T,0,,0,T,0,,24,,50,E
6/14/1990,1990,6,14,,22.1,,6.8,,14.5,,3.5,,0,,0,,0,,0,,0,,24,,46,
6/15/1990,1990,6,15,,17.5,,10.3,,13.9,,4.1,,0,,0.7,,0,,0.7,,0,,26,,44,
6/16/1990,1990,6,16,,18.2,,7.5,,12.9,,5.1,,0,,0.8,,0,,0.8,,0,,27,,56,
6/17/1990,1990,6,17,,18.8,,3.2,,11,,7,,0,,0,,0,,0,,0,,27,,37,E
6/18/1990,1990,6,18,,18.4,,4.2,,11.3,,6.7,,0,,0,T,0,,0,T,0,,30,,39,E
6/19/1990,1990,6,19,,19.1,,9.9,,14.5,,3.5,,0,,0,T,0,,0,T,0,,27,,33,E
6/20/1990,1990,6,20,,20.5,,1.8,,11.2,,6.8,,0,,0,,0,,0,,0,,,,<31,
6/21/1990,1990,6,21,,17,,11.1,,14.1,,3.9,,0,,0,T,0,,0,T,0,,16,,33,E
6/22/1990,1990,6,22,,19.4,,12.4,,15.9,,2.1,,0,,1.8,,0,,1.8,,0,,,,<31,
6/23/1990,1990,6,23,,15.6,,7.8,,11.7,,6.3,,0,,0.9,,0,,0.9,,0,,25,,52,E
6/24/1990,1990,6,24,,14.8,,6.2,,10.5,,7.5,,0,,17.8,,0,,17.8,,0,,28,,59,
6/25/1990,1990,6,25,,14,,7.9,,11,,7,,0,,14.2,,0,,14.2,,0,,,,<31,
6/26/1990,1990,6,26,,16,,8.8,,12.4,,5.6,,0,,8,,0,,8,,0,,,,<31,
6/27/1990,1990,6,27,,20.7,,6.2,,13.5,,4.5,,0,,0,,0,,0,,0,,,,<31,
6/28/1990,1990,6,28,,24.5,,7,,15.8,,2.2,,0,,0,,0,,0,,0,,,,<31,
6/29/1990,1990,6,29,,22,,11.8,,16.9,,1.1,,0,,3.1,,0,,3.1,,0,,,,<31,
6/30/1990,1990,6,30,,15.7,,11.5,,13.6,,4.4,,0,,0.6,,0,,0.6,,0,,8,,37,
7/1/1990,1990,7,1,,19.5,,12.3,,15.9,,2.1,,0,,0.2,,0,,0.2,,0,,,,<31,
7/2/1990,1990,7,2,,22,,9.5,,15.8,,2.2,,0,,0,T,0,,0,T,0,,7,,56,E
7/3/1990,1990,7,3,,23.3,,6.7,,15,,3,,0,,0,T,0,,0,T,0,,18,,46,E
7/4/1990,1990,7,4,,25.1,,8,,16.6,,1.4,,0,,0,T,0,,0,T,0,,10,,33,
7/5/1990,1990,7,5,,24.4,,9,,16.7,,1.3,,0,,0,,0,,0,,0,,,,<31,
7/6/1990,1990,7,6,,26.7,,8.4,,17.6,,0.4,,0,,0,T,0,,0,T,0,,31,,48,
7/7/1990,1990,7,7,,25.4,,9.9,,17.7,,0.3,,0,,0,,0,,0,,0,,24,,43,
7/8/1990,1990,7,8,,21.4,,8.5,,15,,3,,0,,0.3,,0,,0.3,,0,,,,<31,
7/9/1990,1990,7,9,,22.3,,6.8,,14.6,,3.4,,0,,0,T,0,,0,T,0,,21,,37,
7/10/1990,1990,7,10,,22.5,,12.5,,17.5,,0.5,,0,,5.2,,0,,5.2,,0,,24,,56,
7/11/1990,1990,7,11,,21.1,,6.7,,13.9,,4.1,,0,,0,,0,,0,,0,,,,<31,
7/12/1990,1990,7,12,,20.5,,9.7,,15.1,,2.9,,0,,3.6,,0,,3.6,,0,,21,,78,E
7/13/1990,1990,7,13,,18.1,,7.8,,13,,5,,0,,4,,0,,4,,0,,28,,65,E
7/14/1990,1990,7,14,,22.5,,3.6,,13.1,,4.9,,0,,0,,0,,0,,0,,,,<31,
7/15/1990,1990,7,15,,17.4,,9.7,,13.6,,4.4,,0,,0.2,,0,,0.2,,0,,,,<31,
7/16/1990,1990,7,16,,16.2,,7.2,,11.7,,6.3,,0,,24.3,,0,,24.3,,0,,7,,37,
7/17/1990,1990,7,17,,19.6,,9.5,,14.6,,3.4,,0,,7.8,,0,,7.8,,0,,8,,41,
7/18/1990,1990,7,18,,23.2,,6,,14.6,,3.4,,0,,0,,0,,0,,0,,,,<31,
7/19/1990,1990,7,19,,27,,7.2,,17.1,,0.9,,0,,0,T,0,,0,T,0,,,M,,M
7/20/1990,1990,7,20,,28.3,,10.3,,19.3,,0,,1.3,,0,,0,,0,,0,,25,,48,E
7/21/1990,1990,7,21,,30.7,,9.7,,20.2,,0,,2.2,,0,T,0,,0,T,0,,27,,67,E
7/22/1990,1990,7,22,,29.2,,11.5,,20.4,,0,,2.4,,0,,0,,0,,0,,9,,31,E
7/23/1990,1990,7,23,,25.7,,12.3,,19,,0,,1,,0,T,0,,0,T,0,,,,<31,
7/24/1990,1990,7,24,,27.6,,13.7,,20.7,,0,,2.7,,0,,0,,0,,0,,,,<31,
7/25/1990,1990,7,25,,24.6,,10.2,,17.4,,0.6,,0,,0,,0,,0,,0,,27,,56,
7/26/1990,1990,7,26,,20,,7.8,,13.9,,4.1,,0,,0,T,0,,0,T,0,,27,,44,E
7/27/1990,1990,7,27,,22.3,,11.5,,16.9,,1.1,,0,,0,,0,,0,,0,,,,<31,
7/28/1990,1990,7,28,,25.4,,7.3,,16.4,,1.6,,0,,0,,0,,0,,0,,,,<31,
7/29/1990,1990,7,29,,28.2,,9,,18.6,,0,,0.6,,0,,0,,0,,0,,29,,41,E
7/30/1990,1990,7,30,,28,,11,,19.5,,0,,1.5,,0.2,,0,,0.2,,0,,31,,52,E
7/31/1990,1990,7,31,,20.2,,12.2,,16.2,,1.8,,0,,0.2,,0,,0.2,,0,,30,,56,E
8/1/1990,1990,8,1,,20.2,,4.2,,12.2,,5.8,,0,,0,T,0,,0,T,0,,21,,43,E
8/2/1990,1990,8,2,,18.8,,7.5,,13.2,,4.8,,0,,0.6,,0,,0.6,,0,,29,,37,E
8/3/1990,1990,8,3,,21.9,,6,,14,,4,,0,,0,T,0,,0,T,0,,,,<31,
8/4/1990,1990,8,4,,24.2,,12,,18.1,,0,,0.1,,0.7,,0,,0.7,,0,,,,<31,
8/5/1990,1990,8,5,,25.4,,6.6,,16,,2,,0,,0,,0,,0,,0,,,,<31,
8/6/1990,1990,8,6,,21,,10.7,,15.9,,2.1,,0,,6.5,,0,,6.5,,0,,25,,37,E
8/7/1990,1990,8,7,,20.4,,7.8,,14.1,,3.9,,0,,0,,0,,0,,0,,,,<31,
8/8/1990,1990,8,8,,20.7,,8.6,,14.7,,3.3,,0,,0,,0,,0,,0,,,,<31,
8/9/1990,1990,8,9,,21.5,,7.7,,14.6,,3.4,,0,,0.4,,0,,0.4,,0,,,,<31,
8/10/1990,1990,8,10,,28.1,,10.9,,19.5,,0,,1.5,,0,T,0,,0,T,0,,,,<31,
8/11/1990,1990,8,11,,30.9,,10.1,,20.5,,0,,2.5,,0,,0,,0,,0,,,,<31,
8/12/1990,1990,8,12,,30.5,,11.1,,20.8,,0,,2.8,,0,,0,,0,,0,,20,,37,
8/13/1990,1990,8,13,,23.3,,14.7,,19,,0,,1,,0,,0,,0,,0,,12,,33,E
8/14/1990,1990,8,14,,19.7,,11.3,,15.5,,2.5,,0,,0,,0,,0,,0,,9,,37,E
8/15/1990,1990,8,15,,21.2,,7,,14.1,,3.9,,0,,0,,0,,0,,0,,,,<31,
8/16/1990,1990,8,16,,24.5,,6.6,,15.6,,2.4,,0,,0,,0,,0,,0,,,,<31,
8/17/1990,1990,8,17,,23,,8.6,,15.8,,2.2,,0,,0,,0,,0,,0,,29,,31,E
8/18/1990,1990,8,18,,24.8,,6.4,,15.6,,2.4,,0,,0,,0,,0,,0,,,,<31,
8/19/1990,1990,8,19,,15.5,,7.6,,11.6,,6.4,,0,,5.6,,0,,5.6,,0,,,,<31,
8/20/1990,1990,8,20,,22.5,,12.4,,17.5,,0.5,,0,,0,,0,,0,,0,,25,,46,E
8/21/1990,1990,8,21,,16.2,,10.4,,13.3,,4.7,,0,,0.2,,0,,0.2,,0,,,,<31,
8/22/1990,1990,8,22,,13.9,,8.7,,11.3,,6.7,,0,,2.8,,0,,2.8,,0,,,,<31,
8/23/1990,1990,8,23,,16.2,,7.3,,11.8,,6.2,,0,,0,T,0,,0,T,0,,,,<31,
8/24/1990,1990,8,24,,19.6,,0.6,,10.1,,7.9,,0,,0,,0,,0,,0,,,,<31,
8/25/1990,1990,8,25,,19.2,,2.6,,10.9,,7.1,,0,,0,,0,,0,,0,,,,<31,
8/26/1990,1990,8,26,,19.5,,2.3,,10.9,,7.1,,0,,0,,0,,0,,0,,26,,33,E
8/27/1990,1990,8,27,,19.8,,12.7,,16.3,,1.7,,0,,0,T,0,,0,T,0,,27,,33,
8/28/1990,1990,8,28,,21.2,,13.7,,17.5,,0.5,,0,,1.4,,0,,1.4,,0,,22,,59,
8/29/1990,1990,8,29,,15.7,,3.7,,9.7,,8.3,,0,,0,T,0,,0,T,0,,27,,39,E
8/30/1990,1990,8,30,,14.6,,-1.7,,6.5,,11.5,,0,,0,,0,,0,,0,,,,<31,
8/31/1990,1990,8,31,,12.4,,2.7,,7.6,,10.4,,0,,0.2,,0,,0.2,,0,,,,<31,
9/1/1990,1990,9,1,,13.6,,0.7,,7.2,,10.8,,0,,0,T,0,,0,T,0,,,,<31,
9/2/1990,1990,9,2,,14.6,,-0.8,,6.9,,11.1,,0,,0.4,,0,,0.4,,0,,,,<31,
9/3/1990,1990,9,3,,16.2,,5.8,,11,,7,,0,,1.4,,0,,1.4,,0,,26,,56,E
9/4/1990,1990,9,4,,16.3,,8,,12.2,,5.8,,0,,11.2,,0,,11.2,,0,,34,,56,E
9/5/1990,1990,9,5,,17.1,,2.2,,9.7,,8.3,,0,,0,,0,,0,,0,,,,<31,
9/6/1990,1990,9,6,,20.7,,4,,12.4,,5.6,,0,,0,,0,,0,,0,,26,,74,E
9/7/1990,1990,9,7,,15.1,,2.1,,8.6,,9.4,,0,,1,,0,,1,,0,,30,,59,E
9/8/1990,1990,9,8,,15.7,,-2.8,,6.5,,11.5,,0,,0,,0,,0,,0,,,,<31,
9/9/1990,1990,9,9,,17.1,,0.5,,8.8,,9.2,,0,,0.7,,0,,0.7,,0,,23,,57,E
9/10/1990,1990,9,10,,18.5,,10.4,,14.5,,3.5,,0,,0,T,0,,0,T,0,,25,,46,E
9/11/1990,1990,9,11,,14.4,,2.4,,8.4,,9.6,,0,,3.2,,0,,3.2,,0,,31,,35,E
9/12/1990,1990,9,12,,17.3,,0.1,,8.7,,9.3,,0,,0,,0,,0,,0,,24,,56,E
9/13/1990,1990,9,13,,17.5,,9.1,,13.3,,4.7,,0,,0,T,0,,0,T,0,,25,,33,E
9/14/1990,1990,9,14,,19.5,,2,,10.8,,7.2,,0,,0,,0,,0,,0,,,,<31,
9/15/1990,1990,9,15,,15.5,,4,,9.8,,8.2,,0,,2.4,,0,,2.4,,0,,24,,56,E
9/16/1990,1990,9,16,,14.5,,-1.8,,6.4,,11.6,,0,,0,,0,,0,,0,,31,,43,E
9/17/1990,1990,9,17,,14,,-3,,5.5,,12.5,,0,,0,,0,,0,,0,,,,<31,
9/18/1990,1990,9,18,,10.4,,5.9,,8.2,,9.8,,0,,11.2,,0,,11.2,,0,,,,<31,
9/19/1990,1990,9,19,,13.7,,5.5,,9.6,,8.4,,0,,0,T,0,,0,T,0,,25,,44,
9/20/1990,1990,9,20,,17.5,,1.6,,9.6,,8.4,,0,,0,,0,,0,,0,,,,<31,
9/21/1990,1990,9,21,,19,,9.7,,14.4,,3.6,,0,,2.6,,0,,2.6,,0,,,,<31,
9/22/1990,1990,9,22,,20.7,,9.9,,15.3,,2.7,,0,,0,T,0,,0,T,0,,12,,31,E
9/23/1990,1990,9,23,,19.6,,10.1,,14.9,,3.1,,0,,2,,0,,2,,0,,23,,50,E
9/24/1990,1990,9,24,,16.1,,5,,10.6,,7.4,,0,,0,T,0,,0,T,0,,27,,41,
9/25/1990,1990,9,25,,12.7,,3.1,,7.9,,10.1,,0,,0,T,0,,0,T,0,,25,,50,E
9/26/1990,1990,9,26,,11.3,,-3,,4.2,,13.8,,0,,0,,0,,0,,0,,,,<31,
9/27/1990,1990,9,27,,10.1,,-5.8,,2.2,,15.8,,0,,0,,0,,0,,0,,13,,39,
9/28/1990,1990,9,28,,16.2,,2.9,,9.6,,8.4,,0,,1.2,,0,,1.2,,0,,12,,56,E
9/29/1990,1990,9,29,,12.7,,7.6,,10.2,,7.8,,0,,0,,0,,0,,0,,25,,83,E
9/30/1990,1990,9,30,,12.3,,2.6,,7.5,,10.5,,0,,0,T,0,,0,T,0,,24,,46,
10/1/1990,1990,10,1,,6.9,,-4.5,,1.2,,16.8,,0,,0.6,,0,T,0.6,,0,,,,<31,
10/2/1990,1990,10,2,,3.3,,1.1,,2.2,,15.8,,0,,14,,0,T,14,,0,,,,<31,
10/3/1990,1990,10,3,,4.1,,-0.7,,1.7,,16.3,,0,,1.6,,0,T,1.6,,0,,,,<31,
10/4/1990,1990,10,4,,1.5,,-1.5,,0,,18,,0,,0,,6.6,,6.4,,1,,,,<31,
10/5/1990,1990,10,5,,3.9,,-5.6,,-0.9,,18.9,,0,,0,,0,,0,,0,T,,,<31,
10/6/1990,1990,10,6,,3,,-5.6,,-1.3,,19.3,,0,,0,,0,,0,,0,,,,<31,
10/7/1990,1990,10,7,,7,,1,,4,,14,,0,,2.4,,0,T,2.4,,0,,,,<31,
10/8/1990,1990,10,8,,11.7,,4.7,,8.2,,9.8,,0,,0.2,,0,,0.2,,0,,23,,65,
10/9/1990,1990,10,9,,7.3,,-0.8,,3.3,,14.7,,0,,1,,0,T,1,,0,,30,,48,
10/10/1990,1990,10,10,,4.1,,-1.3,,1.4,,16.6,,0,,0,,0,,0,,0,,28,,41,
10/11/1990,1990,10,11,,2.8,,-1.2,,0.8,,17.2,,0,,0,,1.2,,1.2,,0,,14,,56,E
10/12/1990,1990,10,12,,0.1,,-1.6,,-0.8,,18.8,,0,,0,,2,,2,,1,,,M,,M
10/13/1990,1990,10,13,,4,,-2.5,,0.8,,17.2,,0,,0,,2.8,,2.8,,4,,,,<31,
10/14/1990,1990,10,14,,3.5,,-6.5,,-1.5,,19.5,,0,,0,,0,T,0,T,0,T,,,<31,
10/15/1990,1990,10,15,,0.8,,-8.8,,-4,,22,,0,,0,,0,T,0,T,0,T,,,<31,
10/16/1990,1990,10,16,,0.1,,-9.9,,-4.9,,22.9,,0,,0,,1,,0.8,,0,T,,,<31,
10/17/1990,1990,10,17,,-3.8,,-10.7,,-7.3,,25.3,,0,,0,,0.3,,0.3,,1,,,,<31,
10/18/1990,1990,10,18,,-2.1,,-5.6,,-3.9,,21.9,,0,,0,,3.4,,2,,2,,,,<31,
10/19/1990,1990,10,19,,-1.5,,-19.6,,-10.6,,28.6,,0,,0,,0,,0,,4,,,,<31,
10/20/1990,1990,10,20,,4,,-9.4,,-2.7,,20.7,,0,,0,,0.4,,0,T,4,,9,,56,
10/21/1990,1990,10,21,,3.3,,-4.6,,-0.7,,18.7,,0,,0,,0.2,,0,T,4,,,,<31,
10/22/1990,1990,10,22,,3.9,,-2.8,,0.6,,17.4,,0,,0,,0,T,0,T,3,,,,<31,
10/23/1990,1990,10,23,,1.3,,-8.3,,-3.5,,21.5,,0,,0,,0.6,,0.2,,3,,22,,59,E
10/24/1990,1990,10,24,,5.5,,-6.6,,-0.6,,18.6,,0,,0,,0,T,0,T,3,,24,,56,E
10/25/1990,1990,10,25,,1.4,,-11.9,,-5.3,,23.3,,0,,0,,0,,0,,2,,,,<31,
10/26/1990,1990,10,26,,-2.1,,-17.2,,-9.7,,27.7,,0,,0,,0,,0,,2,,10,,52,
10/27/1990,1990,10,27,,-4.9,,-6.2,,-5.6,,23.6,,0,,0,,1.6,,1.6,,5,,11,,46,
10/28/1990,1990,10,28,,-4.7,,-14.8,,-9.8,,27.8,,0,,0,,0,,0,,6,,,,<31,
10/29/1990,1990,10,29,,-8.3,,-16.5,,-12.4,,30.4,,0,,0,,0,,0,,6,,,,<31,
10/30/1990,1990,10,30,,-5.1,,-12.1,,-8.6,,26.6,,0,,0,,0.2,,0,T,6,,,,<31,
10/31/1990,1990,10,31,,-2.3,,-9.8,,-6.1,,24.1,,0,,0,,0.4,,0.2,,6,,,,<31,
11/1/1990,1990,11,1,,-5.6,,-17.7,,-11.7,,29.7,,0,,0,,1,,0.8,,6,,,,<31,
11/2/1990,1990,11,2,,-10.9,,-21.5,,-16.2,,34.2,,0,,0,,1.2,,0.2,,7,,,,<31,
11/3/1990,1990,11,3,,-11.7,,-25,,-18.4,,36.4,,0,,0,,0.4,,0,T,9,,,,<31,
11/4/1990,1990,11,4,,-12.8,,-27.5,,-20.2,,38.2,,0,,0,,0,,0,,9,,,,<31,
11/5/1990,1990,11,5,,-7.5,,-22.4,,-15,,33,,0,,0,,0,,0,,9,,,,<31,
11/6/1990,1990,11,6,,-3.7,,-13.9,,-8.8,,26.8,,0,,0,,6.5,,4.5,,9,,,,<31,
11/7/1990,1990,11,7,,-2.6,,-13.6,,-8.1,,26.1,,0,,0,,6,,3.9,,16,,29,,61,E
11/8/1990,1990,11,8,,-7.9,,-21.9,,-14.9,,32.9,,0,,0,,0.8,,0.6,,21,,11,,37,
11/9/1990,1990,11,9,,-9.7,,-22.9,,-16.3,,34.3,,0,,0,,2.4,,1.6,,19,,11,,41,E
11/10/1990,1990,11,10,,-22.2,,-32.8,,-27.5,,45.5,,0,,0,,0.5,,0.5,,21,,,,<31,
11/11/1990,1990,11,11,,-21.1,,-31.2,,-26.2,,44.2,,0,,0,,0.6,,0.6,,22,,,,<31,
11/12/1990,1990,11,12,,-24.5,,-34,,-29.3,,47.3,,0,,0,,5,,4.7,,22,,,,<31,
11/13/1990,1990,11,13,,-20.4,,-25.7,,-23.1,,41.1,,0,,0,,3.5,,3.1,,27,,,,<31,
11/14/1990,1990,11,14,,-20,,-30.5,,-25.3,,43.3,,0,,0,,0.8,,0.6,,28,,,,<31,
11/15/1990,1990,11,15,,-15.2,,-20.2,,-17.7,,35.7,,0,,0,,0,T,0,T,28,,,,<31,
11/16/1990,1990,11,16,,-11.8,,-23.4,,-17.6,,35.6,,0,,0,,0.2,,0,T,28,,,,<31,
11/17/1990,1990,11,17,,-9.2,,-15.8,,-12.5,,30.5,,0,,0,,1,,0.7,,29,,,,<31,
11/18/1990,1990,11,18,,-5.7,,-14,,-9.9,,27.9,,0,,0,,2.8,,2.1,,29,,,,<31,
11/19/1990,1990,11,19,,-8.3,,-28.9,,-18.6,,36.6,,0,,0,,0.8,,0.4,,29,,,,<31,
11/20/1990,1990,11,20,,-22.8,,-31.7,,-27.3,,45.3,,0,,0,,0,T,0,T,29,,,,<31,
11/21/1990,1990,11,21,,-23.2,,-30.5,,-26.9,,44.9,,0,,0,,0.6,,0,T,27,,,,<31,
11/22/1990,1990,11,22,,-23.6,,-32.5,,-28.1,,46.1,,0,,0,,0.5,,0.5,,27,,,,<31,
11/23/1990,1990,11,23,,-27,,-37.1,,-32.1,,50.1,,0,,0,,0.2,,0.2,,27,,,,<31,
11/24/1990,1990,11,24,,-29.7,,-38.4,,-34.1,,52.1,,0,,0,,0.4,,0.4,,27,,,,<31,
11/25/1990,1990,11,25,,-32.7,,-42,,-37.4,,55.4,,0,,0,,0.8,,0.6,,27,,,,<31,
11/26/1990,1990,11,26,,-24.2,,-32.9,,-28.6,,46.6,,0,,0,,4.6,,4,,29,,,,<31,
11/27/1990,1990,11,27,,-22.7,,-34.3,,-28.5,,46.5,,0,,0,,0.6,,0.4,,31,,,,<31,
11/28/1990,1990,11,28,,-19.9,,-25,,-22.5,,40.5,,0,,0,,0,T,0,T,31,,,,<31,
11/29/1990,1990,11,29,,-18.5,,-23.8,,-21.2,,39.2,,0,,0,,4,,3.1,,32,,,,<31,
11/30/1990,1990,11,30,,-22.6,,-27,,-24.8,,42.8,,0,,0,,1,,0.6,,35,,,,<31,
12/1/1990,1990,12,1,,-25.6,,-29.2,,-27.4,,45.4,,0,,0,,3.2,,2.6,,35,,,,<31,
12/2/1990,1990,12,2,,-28.9,,-43.5,,-36.2,,54.2,,0,,0,,0,T,0,T,36,,,,<31,
12/3/1990,1990,12,3,,-27.4,,-38.6,,-33,,51,,0,,0,,4.2,,2.8,,38,,,,<31,
12/4/1990,1990,12,4,,-24,,-29.8,,-26.9,,44.9,,0,,0,,0,T,0,T,38,,,,<31,
12/5/1990,1990,12,5,,-17.7,,-27.5,,-22.6,,40.6,,0,,0,,0,T,0,T,38,,,,<31,
12/6/1990,1990,12,6,,2.6,,-17.7,,-7.6,,25.6,,0,,0,T,5.6,,6.6,,38,,,,<31,
12/7/1990,1990,12,7,,2.5,,-15.1,,-6.3,,24.3,,0,,0,,0,,0,,41,,26,,33,
12/8/1990,1990,12,8,,-13.9,,-25.5,,-19.7,,37.7,,0,,0,,0,,0,,40,,,,<31,
12/9/1990,1990,12,9,,-18.2,,-24.4,,-21.3,,39.3,,0,,0,,0,,0,,40,,,,<31,
12/10/1990,1990,12,10,,-20.3,,-29.7,,-25,,43,,0,,0,,0,,0,,40,,,,<31,
12/11/1990,1990,12,11,,-23.6,,-32,,-27.8,,45.8,,0,,0,,0,T,0,T,40,,,,<31,
12/12/1990,1990,12,12,,-21.1,,-29,,-25.1,,43.1,,0,,0,,0,T,0,T,40,,,,<31,
12/13/1990,1990,12,13,,-13.4,,-25.4,,-19.4,,37.4,,0,,0,,0,,0,,40,,,,<31,
12/14/1990,1990,12,14,,-18.8,,-28.9,,-23.9,,41.9,,0,,0,,0,T,0,T,40,,,,<31,
12/15/1990,1990,12,15,,-21.9,,-33.7,,-27.8,,45.8,,0,,0,,0.5,,0.5,,40,,,,<31,
12/16/1990,1990,12,16,,-17.9,,-22.6,,-20.3,,38.3,,0,,0,,6.3,,5.3,,41,,,,<31,
12/17/1990,1990,12,17,,-17.7,,-32.1,,-24.9,,42.9,,0,,0,,2.2,,2.2,,45,,,,<31,
12/18/1990,1990,12,18,,-28.3,,-41.5,,-34.9,,52.9,,0,,0,,0,T,0,T,46,,,,<31,
12/19/1990,1990,12,19,,-31.1,,-37.4,,-34.3,,52.3,,0,,0,,0,T,0,T,46,,,,<31,
12/20/1990,1990,12,20,,-21.9,,-38,,-30,,48,,0,,0,,0,,0,,46,,,,<31,
12/21/1990,1990,12,21,,-17.7,,-24.1,,-20.9,,38.9,,0,,0,,0.6,,0.6,,46,,,,<31,
12/22/1990,1990,12,22,,-19.7,,-27.1,,-23.4,,41.4,,0,,0,,0,T,0,T,43,,,,<31,
12/23/1990,1990,12,23,,-13.2,,-25.2,,-19.2,,37.2,,0,,0,,2.8,,1.1,,43,,,,<31,
12/24/1990,1990,12,24,,-11,,-22.4,,-16.7,,34.7,,0,,0,,4.5,,4.2,,48,,14,,37,
12/25/1990,1990,12,25,,-16.6,,-24,,-20.3,,38.3,,0,,0,,2.8,,1.6,,51,,,,<31,
12/26/1990,1990,12,26,,-10.3,,-18.5,,-14.4,,32.4,,0,,0,,11.1,,9.7,,51,,7,,46,
12/27/1990,1990,12,27,,-18.3,,-36.5,,-27.4,,45.4,,0,,0,,0.4,,0,T,62,,,,<31,
12/28/1990,1990,12,28,,-28.7,,-37.7,,-33.2,,51.2,,0,,0,,0.2,,0.2,,62,,,,<31,
12/29/1990,1990,12,29,,-22.6,,-29.4,,-26,,44,,0,,0,,9.2,,7.6,,63,,,,<31,
12/30/1990,1990,12,30,,-22.6,,-42.4,,-32.5,,50.5,,0,,0,,0,,0,,69,,,,<31,
12/31/1990,1990,12,31,,-39.7,,-47.2,,-43.5,,61.5,,0,,0,,0,,0,,69,,,,<31,
1/1/1991,1991,1,1,,-41.7,,-48.6,,-45.2,,63.2,,0,,0,,0,T,0,T,69,,,,<31,
1/2/1991,1991,1,2,,-43.1,,-48.3,,-45.7,,63.7,,0,,0,,0,,0,,69,,,,<31,
1/3/1991,1991,1,3,,-41.1,,-49.6,,-45.4,,63.4,,0,,0,,0,,0,,69,,,,<31,
1/4/1991,1991,1,4,,-35.4,,-45.2,,-40.3,,58.3,,0,,0,,0,,0,,60,,,,<31,
1/5/1991,1991,1,5,,-40.6,,-47.3,,-44,,62,,0,,0,,0,T,0,T,60,,,,<31,
1/6/1991,1991,1,6,,-35.6,,-45.4,,-40.5,,58.5,,0,,0,,0,,0,,60,,,,<31,
1/7/1991,1991,1,7,,-42.6,,-49.2,,-45.9,,63.9,,0,,0,,0,,0,,60,,,,<31,
1/8/1991,1991,1,8,,-35.6,,-48,,-41.8,,59.8,,0,,0,,0,T,0,T,60,,,,<31,
1/9/1991,1991,1,9,,-27.6,,-37,,-32.3,,50.3,,0,,0,,0,T,0,T,59,,,,<31,
1/10/1991,1991,1,10,,-26.8,,-37.6,,-32.2,,50.2,,0,,0,,0,,0,,59,,,,<31,
1/11/1991,1991,1,11,,-25,,-37.1,,-31.1,,49.1,,0,,0,,0.2,,0.2,,59,,,,<31,
1/12/1991,1991,1,12,,-18.3,,-28.2,,-23.3,,41.3,,0,,0,,0.2,,0.2,,58,,,,<31,
1/13/1991,1991,1,13,,-14.3,,-22.8,,-18.6,,36.6,,0,,0,,0.2,,0.2,,58,,,,<31,
1/14/1991,1991,1,14,,-17.4,,-25.8,,-21.6,,39.6,,0,,0,,0,,0,,58,,,,<31,
1/15/1991,1991,1,15,,-14.7,,-29.8,,-22.3,,40.3,,0,,0,,0.8,,0.6,,58,,,,<31,
1/16/1991,1991,1,16,,0.5,,-16.6,,-8.1,,26.1,,0,,1,,0.3,,1.2,,59,,,,<31,
1/17/1991,1991,1,17,,4.5,,-11.6,,-3.6,,21.6,,0,,0.3,,0.7,,1,,55,,,,<31,
1/18/1991,1991,1,18,,-1,,-18,,-9.5,,27.5,,0,,0,,0,T,0,T,55,,21,,50,
1/19/1991,1991,1,19,,-10.9,,-20.2,,-15.6,,33.6,,0,,0,,0,,0,,55,,,,<31,
1/20/1991,1991,1,20,,-4.3,,-18.5,,-11.4,,29.4,,0,,0,,0,T,0,T,55,,,,<31,
1/21/1991,1991,1,21,,-1,,-16.8,,-8.9,,26.9,,0,,0,,0,,0,,55,,,,<31,
1/22/1991,1991,1,22,,-13.4,,-22.6,,-18,,36,,0,,0,,0,,0,,55,,,,<31,
1/23/1991,1991,1,23,,-9.3,,-20.2,,-14.8,,32.8,,0,,0,,4,,3.6,,55,,,,<31,
1/24/1991,1991,1,24,,-10,,-25.2,,-17.6,,35.6,,0,,0,,0,,0,,56,,,,<31,
1/25/1991,1991,1,25,,-16.1,,-28.3,,-22.2,,40.2,,0,,0,,0,,0,,56,,,,<31,
1/26/1991,1991,1,26,,2.9,,-22.5,,-9.8,,27.8,,0,,0,,0,,0,,55,,28,,70,
1/27/1991,1991,1,27,,-0.7,,-26.2,,-13.5,,31.5,,0,,0,,0,,0,,54,,30,,52,
1/28/1991,1991,1,28,,-16.8,,-32.5,,-24.7,,42.7,,0,,0,,0.2,,0,T,54,,,,<31,
1/29/1991,1991,1,29,,-13.5,,-21.5,,-17.5,,35.5,,0,,0,,0,T,0,T,55,,,,<31,
1/30/1991,1991,1,30,,-18.5,,-33,,-25.8,,43.8,,0,,0,,0,,0,,54,,,,<31,
1/31/1991,1991,1,31,,-18.8,,-27.8,,-23.3,,41.3,,0,,0,,6.2,,5,,55,,,,<31,
2/1/1991,1991,2,1,,-11.9,,-21.8,,-16.9,,34.9,,0,,0,,0,,0,,57,,,,<31,
2/2/1991,1991,2,2,,0.7,,-20.9,,-10.1,,28.1,,0,,0,,0.8,,0.8,,57,,26,,65,
2/3/1991,1991,2,3,,-2.3,,-24.2,,-13.3,,31.3,,0,,0,,0,,0,,57,,26,,35,
2/4/1991,1991,2,4,,-1.9,,-17,,-9.5,,27.5,,0,,0,,4,,3.8,,57,,8,,41,
2/5/1991,1991,2,5,,-2.7,,-20.9,,-11.8,,29.8,,0,,0,,2.1,,1.9,,61,,,,<31,
2/6/1991,1991,2,6,,4,,-6.2,,-1.1,,19.1,,0,,0,,0.6,,0.6,,63,,25,,37,
2/7/1991,1991,2,7,,-5.4,,-20.9,,-13.2,,31.2,,0,,0,,0.2,,0.2,,62,,24,,74,E
2/8/1991,1991,2,8,,-7.4,,-23.1,,-15.3,,33.3,,0,,0,,0,,0,,62,,,,<31,
2/9/1991,1991,2,9,,-14.2,,-25.9,,-20.1,,38.1,,0,,0,,0,T,0,T,62,,,,<31,
2/10/1991,1991,2,10,,-11.6,,-21.3,,-16.5,,34.5,,0,,0,,1.4,,1,,62,,,,<31,
2/11/1991,1991,2,11,,-9.1,,-22.2,,-15.7,,33.7,,0,,0,,0,T,0,T,63,,,,<31,
2/12/1991,1991,2,12,,-12.1,,-25,,-18.6,,36.6,,0,,0,,0,,0,,62,,,,<31,
2/13/1991,1991,2,13,,-8.4,,-23.6,,-16,,34,,0,,0,,0.4,,0.3,,62,,,,<31,
2/14/1991,1991,2,14,,-6,,-17.5,,-11.8,,29.8,,0,,0,,0,T,0,T,62,,,,<31,
2/15/1991,1991,2,15,,-4.4,,-15,,-9.7,,27.7,,0,,0,T,3.8,,3.6,,63,,,,<31,
2/16/1991,1991,2,16,,-1.7,,-18.4,,-10.1,,28.1,,0,,0,,0,,0,,63,,,,<31,
2/17/1991,1991,2,17,,-1.5,,-15.9,,-8.7,,26.7,,0,,0,,0,,0,,63,,,,<31,
2/18/1991,1991,2,18,,-1.8,,-19.4,,-10.6,,28.6,,0,,0,,0,T,0,T,63,,9,,37,
2/19/1991,1991,2,19,,-4.3,,-20.9,,-12.6,,30.6,,0,,0,,7,,6.5,,64,,12,,54,
2/20/1991,1991,2,20,,-19.9,,-30,,-25,,43,,0,,0,,0.5,,0.4,,68,,,,<31,
2/21/1991,1991,2,21,,-19.8,,-35.4,,-27.6,,45.6,,0,,0,,0.4,,0.4,,63,,,,<31,
2/22/1991,1991,2,22,,-13.3,,-21.4,,-17.4,,35.4,,0,,0,,0.4,,0.4,,61,,,,<31,
2/23/1991,1991,2,23,,-3.9,,-18.7,,-11.3,,29.3,,0,,0,,0,,0,,61,,,,<31,
2/24/1991,1991,2,24,,-0.6,,-17.8,,-9.2,,27.2,,0,,0,T,0,,0,T,61,,,,<31,
2/25/1991,1991,2,25,,5.8,,-10.7,,-2.5,,20.5,,0,,0,T,0,,0,T,60,,,,<31,
2/26/1991,1991,2,26,,2.2,,-11.4,,-4.6,,22.6,,0,,0,,0,,0,,59,,,,<31,
2/27/1991,1991,2,27,,-2.9,,-19.1,,-11,,29,,0,,0,,0.4,,0.4,,59,,13,,46,E
2/28/1991,1991,2,28,,-9.8,,-30.1,,-20,,38,,0,,0,,0,,0,,59,,,,<31,
3/1/1991,1991,3,1,,-13.5,,-34.8,,-24.2,,42.2,,0,,0,,0,,0,,59,,,,<31,
3/2/1991,1991,3,2,,-14.9,,-38.7,,-26.8,,44.8,,0,,0,,0,T,0,T,59,,,,<31,
3/3/1991,1991,3,3,,-13.8,,-38.8,,-26.3,,44.3,,0,,0,,0,,0,,59,,,,<31,
3/4/1991,1991,3,4,,-6.3,,-32.9,,-19.6,,37.6,,0,,0,,0,,0,,58,,,,<31,
3/5/1991,1991,3,5,,-9.1,,-15.3,,-12.2,,30.2,,0,,0,,0.2,,0.2,,58,,14,,41,
3/6/1991,1991,3,6,,-5,,-24.8,,-14.9,,32.9,,0,,0,,0,T,0,T,60,,,,<31,
3/7/1991,1991,3,7,,2.4,,-9.1,,-3.4,,21.4,,0,,0,,0,,0,,59,,29,,54,E
3/8/1991,1991,3,8,,1.2,,-7.5,,-3.2,,21.2,,0,,0,,0,T,0,T,59,,25,,46,
3/9/1991,1991,3,9,,-2.7,,-15.1,,-8.9,,26.9,,0,,0,,2,,1.6,,59,,11,,41,
3/10/1991,1991,3,10,,-13.4,,-25.9,,-19.7,,37.7,,0,,0,,0,,0,,59,,12,,39,E
3/11/1991,1991,3,11,,-9.4,,-28.9,,-19.2,,37.2,,0,,0,,0.2,,0,T,58,,,,<31,
3/12/1991,1991,3,12,,-2.7,,-24.7,,-13.7,,31.7,,0,,0,,0,,0,,58,,,,<31,
3/13/1991,1991,3,13,,2.6,,-7,,-2.2,,20.2,,0,,0,,0.2,,0.2,,58,,,,<31,
3/14/1991,1991,3,14,,1.4,,-6.8,,-2.7,,20.7,,0,,0,,0,,0,,57,,26,,43,E
3/15/1991,1991,3,15,,0.4,,-18,,-8.8,,26.8,,0,,0,,0,,0,,57,,,,<31,
3/16/1991,1991,3,16,,4.4,,-14.1,,-4.9,,22.9,,0,,0,,0,,0,,57,,26,,44,E
3/17/1991,1991,3,17,,5.1,,-10.5,,-2.7,,20.7,,0,,0,,0,T,0,T,56,,25,,46,E
3/18/1991,1991,3,18,,3,,-6.5,,-1.8,,19.8,,0,,0,,0.4,,0.4,,55,,,,<31,
3/19/1991,1991,3,19,,3,,-4.4,,-0.7,,18.7,,0,,0.4,,1.6,,1.8,,56,,,,<31,
3/20/1991,1991,3,20,,0.7,,-2.9,,-1.1,,19.1,,0,,0,T,1,,0.8,,55,,,,<31,
3/21/1991,1991,3,21,,-2,,-12.7,,-7.4,,25.4,,0,,0,,0,T,0,T,56,,,,<31,
3/22/1991,1991,3,22,,-3.6,,-19.3,,-11.5,,29.5,,0,,0,,0,,0,,56,,,,<31,
3/23/1991,1991,3,23,,-3.1,,-24.1,,-13.6,,31.6,,0,,0,,0,,0,,56,,,,<31,
3/24/1991,1991,3,24,,1.3,,-21,,-9.9,,27.9,,0,,0,,0,,0,,56,,34,,43,E
3/25/1991,1991,3,25,,3.4,,-12.7,,-4.7,,22.7,,0,,0,,0,,0,,56,,,,<31,
3/26/1991,1991,3,26,,6.5,,-6.2,,0.2,,17.8,,0,,0,,1,,0.5,,55,,30,,39,
3/27/1991,1991,3,27,,7.6,,-2.9,,2.4,,15.6,,0,,0,,0,,0,,58,,27,,37,
3/28/1991,1991,3,28,,3.1,,-5.8,,-1.4,,19.4,,0,,0,,0,,0,,55,,21,,56,
3/29/1991,1991,3,29,,3.6,,-3.9,,-0.2,,18.2,,0,,0,,0,,0,,54,,26,,74,
3/30/1991,1991,3,30,,4.6,,-7.6,,-1.5,,19.5,,0,,0,,0,,0,,54,,,,<31,
3/31/1991,1991,3,31,,6.9,,-2.9,,2,,16,,0,,0,T,0.6,,0.6,,54,,26,,41,
4/1/1991,1991,4,1,,1.8,,-5.8,,-2,,20,,0,,0,,0,,0,,52,,29,,46,E
4/2/1991,1991,4,2,,4.2,,-15.2,,-5.5,,23.5,,0,,0,,0,,0,,52,,,,<31,
4/3/1991,1991,4,3,,4.3,,-12.7,,-4.2,,22.2,,0,,0,,0,,0,,52,,10,,37,
4/4/1991,1991,4,4,,6.8,,-11.1,,-2.2,,20.2,,0,,0,,0,,0,,52,,,,<31,
4/5/1991,1991,4,5,,7.3,,-11,,-1.9,,19.9,,0,,0,,0,,0,,51,,,,<31,
4/6/1991,1991,4,6,,2.8,,-11.9,,-4.6,,22.6,,0,,0,,0,T,0,T,50,,,,<31,
4/7/1991,1991,4,7,,5.2,,-13.7,,-4.3,,22.3,,0,,0,,0,T,0,T,50,,18,,33,E
4/8/1991,1991,4,8,,4.3,,-8.3,,-2,,20,,0,,0,,0,T,0,T,48,,,,<31,
4/9/1991,1991,4,9,,6.1,,-13.8,,-3.9,,21.9,,0,,0,,0,,0,,48,,,,<31,
4/10/1991,1991,4,10,,4.8,,-12.2,,-3.7,,21.7,,0,,0,,0,T,0,T,48,,,,<31,
4/11/1991,1991,4,11,,3.1,,-3.9,,-0.4,,18.4,,0,,0,,0.4,,0.4,,48,,,,<31,
4/12/1991,1991,4,12,,9.3,,-1.1,,4.1,,13.9,,0,,0,,0,,0,,47,,17,,46,E
4/13/1991,1991,4,13,,8,,0.4,,4.2,,13.8,,0,,0,T,0,T,0,T,47,,,,<31,
4/14/1991,1991,4,14,,11.2,,-3.8,,3.7,,14.3,,0,,0,,0,,0,,40,,,,<31,
4/15/1991,1991,4,15,,12.3,,-4.8,,3.8,,14.2,,0,,0,,0,,0,,38,,,,<31,
4/16/1991,1991,4,16,,15.3,,-5.5,,4.9,,13.1,,0,,0,,0,,0,,26,,,,<31,
4/17/1991,1991,4,17,,12,,0.8,,6.4,,11.6,,0,,0,,0,,0,,25,,,,<31,
4/18/1991,1991,4,18,,15.5,,-3.5,,6,,12,,0,,0,,0,,0,,23,,,,<31,
4/19/1991,1991,4,19,,11.5,,-0.1,,5.7,,12.3,,0,,0,T,0,,0,T,18,,28,,41,E
4/20/1991,1991,4,20,,14.7,,-4.2,,5.3,,12.7,,0,,0,,0,,0,,15,,,,<31,
4/21/1991,1991,4,21,,14.9,,-4.2,,5.4,,12.6,,0,,0,,0,,0,,15,,,,<31,
4/22/1991,1991,4,22,,14.5,,-4.9,,4.8,,13.2,,0,,0,,0,,0,,11,,,,<31,
4/23/1991,1991,4,23,,15.9,,-5,,5.5,,12.5,,0,,0,,0,,0,,4,,,,<31,
4/24/1991,1991,4,24,,14.2,,4.2,,9.2,,8.8,,0,,0,,0,,0,,0,T,,,<31,
4/25/1991,1991,4,25,,13.8,,2.5,,8.2,,9.8,,0,,0,,0,,0,,0,T,,,<31,
4/26/1991,1991,4,26,,9,,2.5,,5.8,,12.2,,0,,7.6,,0,,7.6,,0,T,,,<31,
4/27/1991,1991,4,27,,10.8,,-2.1,,4.4,,13.6,,0,,0,,0,,0,,0,T,,,<31,
4/28/1991,1991,4,28,,11.3,,-1.7,,4.8,,13.2,,0,,0,,0,,0,,0,T,,,<31,
4/29/1991,1991,4,29,,13,,-3.8,,4.6,,13.4,,0,,0,,0,,0,,0,T,,,<31,
4/30/1991,1991,4,30,,16.5,,-3.7,,6.4,,11.6,,0,,0,,0,,0,,0,T,,,<31,
5/1/1991,1991,5,1,,12.8,,0.8,,6.8,,11.2,,0,,0.6,,0,,0.6,,0,T,32,,37,E
5/2/1991,1991,5,2,,14.3,,-4.5,,4.9,,13.1,,0,,0,,0,,0,,0,,,,<31,
5/3/1991,1991,5,3,,17.4,,-1.1,,8.2,,9.8,,0,,0,,0,,0,,0,,,,<31,
5/4/1991,1991,5,4,,19.7,,1,,10.4,,7.6,,0,,0,,0,,0,,0,,,,<31,
5/5/1991,1991,5,5,,16,,2.1,,9.1,,8.9,,0,,0,,0,,0,,0,,8,,48,E
5/6/1991,1991,5,6,,14.7,,4.9,,9.8,,8.2,,0,,0.6,,0,,0.6,,0,,11,,43,
5/7/1991,1991,5,7,,13.7,,0.4,,7.1,,10.9,,0,,0.4,,0,,0.4,,0,,,,<31,
5/8/1991,1991,5,8,,14.6,,3.8,,9.2,,8.8,,0,,1,,0,,1,,0,,,,<31,
5/9/1991,1991,5,9,,14.9,,2.4,,8.7,,9.3,,0,,0,,0,,0,,0,,27,,50,
5/10/1991,1991,5,10,,11.2,,4.8,,8,,10,,0,,1.2,,0,,1.2,,0,,,,<31,
5/11/1991,1991,5,11,,12.7,,1.8,,7.3,,10.7,,0,,0.3,,0,,0.3,,0,,27,,74,
5/12/1991,1991,5,12,,14.4,,1.9,,8.2,,9.8,,0,,0,T,0,,0,T,0,,,,<31,
5/13/1991,1991,5,13,,10.7,,5.6,,8.2,,9.8,,0,,18.4,,0,,18.4,,0,,,,<31,
5/14/1991,1991,5,14,,13.8,,2.6,,8.2,,9.8,,0,,1,,0,,1,,0,,,,<31,
5/15/1991,1991,5,15,,17.4,,-1.6,,7.9,,10.1,,0,,0,,0,,0,,0,,,,<31,
5/16/1991,1991,5,16,,18,,4.6,,11.3,,6.7,,0,,0,T,0,,0,T,0,,,,<31,
5/17/1991,1991,5,17,,19.2,,2,,10.6,,7.4,,0,,0,,0,,0,,0,,,,<31,
5/18/1991,1991,5,18,,18.6,,0.4,,9.5,,8.5,,0,,0,,0,,0,,0,,,,<31,
5/19/1991,1991,5,19,,15.7,,1.3,,8.5,,9.5,,0,,0,,0,,0,,0,,,,<31,
5/20/1991,1991,5,20,,13.3,,3.8,,8.6,,9.4,,0,,1,,0,,1,,0,,33,,37,E
5/21/1991,1991,5,21,,12.3,,2.4,,7.4,,10.6,,0,,1.4,,0,,1.4,,0,,4,,41,E
5/22/1991,1991,5,22,,11.5,,1.7,,6.6,,11.4,,0,,1,,0,,1,,0,,,,<31,
5/23/1991,1991,5,23,,16.4,,0.2,,8.3,,9.7,,0,,0,T,0,,0,T,0,,32,,44,
5/24/1991,1991,5,24,,18.2,,3.8,,11,,7,,0,,1.4,,0,,1.4,,0,,32,,41,E
5/25/1991,1991,5,25,,20,,4.4,,12.2,,5.8,,0,,0,T,0,,0,T,0,,27,,48,E
5/26/1991,1991,5,26,,18.6,,7.1,,12.9,,5.1,,0,,0,,0,,0,,0,,25,,41,E
5/27/1991,1991,5,27,,19.5,,1.5,,10.5,,7.5,,0,,0,,0,,0,,0,,28,,33,E
5/28/1991,1991,5,28,,21.2,,4.6,,12.9,,5.1,,0,,0,,0,,0,,0,,,,<31,
5/29/1991,1991,5,29,,21.9,,3.4,,12.7,,5.3,,0,,0,,0,,0,,0,,,,<31,
5/30/1991,1991,5,30,,16,,6.2,,11.1,,6.9,,0,,1.4,,0,T,1.4,,0,,,,<31,
5/31/1991,1991,5,31,,13.1,,5.2,,9.2,,8.8,,0,,0.4,,0,,0.4,,0,,25,,43,
6/1/1991,1991,6,1,,10.4,,2.2,,6.3,,11.7,,0,,0,,0,,0,,0,,23,,56,
6/2/1991,1991,6,2,,14.8,,-3,,5.9,,12.1,,0,,0,,0,,0,,0,,,,<31,
6/3/1991,1991,6,3,,17.2,,2.9,,10.1,,7.9,,0,,1.8,,0,,1.8,,0,,,,<31,
6/4/1991,1991,6,4,,19.6,,4,,11.8,,6.2,,0,,0,,0,,0,,0,,,,<31,
6/5/1991,1991,6,5,,19.8,,3,,11.4,,6.6,,0,,0,,0,,0,,0,,,,<31,
6/6/1991,1991,6,6,,20.3,,5.1,,12.7,,5.3,,0,,3,,0,,3,,0,,,,<31,
6/7/1991,1991,6,7,,14.9,,1.5,,8.2,,9.8,,0,,9.8,,0,,9.8,,0,,25,,48,
6/8/1991,1991,6,8,,9.5,,2.4,,6,,12,,0,,0.2,,0,,0.2,,0,,25,,44,
6/9/1991,1991,6,9,,16.4,,4.4,,10.4,,7.6,,0,,0.2,,0,,0.2,,0,,,,<31,
6/10/1991,1991,6,10,,15.6,,4.4,,10,,8,,0,,10,,0,,10,,0,,32,,37,E
6/11/1991,1991,6,11,,14.7,,5.9,,10.3,,7.7,,0,,0.8,,0,,0.8,,0,,,,<31,
6/12/1991,1991,6,12,,14.1,,7.4,,10.8,,7.2,,0,,14.2,,0,,14.2,,0,,,,<31,
6/13/1991,1991,6,13,,22.2,,3.7,,13,,5,,0,,0,,0,,0,,0,,,,<31,
6/14/1991,1991,6,14,,20.8,,7.9,,14.4,,3.6,,0,,0,,0,,0,,0,,,,<31,
6/15/1991,1991,6,15,,19.5,,8.1,,13.8,,4.2,,0,,0.2,,0,,0.2,,0,,5,,37,E
6/16/1991,1991,6,16,,21.8,,6.6,,14.2,,3.8,,0,,0,T,0,,0,T,0,,,,<31,
6/17/1991,1991,6,17,,24.5,,5.2,,14.9,,3.1,,0,,0,T,0,,0,T,0,,,,<31,
6/18/1991,1991,6,18,,25.1,,4.1,,14.6,,3.4,,0,,0,,0,,0,,0,,,,<31,
6/19/1991,1991,6,19,,26.7,,5.6,,16.2,,1.8,,0,,0,,0,,0,,0,,,,<31,
6/20/1991,1991,6,20,,24.6,,14.8,,19.7,,0,,1.7,,1.6,,0,,1.6,,0,,,,<31,
6/21/1991,1991,6,21,,25.5,,12.7,,19.1,,0,,1.1,,0.2,,0,,0.2,,0,,,,<31,
6/22/1991,1991,6,22,,26.8,,11.6,,19.2,,0,,1.2,,0,,0,,0,,0,,30,,37,
6/23/1991,1991,6,23,,25.8,,9.1,,17.5,,0.5,,0,,0,T,0,,0,T,0,,25,,50,
6/24/1991,1991,6,24,,27.8,,12.9,,20.4,,0,,2.4,,0,,0,,0,,0,,,,<31,
6/25/1991,1991,6,25,,28.8,,10,,19.4,,0,,1.4,,0,,0,,0,,0,,,,<31,
6/26/1991,1991,6,26,,27.4,,9.1,,18.3,,0,,0.3,,0,,0,,0,,0,,,,<31,
6/27/1991,1991,6,27,,26.3,,11.7,,19,,0,,1,,0,,0,,0,,0,,,,<31,
6/28/1991,1991,6,28,,26.7,,14.6,,20.7,,0,,2.7,,0.9,,0,,0.9,,0,,7,,59,E
6/29/1991,1991,6,29,,18,,12.9,,15.5,,2.5,,0,,0,T,0,,0,T,0,,,,<31,
6/30/1991,1991,6,30,,22.9,,8.8,,15.9,,2.1,,0,,1.6,,0,,1.6,,0,,,,<31,
7/1/1991,1991,7,1,,23.3,,10.2,,16.8,,1.2,,0,,0,,0,,0,,0,,,,<31,
7/2/1991,1991,7,2,,25,,9.2,,17.1,,0.9,,0,,0,,0,,0,,0,,,,<31,
7/3/1991,1991,7,3,,23.8,,9.4,,16.6,,1.4,,0,,0,,0,,0,,0,,25,,39,E
7/4/1991,1991,7,4,,18.6,,9.7,,14.2,,3.8,,0,,0.4,,0,,0.4,,0,,,,<31,
7/5/1991,1991,7,5,,19.5,,8,,13.8,,4.2,,0,,3.7,,0,,3.7,,0,,8,,56,E
7/6/1991,1991,7,6,,11.6,,5.7,,8.7,,9.3,,0,,1,,0,,1,,0,,,,<31,
7/7/1991,1991,7,7,,23.4,,2.1,,12.8,,5.2,,0,,0.2,,0,,0.2,,0,,,,<31,
7/8/1991,1991,7,8,,21.4,,9.9,,15.7,,2.3,,0,,0,T,0,,0,T,0,,26,,41,
7/9/1991,1991,7,9,,18.8,,8.9,,13.9,,4.1,,0,,11.8,,0,,11.8,,0,,,,<31,
7/10/1991,1991,7,10,,18.9,,8.9,,13.9,,4.1,,0,,1.6,,0,,1.6,,0,,27,,46,
7/11/1991,1991,7,11,,20.4,,11.7,,16.1,,1.9,,0,,0.7,,0,,0.7,,0,,,,<31,
7/12/1991,1991,7,12,,17.6,,13.1,,15.4,,2.6,,0,,7.1,,0,,7.1,,0,,,,<31,
7/13/1991,1991,7,13,,19.7,,11.2,,15.5,,2.5,,0,,7.6,,0,,7.6,,0,,,,<31,
7/14/1991,1991,7,14,,18,,9.5,,13.8,,4.2,,0,,1,,0,,1,,0,,,,<31,
7/15/1991,1991,7,15,,15,,11.5,,13.3,,4.7,,0,,16.8,,0,,16.8,,0,,,,<31,
7/16/1991,1991,7,16,,19.7,,9.8,,14.8,,3.2,,0,,3,,0,,3,,0,,26,,37,E
7/17/1991,1991,7,17,,18.9,,7.3,,13.1,,4.9,,0,,0,T,0,,0,T,0,,30,,46,E
7/18/1991,1991,7,18,,16.9,,5.9,,11.4,,6.6,,0,,0,,0,,0,,0,,26,,37,
7/19/1991,1991,7,19,,13.7,,3.7,,8.7,,9.3,,0,,3.4,,0,,3.4,,0,,28,,32,
7/20/1991,1991,7,20,,15.7,,7.7,,11.7,,6.3,,0,,3,,0,,3,,0,,,,<31,
7/21/1991,1991,7,21,,21.2,,4,,12.6,,5.4,,0,,0,,0,,0,,0,,,,<31,
7/22/1991,1991,7,22,,24,,4.2,,14.1,,3.9,,0,,0,,0,,0,,0,,,,<31,
7/23/1991,1991,7,23,,28,,9,,18.5,,0,,0.5,,0,,0,,0,,0,,,,<31,
7/24/1991,1991,7,24,,29.1,,12.5,,20.8,,0,,2.8,,2.4,,0,,2.4,,0,,17,,56,E
7/25/1991,1991,7,25,,20.4,,11.2,,15.8,,2.2,,0,,1,,0,,1,,0,,,,<31,
7/26/1991,1991,7,26,,19.7,,9.8,,14.8,,3.2,,0,,0.4,,0,,0.4,,0,,,,<31,
7/27/1991,1991,7,27,,19.1,,12,,15.6,,2.4,,0,,0.4,,0,,0.4,,0,,22,,59,E
7/28/1991,1991,7,28,,13.1,,8.8,,11,,7,,0,,3.4,,0,,3.4,,0,,,,<31,
7/29/1991,1991,7,29,,18.4,,8.7,,13.6,,4.4,,0,,0.4,,0,,0.4,,0,,29,,37,
7/30/1991,1991,7,30,,20.5,,8.3,,14.4,,3.6,,0,,0,,0,,0,,0,,,,<31,
7/31/1991,1991,7,31,,17,,4.2,,10.6,,7.4,,0,,0,T,0,,0,T,0,,,,<31,
8/1/1991,1991,8,1,,21.3,,8,,14.7,,3.3,,0,,0,,0,,0,,0,,,,<31,
8/2/1991,1991,8,2,,18.8,,10,,14.4,,3.6,,0,,0,T,0,,0,T,0,,,,<31,
8/3/1991,1991,8,3,,21.9,,11.4,,16.7,,1.3,,0,,1,,0,,1,,0,,24,,46,
8/4/1991,1991,8,4,,20.6,,9.2,,14.9,,3.1,,0,,0,,0,,0,,0,,25,,37,
8/5/1991,1991,8,5,,16.2,,1.1,,8.7,,9.3,,0,,0.4,,0,,0.4,,0,,24,,37,
8/6/1991,1991,8,6,,19.5,,0.1,,9.8,,8.2,,0,,0,,0,,0,,0,,,,<31,
8/7/1991,1991,8,7,,23.3,,1.9,,12.6,,5.4,,0,,0,,0,,0,,0,,,,<31,
8/8/1991,1991,8,8,,20.5,,11.4,,16,,2,,0,,8,,0,,8,,0,,18,,56,E
8/9/1991,1991,8,9,,19.8,,5.3,,12.6,,5.4,,0,,0,T,0,,0,T,0,,,,<31,
8/10/1991,1991,8,10,,17.5,,8.5,,13,,5,,0,,0,,0,,0,,0,,,,<31,
8/11/1991,1991,8,11,,23.8,,4.3,,14.1,,3.9,,0,,0,,0,,0,,0,,,,<31,
8/12/1991,1991,8,12,,27.4,,10.4,,18.9,,0,,0.9,,0,,0,,0,,0,,,,<31,
8/13/1991,1991,8,13,,27.6,,9.1,,18.4,,0,,0.4,,0,,0,,0,,0,,,,<31,
8/14/1991,1991,8,14,,28.5,,10.2,,19.4,,0,,1.4,,0,,0,,0,,0,,,,<31,
8/15/1991,1991,8,15,,27.1,,7.8,,17.5,,0.5,,0,,0,,0,,0,,0,,,,<31,
8/16/1991,1991,8,16,,27.1,,8.3,,17.7,,0.3,,0,,0,,0,,0,,0,,32,,32,E
8/17/1991,1991,8,17,,29,,9.3,,19.2,,0,,1.2,,0,,0,,0,,0,,25,,46,
8/18/1991,1991,8,18,,20.6,,12.9,,16.8,,1.2,,0,,0,T,0,,0,T,0,,28,,52,E
8/19/1991,1991,8,19,,13,,8.6,,10.8,,7.2,,0,,3.6,,0,,3.6,,0,,,,<31,
8/20/1991,1991,8,20,,14.3,,8.7,,11.5,,6.5,,0,,15,,0,,15,,0,,,,<31,
8/21/1991,1991,8,21,,14.3,,8.5,,11.4,,6.6,,0,,5.6,,0,,5.6,,0,,,,<31,
8/22/1991,1991,8,22,,15.1,,8,,11.6,,6.4,,0,,0.8,,0,,0.8,,0,,29,,35,E
8/23/1991,1991,8,23,,16.6,,2.4,,9.5,,8.5,,0,,1.2,,0,,1.2,,0,,28,,52,E
8/24/1991,1991,8,24,,17.1,,1.4,,9.3,,8.7,,0,,0,,0,,0,,0,,25,,52,E
8/25/1991,1991,8,25,,12,,6.3,,9.2,,8.8,,0,,15.2,,0,,15.2,,0,,23,,43,E
8/26/1991,1991,8,26,,8.8,,0.6,,4.7,,13.3,,0,,3,,0.4,,3.4,,0,,7,,59,E
8/27/1991,1991,8,27,,3.8,,0.2,,2,,16,,0,,0,T,1.6,,1.6,,0,,6,,48,E
8/28/1991,1991,8,28,,6.4,,0.5,,3.5,,14.5,,0,,0.2,,0.4,,0.6,,0,,,,<31,
8/29/1991,1991,8,29,,9.3,,3.4,,6.4,,11.6,,0,,0,T,0,,0,T,0,,8,,46,
8/30/1991,1991,8,30,,7.5,,2.3,,4.9,,13.1,,0,,7.2,,0,T,7.2,,0,,9,,37,
8/31/1991,1991,8,31,,14.4,,4.4,,9.4,,8.6,,0,,0,,0,,0,,0,,,,<31,
9/1/1991,1991,9,1,,16.2,,-0.7,,7.8,,10.2,,0,,0,T,0,,0,T,0,,27,,39,E
9/2/1991,1991,9,2,,13.1,,6.5,,9.8,,8.2,,0,,0.9,,0,,0.9,,0,,,,<31,
9/3/1991,1991,9,3,,10.9,,3.3,,7.1,,10.9,,0,,0,T,0,,0,T,0,,,,<31,
9/4/1991,1991,9,4,,13.1,,6.2,,9.7,,8.3,,0,,0.8,,0,,0.8,,0,,,,<31,
9/5/1991,1991,9,5,,12.4,,6.8,,9.6,,8.4,,0,,8.6,,0,,8.6,,0,,9,,52,E
9/6/1991,1991,9,6,,7.8,,3.3,,5.6,,12.4,,0,,7.6,,0,,7.6,,0,,9,,35,
9/7/1991,1991,9,7,,12,,3.5,,7.8,,10.2,,0,,1.6,,0,,1.6,,0,,,,<31,
9/8/1991,1991,9,8,,14.2,,2.8,,8.5,,9.5,,0,,1,,0,,1,,0,,,,<31,
9/9/1991,1991,9,9,,13.4,,5.6,,9.5,,8.5,,0,,0.8,,0,,0.8,,0,,25,,37,E
9/10/1991,1991,9,10,,14.2,,2.5,,8.4,,9.6,,0,,1.4,,0,,1.4,,0,,,,<31,
9/11/1991,1991,9,11,,17.1,,7.1,,12.1,,5.9,,0,,1.9,,0,,1.9,,0,,25,,48,E
9/12/1991,1991,9,12,,9.6,,2.8,,6.2,,11.8,,0,,6.2,,0,,6.2,,0,,,,<31,
9/13/1991,1991,9,13,,13.8,,5.5,,9.7,,8.3,,0,,0.6,,0,,0.6,,0,,,,<31,
9/14/1991,1991,9,14,,13.9,,4.3,,9.1,,8.9,,0,,1.8,,0,,1.8,,0,,,,<31,
9/15/1991,1991,9,15,,11.2,,8.2,,9.7,,8.3,,0,,3.6,,0,,3.6,,0,,,,<31,
9/16/1991,1991,9,16,,15.7,,4.7,,10.2,,7.8,,0,,1,,0,,1,,0,,,,<31,
9/17/1991,1991,9,17,,17.6,,6.6,,12.1,,5.9,,0,,0.5,,0,,0.5,,0,,,,<31,
9/18/1991,1991,9,18,,16.4,,7.2,,11.8,,6.2,,0,,0.6,,0,,0.6,,0,,,,<31,
9/19/1991,1991,9,19,,11.5,,4,,7.8,,10.2,,0,,2.8,,0,,2.8,,0,,24,,44,E
9/20/1991,1991,9,20,,11.2,,3.2,,7.2,,10.8,,0,,0.6,,0,,0.6,,0,,28,,50,E
9/21/1991,1991,9,21,,11.9,,-1.9,,5,,13,,0,,0,,0,,0,,0,,,,<31,
9/22/1991,1991,9,22,,10.6,,1.2,,5.9,,12.1,,0,,0,,0,,0,,0,,,,<31,
9/23/1991,1991,9,23,,16.9,,7.3,,12.1,,5.9,,0,,4.4,,0,,4.4,,0,,25,,74,
9/24/1991,1991,9,24,,11.7,,0.4,,6.1,,11.9,,0,,1.8,,0,,1.8,,0,,28,,44,
9/25/1991,1991,9,25,,9.4,,5.5,,7.5,,10.5,,0,,0.9,,0,,0.9,,0,,,,<31,
9/26/1991,1991,9,26,,13,,4.3,,8.7,,9.3,,0,,0,,0,,0,,0,,,,<31,
9/27/1991,1991,9,27,,10.2,,5.6,,7.9,,10.1,,0,,1.4,,0,,1.4,,0,,27,,35,E
9/28/1991,1991,9,28,,8.3,,-0.7,,3.8,,14.2,,0,,0,,0,,0,,0,,27,,52,E
9/29/1991,1991,9,29,,6.2,,-3.6,,1.3,,16.7,,0,,0,,0,,0,,0,,,,<31,
9/30/1991,1991,9,30,,6.6,,3.9,,5.3,,12.7,,0,,10.2,,0,,10.2,,0,,,,<31,
10/1/1991,1991,10,1,,8.4,,1.5,,5,,13,,0,,1.3,,0,,1.3,,0,,,,<31,
10/2/1991,1991,10,2,,7.9,,-2.3,,2.8,,15.2,,0,,1.6,,0,,1.6,,0,,,,<31,
10/3/1991,1991,10,3,,8.8,,-4,,2.4,,15.6,,0,,0,T,0,,0,T,0,,,,<31,
10/4/1991,1991,10,4,,11.3,,3.7,,7.5,,10.5,,0,,1.4,,0,,1.4,,0,,18,,32,E
10/5/1991,1991,10,5,,13.8,,5,,9.4,,8.6,,0,,0.2,,0,,0.2,,0,,21,,32,E
10/6/1991,1991,10,6,,9.5,,5.3,,7.4,,10.6,,0,,15.2,,0,,15.2,,0,,27,,41,E
10/7/1991,1991,10,7,,9,,2.2,,5.6,,12.4,,0,,0,,0,,0,,0,,28,,48,E
10/8/1991,1991,10,8,,6.2,,-3.2,,1.5,,16.5,,0,,2.3,,0,T,2.3,,0,,14,,37,E
10/9/1991,1991,10,9,,12.3,,1,,6.7,,11.3,,0,,4.5,,0,T,4.5,,0,,11,,43,E
10/10/1991,1991,10,10,,12.9,,1.4,,7.2,,10.8,,0,,0,,0,,0,,0,,21,,37,E
10/11/1991,1991,10,11,,8.4,,-0.6,,3.9,,14.1,,0,,3.9,,0,T,3.9,,0,,,,<31,
10/12/1991,1991,10,12,,2.6,,-1.2,,0.7,,17.3,,0,,0.8,,2.4,,2.2,,0,,,,<31,
10/13/1991,1991,10,13,,3.8,,-1.3,,1.3,,16.7,,0,,2,,5,,6,,2,,12,,32,E
10/14/1991,1991,10,14,,11.7,,3,,7.4,,10.6,,0,,0,,0,,0,,0,,31,,41,E
10/15/1991,1991,10,15,,4.3,,-2.2,,1.1,,16.9,,0,,0,,0.6,,0.6,,0,,27,,59,E
10/16/1991,1991,10,16,,-2.1,,-6.9,,-4.5,,22.5,,0,,0,,11.4,,7.4,,1,,,,<31,
10/17/1991,1991,10,17,,-2.5,,-11.3,,-6.9,,24.9,,0,,0,,0,T,0,T,6,,,,<31,
10/18/1991,1991,10,18,,-4.1,,-16.9,,-10.5,,28.5,,0,,0,,0.6,,0,T,5,,,,<31,
10/19/1991,1991,10,19,,-0.2,,-4.4,,-2.3,,20.3,,0,,3.7,,7.2,,10.3,,5,,,,<31,
10/20/1991,1991,10,20,,3,,-1.8,,0.6,,17.4,,0,,5,,0,,5,,8,,,,<31,
10/21/1991,1991,10,21,,0.4,,-16.1,,-7.9,,25.9,,0,,0.3,,10.2,,8.7,,8,,32,,59,E
10/22/1991,1991,10,22,,-9.5,,-22,,-15.8,,33.8,,0,,0,,0,T,0,T,16,,,,<31,
10/23/1991,1991,10,23,,-4.7,,-18.5,,-11.6,,29.6,,0,,0,,0,,0,,14,,,,<31,
10/24/1991,1991,10,24,,-5.8,,-21.2,,-13.5,,31.5,,0,,0,,0,,0,,14,,,,<31,
10/25/1991,1991,10,25,,-7.8,,-23.2,,-15.5,,33.5,,0,,0,,0,,0,,13,,12,,32,E
10/26/1991,1991,10,26,,-9.6,,-24.4,,-17,,35,,0,,0,,0,T,0,T,13,,,,<31,
10/27/1991,1991,10,27,,-12.8,,-25.7,,-19.3,,37.3,,0,,0,,0,T,0,T,12,,,,<31,
10/28/1991,1991,10,28,,-14.1,,-28.1,,-21.1,,39.1,,0,,0,,0,,0,,12,,,,<31,
10/29/1991,1991,10,29,,-14.7,,-26.4,,-20.6,,38.6,,0,,0,,2.4,,2.2,,12,,,,<31,
10/30/1991,1991,10,30,,-8.2,,-15.2,,-11.7,,29.7,,0,,0,,5.5,,4.9,,17,,,,<31,
10/31/1991,1991,10,31,,-10.3,,-24.5,,-17.4,,35.4,,0,,0,,0,,0,,19,,,,<31,
11/1/1991,1991,11,1,,-17.7,,-28,,-22.9,,40.9,,0,,0,,0,T,0,T,19,,,,<31,
11/2/1991,1991,11,2,,-15.5,,-20.8,,-18.2,,36.2,,0,,0,,2.1,,2.1,,18,,,,<31,
11/3/1991,1991,11,3,,-11.1,,-15.6,,-13.4,,31.4,,0,,0,,1.8,,1.6,,20,,,,<31,
11/4/1991,1991,11,4,,-9.3,,-19.8,,-14.6,,32.6,,0,,0,,8.3,,7.2,,26,,,,<31,
11/5/1991,1991,11,5,,-15.5,,-25.7,,-20.6,,38.6,,0,,0,,1,,0.7,,28,,,,<31,
11/6/1991,1991,11,6,,-11.9,,-23.1,,-17.5,,35.5,,0,,0,,0,T,0,T,29,,,,<31,
11/7/1991,1991,11,7,,-6.9,,-12.5,,-9.7,,27.7,,0,,0,,2.5,,1.8,,28,,11,,39,E
11/8/1991,1991,11,8,,-12.3,,-19.6,,-16,,34,,0,,0,,5.1,,2.7,,25,,,,<31,
11/9/1991,1991,11,9,,-11.8,,-23.1,,-17.5,,35.5,,0,,0,,2.9,,2.7,,30,,,,<31,
11/10/1991,1991,11,10,,-11.4,,-23.1,,-17.3,,35.3,,0,,0,,1.5,,1.4,,31,,,,<31,
11/11/1991,1991,11,11,,-6.5,,-13,,-9.8,,27.8,,0,,0,,5.3,,4.8,,31,,,,<31,
11/12/1991,1991,11,12,,-6.7,,-11.9,,-9.3,,27.3,,0,,0,,2,,1.7,,37,,,,<31,
11/13/1991,1991,11,13,,-6.1,,-13.3,,-9.7,,27.7,,0,,0,,5.4,,4,,36,,,,<31,
11/14/1991,1991,11,14,,-12,,-15.2,,-13.6,,31.6,,0,,0,,4.2,,2.2,,38,,,,<31,
11/15/1991,1991,11,15,,-0.1,,-13.6,,-6.9,,24.9,,0,,0,,3.6,,3.2,,41,,,,<31,
11/16/1991,1991,11,16,,-2.8,,-17.7,,-10.3,,28.3,,0,,0,,0,,0,,40,,12,,37,E
11/17/1991,1991,11,17,,-11,,-28.6,,-19.8,,37.8,,0,,0,,3.7,,2.5,,37,,11,,46,E
11/18/1991,1991,11,18,,-25.7,,-35,,-30.4,,48.4,,0,,0,,0,,0,,40,,,,<31,
11/19/1991,1991,11,19,,-20.1,,-34.8,,-27.5,,45.5,,0,,0,,5.8,,4.4,,40,,,,<31,
11/20/1991,1991,11,20,,-15.9,,-28.5,,-22.2,,40.2,,0,,0,,2.4,,1.6,,44,,,,<31,
11/21/1991,1991,11,21,,-15.9,,-30,,-23,,41,,0,,0,,1.2,,1.1,,45,,,,<31,
11/22/1991,1991,11,22,,-17.7,,-27,,-22.4,,40.4,,0,,0,,0,T,0,T,45,,,,<31,
11/23/1991,1991,11,23,,-10.5,,-20.7,,-15.6,,33.6,,0,,0,,5.4,,4.6,,46,,,,<31,
11/24/1991,1991,11,24,,-11.6,,-19,,-15.3,,33.3,,0,,0,,0,,0,,48,,,,<31,
11/25/1991,1991,11,25,,-9.4,,-21.4,,-15.4,,33.4,,0,,0,,0.4,,0.2,,46,,,,<31,
11/26/1991,1991,11,26,,-13.9,,-23.6,,-18.8,,36.8,,0,,0,,1.6,,1.2,,46,,,,<31,
11/27/1991,1991,11,27,,-9.5,,-23.5,,-16.5,,34.5,,0,,0,,0,T,0,T,47,,,,<31,
11/28/1991,1991,11,28,,-3.6,,-14.8,,-9.2,,27.2,,0,,0,,0,,0,,46,,30,,32,E
11/29/1991,1991,11,29,,-6.4,,-17.1,,-11.8,,29.8,,0,,0,,0,T,0,T,43,,,,<31,
11/30/1991,1991,11,30,,-6.3,,-19.5,,-12.9,,30.9,,0,,0,,6.4,,6.2,,43,,11,,48,E
12/1/1991,1991,12,1,,-5.2,,-12.3,,-8.8,,26.8,,0,,0,,11.6,,7,,46,,,,<31,
12/2/1991,1991,12,2,,-12.3,,-16.3,,-14.3,,32.3,,0,,0,,2.6,,2.2,,61,,,,<31,
12/3/1991,1991,12,3,,-16.3,,-21.3,,-18.8,,36.8,,0,,0,,10.2,,9.8,,64,,12,,44,E
12/4/1991,1991,12,4,,-21.2,,-23.5,,-22.4,,40.4,,0,,0,,5.2,,5,,74,,10,,33,E
12/5/1991,1991,12,5,,-21.9,,-23.3,,-22.6,,40.6,,0,,0,,2.8,,2.8,,75,,,,<31,
12/6/1991,1991,12,6,,-22.9,,-24.4,,-23.7,,41.7,,0,,0,,4.8,,4.8,,77,,,,<31,
12/7/1991,1991,12,7,,-22.1,,-24.3,,-23.2,,41.2,,0,,0,,0,T,0,T,81,,,,<31,
12/8/1991,1991,12,8,,-21.2,,-23.3,,-22.3,,40.3,,0,,0,,6.8,,6.8,,77,,,,<31,
12/9/1991,1991,12,9,,-17.1,,-23.1,,-20.1,,38.1,,0,,0,,0,T,0,T,77,,,,<31,
12/10/1991,1991,12,10,,-14.5,,-21.6,,-18.1,,36.1,,0,,0,,0,T,0,T,74,,,,<31,
12/11/1991,1991,12,11,,-15.3,,-26,,-20.7,,38.7,,0,,0,,0.4,,0.4,,70,,,,<31,
12/12/1991,1991,12,12,,-19.2,,-35.3,,-27.3,,45.3,,0,,0,,0,,0,,69,,,,<31,
12/13/1991,1991,12,13,,-24.9,,-35.9,,-30.4,,48.4,,0,,0,,1.4,,1.2,,69,,,,<31,
12/14/1991,1991,12,14,,-22.9,,-37.1,,-30,,48,,0,,0,,2.4,,2.4,,70,,,,<31,
12/15/1991,1991,12,15,,-15.4,,-24.2,,-19.8,,37.8,,0,,0,,0.2,,0.2,,68,,,,<31,
12/16/1991,1991,12,16,,-4,,-24.9,,-14.5,,32.5,,0,,0,T,0,T,0,T,65,,12,,33,E
12/17/1991,1991,12,17,,-6.4,,-27.2,,-16.8,,34.8,,0,,0,,0,T,0,T,62,,,,<31,
12/18/1991,1991,12,18,,-11.5,,-24.3,,-17.9,,35.9,,0,,0,,0.8,,0.8,,62,,,,<31,
12/19/1991,1991,12,19,,-11.2,,-24.5,,-17.9,,35.9,,0,,0,,0,T,0,T,63,,,,<31,
12/20/1991,1991,12,20,,-12.7,,-26.2,,-19.5,,37.5,,0,,0,,9.4,,8.6,,63,,,,<31,
12/21/1991,1991,12,21,,-2.3,,-14.8,,-8.6,,26.6,,0,,0,,3.6,,3.2,,73,,,,<31,
12/22/1991,1991,12,22,,1.8,,-11,,-4.6,,22.6,,0,,0,T,0,T,0,T,70,,25,,50,E
12/23/1991,1991,12,23,,-0.8,,-14.1,,-7.5,,25.5,,0,,0,,4.4,,4.4,,62,,11,,33,E
12/24/1991,1991,12,24,,-2.8,,-16.4,,-9.6,,27.6,,0,,0,,2.6,,2.4,,64,,,,<31,
12/25/1991,1991,12,25,,-6.8,,-20.2,,-13.5,,31.5,,0,,0,,2,,1.6,,66,,,,<31,
12/26/1991,1991,12,26,,-11.9,,-20.6,,-16.3,,34.3,,0,,0,,1.8,,1.4,,68,,,,<31,
12/27/1991,1991,12,27,,-11.9,,-25.5,,-18.7,,36.7,,0,,0,,0.2,,0.2,,68,,,,<31,
12/28/1991,1991,12,28,,-13.1,,-16.6,,-14.9,,32.9,,0,,0,T,0.8,,0.4,,68,,,,<31,
12/29/1991,1991,12,29,,-16.6,,-21,,-18.8,,36.8,,0,,0,,0,T,0,T,69,,,,<31,
12/30/1991,1991,12,30,,-14.6,,-17.5,,-16.1,,34.1,,0,,0,,0.6,,0.6,,69,,,,<31,
12/31/1991,1991,12,31,,-13.9,,-16.7,,-15.3,,33.3,,0,,0,,0,T,0,T,69,,,,<31,
1/1/1992,1992,1,1,,-12.8,,-19.9,,-16.4,,34.4,,0,,0,,0,T,0,T,68,,,,<31,
1/2/1992,1992,1,2,,-12.4,,-21.5,,-17,,35,,0,,0,,0,T,0,T,67,,,,<31,
1/3/1992,1992,1,3,,-13.5,,-21.4,,-17.5,,35.5,,0,,0,,0.4,,0.4,,67,,,,<31,
1/4/1992,1992,1,4,,-15.3,,-20.9,,-18.1,,36.1,,0,,0,,2,,1.8,,67,,,,<31,
1/5/1992,1992,1,5,,-15.4,,-25.4,,-20.4,,38.4,,0,,0,,0.4,,0.4,,68,,,,<31,
1/6/1992,1992,1,6,,-20.5,,-30.2,,-25.4,,43.4,,0,,0,,0,T,0,T,68,,,,<31,
1/7/1992,1992,1,7,,-19.2,,-32.6,,-25.9,,43.9,,0,,0,,0.6,,0.4,,68,,,,<31,
1/8/1992,1992,1,8,,-16.2,,-22.4,,-19.3,,37.3,,0,,0,,0.4,,0.4,,68,,,,<31,
1/9/1992,1992,1,9,,-13.1,,-21.9,,-17.5,,35.5,,0,,0,,4.2,,3.8,,70,,,,<31,
1/10/1992,1992,1,10,,-15.6,,-24.1,,-19.9,,37.9,,0,,0,,0,,0,,70,,,,<31,
1/11/1992,1992,1,11,,-10.5,,-24.1,,-17.3,,35.3,,0,,0,,0,T,0,T,69,,,,<31,
1/12/1992,1992,1,12,,-10.1,,-22.8,,-16.5,,34.5,,0,,0,,0,T,0,T,67,,,,<31,
1/13/1992,1992,1,13,,-14,,-24.2,,-19.1,,37.1,,0,,0,,3.2,,2.6,,64,,,,<31,
1/14/1992,1992,1,14,,-11.2,,-17.3,,-14.3,,32.3,,0,,0,,2,,1.4,,66,,,,<31,
1/15/1992,1992,1,15,,-13.4,,-25.8,,-19.6,,37.6,,0,,0,,0,T,0,T,67,,,,<31,
1/16/1992,1992,1,16,,-14.8,,-27,,-20.9,,38.9,,0,,0,,0.2,,0.2,,67,,,,<31,
1/17/1992,1992,1,17,,-13,,-20.2,,-16.6,,34.6,,0,,0,,1.9,,1.6,,68,,,,<31,
1/18/1992,1992,1,18,,-8.7,,-20.3,,-14.5,,32.5,,0,,0,,2,,1.4,,68,,,,<31,
1/19/1992,1992,1,19,,2.1,,-8.7,,-3.3,,21.3,,0,,0,,3.8,,3.2,,70,,12,,37,E
1/20/1992,1992,1,20,,0.5,,-17.7,,-8.6,,26.6,,0,,0,,0,,0,,62,,24,,39,
1/21/1992,1992,1,21,,-8.7,,-21.2,,-15,,33,,0,,0,,0,T,0,T,62,,,,<31,
1/22/1992,1992,1,22,,-9.6,,-23.4,,-16.5,,34.5,,0,,0,,0,T,0,T,62,,,,<31,
1/23/1992,1992,1,23,,-12.7,,-18.7,,-15.7,,33.7,,0,,0,,1,,0.6,,62,,,,<31,
1/24/1992,1992,1,24,,-18.5,,-19.9,,-19.2,,37.2,,0,,0,,1.4,,1,,62,,,,<31,
1/25/1992,1992,1,25,,-18.6,,-21.8,,-20.2,,38.2,,0,,0,,2.6,,2,,63,,10,,37,
1/26/1992,1992,1,26,,-19.5,,-28.3,,-23.9,,41.9,,0,,0,,0.2,,0,T,64,,,,<31,
1/27/1992,1992,1,27,,-19.4,,-29.4,,-24.4,,42.4,,0,,0,,0,T,0,T,64,,,,<31,
1/28/1992,1992,1,28,,-14.3,,-25,,-19.7,,37.7,,0,,0,,2,,1.2,,65,,,,<31,
1/29/1992,1992,1,29,,-14.1,,-23.5,,-18.8,,36.8,,0,,0,,0,T,0,T,65,,,,<31,
1/30/1992,1992,1,30,,-12,,-21,,-16.5,,34.5,,0,,0,,3,,2.8,,67,,,,<31,
1/31/1992,1992,1,31,,-5.9,,-20.6,,-13.3,,31.3,,0,,0,,0,T,0,T,67,,,,<31,
2/1/1992,1992,2,1,,-13.8,,-26.8,,-20.3,,38.3,,0,,0,,0,,0,,66,,,,<31,
2/2/1992,1992,2,2,,-17,,-29,,-23,,41,,0,,0,,0.8,,0.6,,66,,,,<31,
2/3/1992,1992,2,3,,-10.1,,-18.8,,-14.5,,32.5,,0,,0,,2.2,,1.8,,69,,,,<31,
2/4/1992,1992,2,4,,-7,,-21.9,,-14.5,,32.5,,0,,0,,0,,0,,68,,,,<31,
2/5/1992,1992,2,5,,-6.1,,-18.9,,-12.5,,30.5,,0,,0,,0,T,0,T,67,,,,<31,
2/6/1992,1992,2,6,,-10.1,,-20.3,,-15.2,,33.2,,0,,0,,0,,0,,66,,,,<31,
2/7/1992,1992,2,7,,-8.9,,-12.3,,-10.6,,28.6,,0,,0,,1.6,,1.2,,65,,,,<31,
2/8/1992,1992,2,8,,-12.3,,-22.4,,-17.4,,35.4,,0,,0,,0,T,0,T,66,,,,<31,
2/9/1992,1992,2,9,,-14.1,,-31.3,,-22.7,,40.7,,0,,0,,0.2,,0.2,,66,,,,<31,
2/10/1992,1992,2,10,,-22.1,,-34.9,,-28.5,,46.5,,0,,0,,0.2,,0.2,,66,,,,<31,
2/11/1992,1992,2,11,,-24,,-39.8,,-31.9,,49.9,,0,,0,,0.2,,0.2,,66,,,,<31,
2/12/1992,1992,2,12,,-19.2,,-36.1,,-27.7,,45.7,,0,,0,,0,T,0,T,65,,,,<31,
2/13/1992,1992,2,13,,-16.4,,-27.2,,-21.8,,39.8,,0,,0,,1.2,,1,,65,,,,<31,
2/14/1992,1992,2,14,,-12.6,,-20.3,,-16.5,,34.5,,0,,0,,4.8,,4,,66,,,,<31,
2/15/1992,1992,2,15,,-12.6,,-25,,-18.8,,36.8,,0,,0,,0,T,0,T,69,,,,<31,
2/16/1992,1992,2,16,,-10.8,,-17.5,,-14.2,,32.2,,0,,0,,5.8,,4.8,,68,,11,,50,E
2/17/1992,1992,2,17,,-17.1,,-24.7,,-20.9,,38.9,,0,,0,,0.6,,0.6,,70,,,,<31,
2/18/1992,1992,2,18,,-17.9,,-21.2,,-19.6,,37.6,,0,,0,,0.4,,0.2,,70,,9,,43,E
2/19/1992,1992,2,19,,-20.7,,-26.2,,-23.5,,41.5,,0,,0,,1.4,,1.2,,70,,,,<31,
2/20/1992,1992,2,20,,-22.1,,-35.7,,-28.9,,46.9,,0,,0,,0,T,0,T,70,,,,<31,
2/21/1992,1992,2,21,,-21.6,,-40.6,,-31.1,,49.1,,0,,0,,5.2,,4.6,,70,,,,<31,
2/22/1992,1992,2,22,,-18.3,,-28.9,,-23.6,,41.6,,0,,0,,3.8,,3,,74,,,,<31,
2/23/1992,1992,2,23,,-15,,-31,,-23,,41,,0,,0,,0.8,,0.8,,77,,,,<31,
2/24/1992,1992,2,24,,-2,,-24.3,,-13.2,,31.2,,0,,0.2,,0,T,0.2,,76,,,,<31,
2/25/1992,1992,2,25,,8.5,,-5.1,,1.7,,16.3,,0,,0,T,0,,0,T,72,,,,<31,
2/26/1992,1992,2,26,,12.2,,-4.7,,3.8,,14.2,,0,,0.2,,0,,0.2,,67,,,,<31,
2/27/1992,1992,2,27,,8.4,,-0.5,,4,,14,,0,,0,,0,,0,,50,,24,,39,
2/28/1992,1992,2,28,,10.3,,-1.1,,4.6,,13.4,,0,,0,,0,,0,,48,,18,,37,
2/29/1992,1992,2,29,,3.4,,-13.4,,-5,,23,,0,,0,T,0,T,0,T,40,,28,,56,
3/1/1992,1992,3,1,,-1.8,,-18.8,,-10.3,,28.3,,0,,0,,0,,0,,40,,,,<31,
3/2/1992,1992,3,2,,-3.4,,-14.6,,-9,,27,,0,,0,,0,T,0,T,40,,25,,56,E
3/3/1992,1992,3,3,,-2.1,,-17.9,,-10,,28,,0,,0,,0,,0,,40,,,,<31,
3/4/1992,1992,3,4,,-7.4,,-27.1,,-17.3,,35.3,,0,,0,,0,,0,,40,,,,<31,
3/5/1992,1992,3,5,,-10.2,,-30.5,,-20.4,,38.4,,0,,0,,0,,0,,40,,,,<31,
3/6/1992,1992,3,6,,-10.7,,-23.5,,-17.1,,35.1,,0,,0,,0,,0,,40,,,,<31,
3/7/1992,1992,3,7,,-7.4,,-27.2,,-17.3,,35.3,,0,,0,,0,,0,,80,,,,<31,
3/8/1992,1992,3,8,,-6.1,,-14.3,,-10.2,,28.2,,0,,0,,1.6,,0.8,,80,,,,<31,
3/9/1992,1992,3,9,,4.4,,-18.1,,-6.9,,24.9,,0,,0,,0,,0,,81,,27,,52,E
3/10/1992,1992,3,10,,6.8,,-13.1,,-3.2,,21.2,,0,,0,,0,,0,,81,,,,<31,
3/11/1992,1992,3,11,,6.5,,-1.9,,2.3,,15.7,,0,,0,,0,T,0,T,78,,24,,43,E
3/12/1992,1992,3,12,,5.9,,-9.1,,-1.6,,19.6,,0,,0,,0,,0,,77,,,,<31,
3/13/1992,1992,3,13,,2,,-5.6,,-1.8,,19.8,,0,,0.8,,2.6,,3.2,,77,,,,<31,
3/14/1992,1992,3,14,,4,,-8.5,,-2.3,,20.3,,0,,0,,0,T,0,T,77,,,,<31,
3/15/1992,1992,3,15,,2.6,,-16,,-6.7,,24.7,,0,,0,,0,,0,,77,,,,<31,
3/16/1992,1992,3,16,,2.3,,-15.2,,-6.5,,24.5,,0,,0,,0,,0,,77,,,,<31,
3/17/1992,1992,3,17,,2.8,,-19.2,,-8.2,,26.2,,0,,0,,0,,0,,77,,,,<31,
3/18/1992,1992,3,18,,4,,-8.7,,-2.4,,20.4,,0,,0,,0.6,,0.4,,78,,,,<31,
3/19/1992,1992,3,19,,4.5,,-17.6,,-6.6,,24.6,,0,,0,,0,,0,,78,,,,<31,
3/20/1992,1992,3,20,,7.6,,-10.5,,-1.5,,19.5,,0,,0,,0,,0,,78,,,,<31,
3/21/1992,1992,3,21,,8.7,,-5.6,,1.6,,16.4,,0,,0,,0,T,0,T,78,,29,,39,
3/22/1992,1992,3,22,,2.1,,-10.5,,-4.2,,22.2,,0,,0,,0,,0,,77,,31,,39,E
3/23/1992,1992,3,23,,2.2,,-17.5,,-7.7,,25.7,,0,,0,,0,,0,,77,,,,<31,
3/24/1992,1992,3,24,,5.9,,-16.6,,-5.4,,23.4,,0,,0,,0,,0,,75,,25,,35,E
3/25/1992,1992,3,25,,5.9,,-2.9,,1.5,,16.5,,0,,0,,0,,0,,75,,,,<31,
3/26/1992,1992,3,26,,2.7,,-11.6,,-4.5,,22.5,,0,,0,,0,T,0,T,75,,28,,33,
3/27/1992,1992,3,27,,0.6,,-11.9,,-5.7,,23.7,,0,,0,,0,T,0,T,75,,29,,46,
3/28/1992,1992,3,28,,-0.8,,-17.4,,-9.1,,27.1,,0,,0,,0,,0,,75,,30,,32,
3/29/1992,1992,3,29,,1.3,,-21.7,,-10.2,,28.2,,0,,0,,0,,0,,75,,12,,61,E
3/30/1992,1992,3,30,,3.4,,-4.2,,-0.4,,18.4,,0,,0,,2.2,,2.2,,75,,11,,41,E
3/31/1992,1992,3,31,,7.4,,-3.7,,1.9,,16.1,,0,,0,,0,T,0,T,74,,25,,46,
4/1/1992,1992,4,1,,3.2,,-2,,0.6,,17.4,,0,,0,T,3.3,,2.6,,71,,,,<31,
4/2/1992,1992,4,2,,1.8,,-4,,-1.1,,19.1,,0,,0,T,1,,3.3,,71,,10,,37,
4/3/1992,1992,4,3,,1.7,,-5.8,,-2.1,,20.1,,0,,0,,5.8,,6.8,,72,,29,,48,
4/4/1992,1992,4,4,,-1.1,,-17.6,,-9.4,,27.4,,0,,0,,0,,0,,76,,,,<31,
4/5/1992,1992,4,5,,-2.5,,-15,,-8.8,,26.8,,0,,0,,0,T,0,T,76,,,,<31,
4/6/1992,1992,4,6,,-2,,-22.1,,-12.1,,30.1,,0,,0,,0,,0,,76,,,,<31,
4/7/1992,1992,4,7,,-1.1,,-18.4,,-9.8,,27.8,,0,,0,,0,,0,,75,,33,,43,
4/8/1992,1992,4,8,,-5.4,,-15.1,,-10.3,,28.3,,0,,0,,0,,0,,75,,36,,35,E
4/9/1992,1992,4,9,,-5.8,,-26.1,,-16,,34,,0,,0,,0,T,0,T,75,,,,<31,
4/10/1992,1992,4,10,,-4,,-25.2,,-14.6,,32.6,,0,,0,,0,,0,,74,,,,<31,
4/11/1992,1992,4,11,,2.7,,-10,,-3.7,,21.7,,0,,0,,0,,0,,74,,11,,33,E
4/12/1992,1992,4,12,,5.3,,-10.3,,-2.5,,20.5,,0,,0,,0,,0,,73,,26,,44,E
4/13/1992,1992,4,13,,7.7,,-15.9,,-4.1,,22.1,,0,,0,,0,,0,,72,,,,<31,
4/14/1992,1992,4,14,,6.9,,-7.6,,-0.4,,18.4,,0,,0,T,0,,0,T,70,,,,<31,
4/15/1992,1992,4,15,,11.2,,-6.3,,2.5,,15.5,,0,,0,,0,,0,,65,,,,<31,
4/16/1992,1992,4,16,,13.5,,2.2,,7.9,,10.1,,0,,0,,0,,0,,59,,,,<31,
4/17/1992,1992,4,17,,7.5,,1.6,,4.6,,13.4,,0,,0.2,,0,,0.2,,49,,,,<31,
4/18/1992,1992,4,18,,7.4,,-1.3,,3.1,,14.9,,0,,0.2,,1.2,,3.2,,50,,,,<31,
4/19/1992,1992,4,19,,8.6,,-3.3,,2.7,,15.3,,0,,0,T,0,,0,T,48,,,,<31,
4/20/1992,1992,4,20,,5.9,,-0.2,,2.9,,15.1,,0,,1.4,,0,,1.4,,45,,29,,48,E
4/21/1992,1992,4,21,,6.9,,-5.8,,0.6,,17.4,,0,,0,,0,T,0,T,43,,27,,41,E
4/22/1992,1992,4,22,,8.4,,-8.5,,-0.1,,18.1,,0,,0,,0,,0,,43,,,,<31,
4/23/1992,1992,4,23,,7.9,,-5.8,,1.1,,16.9,,0,,0,,0,,0,,42,,,,<31,
4/24/1992,1992,4,24,,10.2,,-6.5,,1.9,,16.1,,0,,0,,0,T,0,T,42,,,,<31,
4/25/1992,1992,4,25,,8,,1.4,,4.7,,13.3,,0,,0.2,,0,,0.2,,32,,27,,37,E
4/26/1992,1992,4,26,,10.8,,-3.9,,3.5,,14.5,,0,,0,,0,,0,,27,,,,<31,
4/27/1992,1992,4,27,,8.8,,-0.6,,4.1,,13.9,,0,,0,T,0,,0,T,17,,,,<31,
4/28/1992,1992,4,28,,8.3,,-3.6,,2.4,,15.6,,0,,0,T,0,,0,T,15,,,,<31,
4/29/1992,1992,4,29,,8.3,,-4.4,,2,,16,,0,,0,,0,,0,,12,,,,<31,
4/30/1992,1992,4,30,,5.8,,-1.4,,2.2,,15.8,,0,,0,,13.8,,12.6,,12,,,,<31,
5/1/1992,1992,5,1,,7.4,,-5.8,,0.8,,17.2,,0,,0,,0,,0,,12,,19,,35,E
5/2/1992,1992,5,2,,8.3,,-3,,2.7,,15.3,,0,,0,,0,T,0,T,10,,23,,33,E
5/3/1992,1992,5,3,,11.9,,1.4,,6.7,,11.3,,0,,0,,0,,0,,10,,18,,37,E
5/4/1992,1992,5,4,,10.6,,4.3,,7.5,,10.5,,0,,0,,0,,0,,4,,23,,74,E
5/5/1992,1992,5,5,,8.8,,-1.8,,3.5,,14.5,,0,,0,,0,,0,,0,,27,,37,E
5/6/1992,1992,5,6,,8.8,,0.1,,4.5,,13.5,,0,,0,,0,,0,,0,,16,,43,E
5/7/1992,1992,5,7,,10.2,,-3.8,,3.2,,14.8,,0,,0,,0,,0,,0,,,,<31,
5/8/1992,1992,5,8,,9.5,,-1.4,,4.1,,13.9,,0,,0,,0,T,0,T,0,,,,<31,
5/9/1992,1992,5,9,,9.5,,-0.7,,4.4,,13.6,,0,,0,,0,T,0,T,0,,,,<31,
5/10/1992,1992,5,10,,9.2,,0.4,,4.8,,13.2,,0,,3.8,,0,,3.8,,0,,31,,52,E
5/11/1992,1992,5,11,,8.8,,-1,,3.9,,14.1,,0,,1,,0,,1,,0,,30,,39,E
5/12/1992,1992,5,12,,11.3,,-3.2,,4.1,,13.9,,0,,0,,0,,0,,0,,26,,41,E
5/13/1992,1992,5,13,,10.9,,-1.4,,4.8,,13.2,,0,,0,T,0,T,0,T,0,,28,,57,E
5/14/1992,1992,5,14,,10.6,,-3.6,,3.5,,14.5,,0,,0,,0,,0,,0,,31,,44,E
5/15/1992,1992,5,15,,9.3,,-3.8,,2.8,,15.2,,0,,0,T,0,,0,T,0,,24,,33,E
5/16/1992,1992,5,16,,6.8,,-0.8,,3,,15,,0,,1,,0.8,,1.8,,0,,31,,46,E
5/17/1992,1992,5,17,,5.6,,-6,,-0.2,,18.2,,0,,0,,0,T,0,T,0,,33,,48,E
5/18/1992,1992,5,18,,5.1,,-6.1,,-0.5,,18.5,,0,,0,,0,T,0,T,0,,,,<31,
5/19/1992,1992,5,19,,6.4,,-4,,1.2,,16.8,,0,,0,,0,,0,,0,,33,,39,E
5/20/1992,1992,5,20,,8,,-5.8,,1.1,,16.9,,0,,0,,0,T,0,T,0,,,,<31,
5/21/1992,1992,5,21,,10,,-3.9,,3.1,,14.9,,0,,0,,0,,0,,0,,,,<31,
5/22/1992,1992,5,22,,14.8,,-5.6,,4.6,,13.4,,0,,0,,0,,0,,0,,,,<31,
5/23/1992,1992,5,23,,16.6,,-3.9,,6.4,,11.6,,0,,0,,0,,0,,0,,,,<31,
5/24/1992,1992,5,24,,19.6,,-1.8,,8.9,,9.1,,0,,0,,0,,0,,0,,,,<31,
5/25/1992,1992,5,25,,15.5,,8,,11.8,,6.2,,0,,2,,0,,2,,0,,,,<31,
5/26/1992,1992,5,26,,14.2,,6.9,,10.6,,7.4,,0,,1,,0,,1,,0,,27,,56,E
5/27/1992,1992,5,27,,15.1,,6.1,,10.6,,7.4,,0,,0.2,,0,,0.2,,0,,,,<31,
5/28/1992,1992,5,28,,16.7,,0.8,,8.8,,9.2,,0,,0,,0,,0,,0,,,,<31,
5/29/1992,1992,5,29,,17.5,,3.8,,10.7,,7.3,,0,,0,T,0,,0,T,0,,,,<31,
5/30/1992,1992,5,30,,18.5,,5.9,,12.2,,5.8,,0,,0,T,0,,0,T,0,,,,<31,
5/31/1992,1992,5,31,,18.8,,8.6,,13.7,,4.3,,0,,1.4,,0,,1.4,,0,,,,<31,
6/1/1992,1992,6,1,,15.7,,7.2,,11.5,,6.5,,0,,6.2,,0,,6.2,,0,,26,,43,E
6/2/1992,1992,6,2,,12.7,,4.6,,8.7,,9.3,,0,,0,T,0,,0,T,0,,31,,54,E
6/3/1992,1992,6,3,,16.5,,2.6,,9.6,,8.4,,0,,0,,0,,0,,0,,,,<31,
6/4/1992,1992,6,4,,18.9,,3.3,,11.1,,6.9,,0,,0,,0,,0,,0,,27,,35,E
6/5/1992,1992,6,5,,16.9,,4.2,,10.6,,7.4,,0,,0,,0,,0,,0,,,,<31,
6/6/1992,1992,6,6,,17,,6.3,,11.7,,6.3,,0,,3.4,,0,,3.4,,0,,,,<31,
6/7/1992,1992,6,7,,16,,6.4,,11.2,,6.8,,0,,0.4,,0,,0.4,,0,,,,<31,
6/8/1992,1992,6,8,,16.7,,6.9,,11.8,,6.2,,0,,2.8,,0,,2.8,,0,,,,<31,
6/9/1992,1992,6,9,,19,,-0.1,,9.5,,8.5,,0,,0,,0,,0,,0,,,,<31,
6/10/1992,1992,6,10,,20.7,,5.2,,13,,5,,0,,0,,0,,0,,0,,,,<31,
6/11/1992,1992,6,11,,23.2,,2.9,,13.1,,4.9,,0,,0,,0,,0,,0,,,,<31,
6/12/1992,1992,6,12,,25.9,,7.1,,16.5,,1.5,,0,,0,,0,,0,,0,,,,<31,
6/13/1992,1992,6,13,,27.7,,11.8,,19.8,,0,,1.8,,0,,0,,0,,0,,,,<31,
6/14/1992,1992,6,14,,28.2,,14.9,,21.6,,0,,3.6,,0,T,0,,0,T,0,,27,,52,E
6/15/1992,1992,6,15,,23.9,,10.6,,17.3,,0.7,,0,,0,T,0,,0,T,0,,,,<31,
6/16/1992,1992,6,16,,20.2,,6.9,,13.6,,4.4,,0,,0,,0,,0,,0,,25,,44,E
6/17/1992,1992,6,17,,19.4,,2.6,,11,,7,,0,,0,,0,,0,,0,,,,<31,
6/18/1992,1992,6,18,,18.2,,8,,13.1,,4.9,,0,,0,T,0,,0,T,0,,,,<31,
6/19/1992,1992,6,19,,20.1,,11.8,,16,,2,,0,,0,,0,,0,,0,,,,<31,
6/20/1992,1992,6,20,,20.9,,7.1,,14,,4,,0,,3.4,,0,,3.4,,0,,,,<31,
6/21/1992,1992,6,21,,17.1,,8.8,,13,,5,,0,,0,T,0,,0,T,0,,25,,52,
6/22/1992,1992,6,22,,19.3,,1.6,,10.5,,7.5,,0,,0,,0,,0,,0,,,,<31,
6/23/1992,1992,6,23,,21.5,,1.9,,11.7,,6.3,,0,,0,,0,,0,,0,,,,<31,
6/24/1992,1992,6,24,,22.6,,2.6,,12.6,,5.4,,0,,0,,0,,0,,0,,,,<31,
6/25/1992,1992,6,25,,22.1,,1.6,,11.9,,6.1,,0,,0,,0,,0,,0,,,,<31,
6/26/1992,1992,6,26,,22.6,,3.7,,13.2,,4.8,,0,,0,,0,,0,,0,,,,<31,
6/27/1992,1992,6,27,,25.4,,4.6,,15,,3,,0,,0,,0,,0,,0,,,,<31,
6/28/1992,1992,6,28,,27.1,,15.1,,21.1,,0,,3.1,,0,,0,,0,,0,,11,,37,
6/29/1992,1992,6,29,,26.8,,14,,20.4,,0,,2.4,,0,,0,,0,,0,,,,<31,
6/30/1992,1992,6,30,,27,,9.1,,18.1,,0,,0.1,,0,,0,,0,,0,,,,<31,
7/1/1992,1992,7,1,,26,,11.3,,18.7,,0,,0.7,,2.6,,0,,2.6,,0,,9,,57,E
7/2/1992,1992,7,2,,23,,12.5,,17.8,,0.2,,0,,0,,0,,0,,0,,,,<31,
7/3/1992,1992,7,3,,23.8,,6.9,,15.4,,2.6,,0,,0,,0,,0,,0,,,,<31,
7/4/1992,1992,7,4,,25.6,,10.2,,17.9,,0.1,,0,,0.2,,0,,0.2,,0,,31,,50,E
7/5/1992,1992,7,5,,26.4,,10.9,,18.7,,0,,0.7,,0.2,,0,,0.2,,0,,4,,35,E
7/6/1992,1992,7,6,,24.8,,10.7,,17.8,,0.2,,0,,0,,0,,0,,0,,28,,32,E
7/7/1992,1992,7,7,,18.7,,9.1,,13.9,,4.1,,0,,0.4,,0,,0.4,,0,,,,<31,
7/8/1992,1992,7,8,,17.1,,10.6,,13.9,,4.1,,0,,0,T,0,,0,T,0,,,,<31,
7/9/1992,1992,7,9,,22.2,,8.4,,15.3,,2.7,,0,,0,,0,,0,,0,,,,<31,
7/10/1992,1992,7,10,,21.8,,11.3,,16.6,,1.4,,0,,0.2,,0,,0.2,,0,,,,<31,
7/11/1992,1992,7,11,,24.2,,9.7,,17,,1,,0,,0,T,0,,0,T,0,,20,,61,E
7/12/1992,1992,7,12,,19.1,,13.5,,16.3,,1.7,,0,,2.6,,0,,2.6,,0,,27,,63,E
7/13/1992,1992,7,13,,19.1,,9.2,,14.2,,3.8,,0,,0,T,0,,0,T,0,,25,,32,
7/14/1992,1992,7,14,,17.7,,5.5,,11.6,,6.4,,0,,0,T,0,,0,T,0,,,,<31,
7/15/1992,1992,7,15,,19.3,,11,,15.2,,2.8,,0,,1.8,,0,,1.8,,0,,,,<31,
7/16/1992,1992,7,16,,18.6,,10.2,,14.4,,3.6,,0,,0.4,,0,,0.4,,0,,,,<31,
7/17/1992,1992,7,17,,16.4,,10.1,,13.3,,4.7,,0,,7.6,,0,,7.6,,0,,,,<31,
7/18/1992,1992,7,18,,21.4,,6.2,,13.8,,4.2,,0,,0,,0,,0,,0,,,,<31,
7/19/1992,1992,7,19,,24.5,,12,,18.3,,0,,0.3,,0,T,0,,0,T,0,,,,<31,
7/20/1992,1992,7,20,,22.2,,12.2,,17.2,,0.8,,0,,0.2,,0,,0.2,,0,,27,,54,
7/21/1992,1992,7,21,,13.8,,6.2,,10,,8,,0,,7.8,,0,,7.8,,0,,33,,37,E
7/22/1992,1992,7,22,,21.1,,4.9,,13,,5,,0,,0,,0,,0,,0,,,,<31,
7/23/1992,1992,7,23,,23.5,,6,,14.8,,3.2,,0,,0,,0,,0,,0,,,,<31,
7/24/1992,1992,7,24,,24.3,,12.6,,18.5,,0,,0.5,,0,,0,,0,,0,,,,<31,
7/25/1992,1992,7,25,,24.3,,12.2,,18.3,,0,,0.3,,8.2,,0,,8.2,,0,,,,<31,
7/26/1992,1992,7,26,,19.3,,7.7,,13.5,,4.5,,0,,0,,0,,0,,0,,,,<31,
7/27/1992,1992,7,27,,19.6,,5.1,,12.4,,5.6,,0,,0.2,,0,,0.2,,0,,,,<31,
7/28/1992,1992,7,28,,19.3,,8.7,,14,,4,,0,,0.6,,0,,0.6,,0,,,,<31,
7/29/1992,1992,7,29,,20.2,,7.3,,13.8,,4.2,,0,,0,T,0,,0,T,0,,25,,50,E
7/30/1992,1992,7,30,,20,,5.4,,12.7,,5.3,,0,,0,T,0,,0,T,0,,,,<31,
7/31/1992,1992,7,31,,22.3,,4.1,,13.2,,4.8,,0,,0,,0,,0,,0,,,,<31,
8/1/1992,1992,8,1,,24.9,,4.8,,14.9,,3.1,,0,,0,,0,,0,,0,,,,<31,
8/2/1992,1992,8,2,,21.1,,10.6,,15.9,,2.1,,0,,0,,0,,0,,0,,26,,37,
8/3/1992,1992,8,3,,21.1,,5.9,,13.5,,4.5,,0,,0,T,0,,0,T,0,,,,<31,
8/4/1992,1992,8,4,,25.5,,8.8,,17.2,,0.8,,0,,0,,0,,0,,0,,,,<31,
8/5/1992,1992,8,5,,27,,8.4,,17.7,,0.3,,0,,0,,0,,0,,0,,,,<31,
8/6/1992,1992,8,6,,20.7,,12.6,,16.7,,1.3,,0,,2.6,,0,,2.6,,0,,,,<31,
8/7/1992,1992,8,7,,13.9,,10.2,,12.1,,5.9,,0,,36,,0,,36,,0,,,,<31,
8/8/1992,1992,8,8,,16.2,,8.4,,12.3,,5.7,,0,,5.4,,0,,5.4,,0,,,,<31,
8/9/1992,1992,8,9,,21.2,,6.7,,14,,4,,0,,0,,0,,0,,0,,,,<31,
8/10/1992,1992,8,10,,23.6,,11.3,,17.5,,0.5,,0,,0,,0,,0,,0,,,,<31,
8/11/1992,1992,8,11,,23.3,,6.5,,14.9,,3.1,,0,,0,T,0,,0,T,0,,,,<31,
8/12/1992,1992,8,12,,20.8,,7.3,,14.1,,3.9,,0,,0,,0,,0,,0,,,,<31,
8/13/1992,1992,8,13,,20.6,,4,,12.3,,5.7,,0,,0,,0,,0,,0,,,,<31,
8/14/1992,1992,8,14,,17.1,,5.3,,11.2,,6.8,,0,,0,T,0,,0,T,0,,26,,46,E
8/15/1992,1992,8,15,,15.1,,3.7,,9.4,,8.6,,0,,0.6,,0,,0.6,,0,,21,,37,E
8/16/1992,1992,8,16,,17.8,,6.6,,12.2,,5.8,,0,,0.2,,0,,0.2,,0,,,,<31,
8/17/1992,1992,8,17,,17.3,,7.7,,12.5,,5.5,,0,,1.2,,0,,1.2,,0,,27,,46,E
8/18/1992,1992,8,18,,17.2,,1.1,,9.2,,8.8,,0,,0,T,0,,0,T,0,,27,,41,E
8/19/1992,1992,8,19,,18.2,,3,,10.6,,7.4,,0,,0,T,0,,0,T,0,,,,<31,
8/20/1992,1992,8,20,,17.5,,6.9,,12.2,,5.8,,0,,0,,0,,0,,0,,,,<31,
8/21/1992,1992,8,21,,13.4,,1,,7.2,,10.8,,0,,0,,0,,0,,0,,10,,37,E
8/22/1992,1992,8,22,,16,,-1.1,,7.5,,10.5,,0,,0,,0,,0,,0,,,,<31,
8/23/1992,1992,8,23,,21.2,,-1.8,,9.7,,8.3,,0,,0,,0,,0,,0,,,,<31,
8/24/1992,1992,8,24,,23.2,,7.7,,15.5,,2.5,,0,,0,,0,,0,,0,,26,,48,E
8/25/1992,1992,8,25,,22,,9.9,,16,,2,,0,,0,T,0,,0,T,0,,25,,57,E
8/26/1992,1992,8,26,,15.6,,2.6,,9.1,,8.9,,0,,0,T,0,,0,,0,,28,,41,E
8/27/1992,1992,8,27,,16.9,,-0.8,,8.1,,9.9,,0,,0,T,0,,0,T,0,,30,,37,E
8/28/1992,1992,8,28,,17.3,,-0.9,,8.2,,9.8,,0,,0,,0,,0,,0,,,,<31,
8/29/1992,1992,8,29,,18.7,,0.4,,9.6,,8.4,,0,,0,,0,,0,,0,,11,,35,E
8/30/1992,1992,8,30,,15.7,,10.3,,13,,5,,0,,0,T,0,,0,T,0,,,,<31,
8/31/1992,1992,8,31,,12.3,,8.9,,10.6,,7.4,,0,,0,T,0,,0,T,0,,,,<31,
9/1/1992,1992,9,1,,14.9,,7.4,,11.2,,6.8,,0,,0.2,,0,,0.2,,0,,32,,43,
9/2/1992,1992,9,2,,13.5,,4.6,,9.1,,8.9,,0,,0.6,,0,,0.6,,0,,,,<31,
9/3/1992,1992,9,3,,13.5,,0.8,,7.2,,10.8,,0,,0,T,0,,0,T,0,,26,,39,E
9/4/1992,1992,9,4,,11.9,,2.7,,7.3,,10.7,,0,,0.2,,0,,0.2,,0,,,,<31,
9/5/1992,1992,9,5,,12.9,,-2.2,,5.4,,12.6,,0,,0,T,0,,0,T,0,,,,<31,
9/6/1992,1992,9,6,,12.3,,-1.6,,5.4,,12.6,,0,,0,,0,,0,,0,,,,<31,
9/7/1992,1992,9,7,,9.3,,4.4,,6.9,,11.1,,0,,10.2,,0,,10.2,,0,,11,,43,E
9/8/1992,1992,9,8,,11.7,,2.9,,7.3,,10.7,,0,,0.2,,0,,0.2,,0,,,,<31,
9/9/1992,1992,9,9,,11.7,,5,,8.4,,9.6,,0,,1.2,,0,,1.2,,0,,24,,52,E
9/10/1992,1992,9,10,,14.1,,6.1,,10.1,,7.9,,0,,1,,0,,1,,0,,27,,41,E
9/11/1992,1992,9,11,,9,,1.9,,5.5,,12.5,,0,,6.8,,0,,6.8,,0,,25,,46,E
9/12/1992,1992,9,12,,4,,-1.5,,1.3,,16.7,,0,,0,,0,T,0,T,0,,30,,32,E
9/13/1992,1992,9,13,,3.6,,-2.5,,0.6,,17.4,,0,,0,,5,,5.2,,3,,,,<31,
9/14/1992,1992,9,14,,6.6,,-5.7,,0.5,,17.5,,0,,0,,0,,0,,0,,,,<31,
9/15/1992,1992,9,15,,5.8,,-2.4,,1.7,,16.3,,0,,1.8,,0,,1.8,,0,,13,,33,E
9/16/1992,1992,9,16,,4.9,,1.4,,3.2,,14.8,,0,,2.6,,0,,2.6,,0,,,,<31,
9/17/1992,1992,9,17,,5.1,,-0.9,,2.1,,15.9,,0,,0.8,,0,,0.8,,0,,,,<31,
9/18/1992,1992,9,18,,12.3,,2.5,,7.4,,10.6,,0,,5.6,,0,,5.6,,0,,,,<31,
9/19/1992,1992,9,19,,11.8,,0.9,,6.4,,11.6,,0,,7,,0,T,7,,0,,9,,46,E
9/20/1992,1992,9,20,,1.4,,-2.2,,-0.4,,18.4,,0,,0,,1.8,,1.8,,0,,9,,46,E
9/21/1992,1992,9,21,,3.7,,-0.3,,1.7,,16.3,,0,,0,,0,T,0,T,0,,,,,M
9/22/1992,1992,9,22,,5.7,,0.2,,3,,15,,0,,0,T,0,T,0,T,0,,,,<31,
9/23/1992,1992,9,23,,2.5,,-3.3,,-0.4,,18.4,,0,,0,,0,,0,,0,,9,,32,E
9/24/1992,1992,9,24,,-2.4,,-4.7,,-3.6,,21.6,,0,,0,,0,T,0,T,0,,,,<31,
9/25/1992,1992,9,25,,3.4,,-4.7,,-0.7,,18.7,,0,,0,,2,,1.6,,1,,,,<31,
9/26/1992,1992,9,26,,4.6,,-0.9,,1.9,,16.1,,0,,1.4,,0,T,1.4,,0,,,,<31,
9/27/1992,1992,9,27,,6.6,,-3.2,,1.7,,16.3,,0,,0,T,0,,0,T,0,,15,,39,
9/28/1992,1992,9,28,,5.1,,0.4,,2.8,,15.2,,0,,3.8,,0.4,,4.2,,0,,13,,52,E
9/29/1992,1992,9,29,,6.2,,0.3,,3.3,,14.7,,0,,0.6,,3.4,,4.2,,0,,12,,41,E
9/30/1992,1992,9,30,,12.1,,0.7,,6.4,,11.6,,0,,0,,0,,0,,0,,24,,41,E
10/1/1992,1992,10,1,,12.2,,-1.7,,5.3,,12.7,,0,,0,,0,,0,,0,,,,<31,
10/2/1992,1992,10,2,,7.7,,2.5,,5.1,,12.9,,0,,1.4,,0,,1.4,,0,,,,<31,
10/3/1992,1992,10,3,,9.2,,2.6,,5.9,,12.1,,0,,0,T,0,,0,T,0,,,,<31,
10/4/1992,1992,10,4,,7.3,,-2.6,,2.4,,15.6,,0,,0,T,0,T,0,T,0,,28,,52,E
10/5/1992,1992,10,5,,5.9,,-1.8,,2.1,,15.9,,0,,0.8,,0,T,0.8,,0,,,,<31,
10/6/1992,1992,10,6,,9.9,,-3.6,,3.2,,14.8,,0,,0,,0,,0,,0,,,,<31,
10/7/1992,1992,10,7,,9.4,,-1.8,,3.8,,14.2,,0,,2.2,,0,,2.2,,0,,,,<31,
10/8/1992,1992,10,8,,7.4,,1.3,,4.4,,13.6,,0,,0.2,,0,,0.2,,0,,26,,57,E
10/9/1992,1992,10,9,,8.3,,-3.4,,2.5,,15.5,,0,,0,,0,,0,,0,,24,,78,E
10/10/1992,1992,10,10,,5.5,,-4.1,,0.7,,17.3,,0,,0,,0,,0,,0,,27,,50,E
10/11/1992,1992,10,11,,4.8,,-1.8,,1.5,,16.5,,0,,0,,0,T,0,T,0,,25,,48,E
10/12/1992,1992,10,12,,1.4,,-4.6,,-1.6,,19.6,,0,,0,,0,,0,,0,,,,<31,
10/13/1992,1992,10,13,,-2,,-5.8,,-3.9,,21.9,,0,,0,,1.2,,0.4,,0,,,,<31,
10/14/1992,1992,10,14,,-4.7,,-16.5,,-10.6,,28.6,,0,,0,,0,T,0,T,1,,,,<31,
10/15/1992,1992,10,15,,-3.4,,-16.2,,-9.8,,27.8,,0,,0,,0,,0,,0,T,,,<31,
10/16/1992,1992,10,16,,-6.4,,-12.2,,-9.3,,27.3,,0,,0,,2.8,,0.8,,3,,,,<31,
10/17/1992,1992,10,17,,-9.1,,-13.2,,-11.2,,29.2,,0,,0,,0,T,0,T,2,,,,<31,
10/18/1992,1992,10,18,,-9,,-11.6,,-10.3,,28.3,,0,,0,,4.2,,2.8,,2,,9,,43,E
10/19/1992,1992,10,19,,-8.6,,-11,,-9.8,,27.8,,0,,0,,9,,5.6,,5,,,,<31,
10/20/1992,1992,10,20,,-7.5,,-10.5,,-9,,27,,0,,0,,0,T,0,T,14,,,,<31,
10/21/1992,1992,10,21,,-3.7,,-16.1,,-9.9,,27.9,,0,,0,,0,,0,,14,,,,<31,
10/22/1992,1992,10,22,,-5.2,,-15.4,,-10.3,,28.3,,0,,0,,1,,0.9,,13,,,,<31,
10/23/1992,1992,10,23,,-3.2,,-14.7,,-9,,27,,0,,0,,4.8,,4.6,,13,,,,<31,
10/24/1992,1992,10,24,,4.7,,-6,,-0.7,,18.7,,0,,0,T,0,T,0,T,12,,,,<31,
10/25/1992,1992,10,25,,7.8,,-3.6,,2.1,,15.9,,0,,0,T,0,,0,T,12,,,,<31,
10/26/1992,1992,10,26,,5.5,,-10.4,,-2.5,,20.5,,0,,0,,0,,0,,10,,,,<31,
10/27/1992,1992,10,27,,-5,,-15.9,,-10.5,,28.5,,0,,0,,0,,0,,10,,,,<31,
10/28/1992,1992,10,28,,-0.7,,-13.4,,-7.1,,25.1,,0,,0,,0,T,0,T,10,,,,<31,
10/29/1992,1992,10,29,,-3.9,,-16.3,,-10.1,,28.1,,0,,0,,0,T,0,T,10,,,,<31,
10/30/1992,1992,10,30,,-0.1,,-6.7,,-3.4,,21.4,,0,,0,,0,T,0,T,10,,,,<31,
10/31/1992,1992,10,31,,-0.4,,-3.6,,-2,,20,,0,,0,,0,T,0,T,10,,,,<31,
11/1/1992,1992,11,1,,-1.5,,-3.6,,-2.6,,20.6,,0,,0,,0,T,0,T,10,,,,<31,
11/2/1992,1992,11,2,,-1.9,,-5.3,,-3.6,,21.6,,0,,0,,0,T,0,T,10,,,,<31,
11/3/1992,1992,11,3,,-3.7,,-10.8,,-7.3,,25.3,,0,,0,,5,,2.8,,10,,,,<31,
11/4/1992,1992,11,4,,-4.4,,-9.6,,-7,,25,,0,,0,,0.6,,0.6,,14,,,,<31,
11/5/1992,1992,11,5,,-3.3,,-14.8,,-9.1,,27.1,,0,,0,,0,,0,,14,,,,<31,
11/6/1992,1992,11,6,,-0.2,,-16,,-8.1,,26.1,,0,,0,,4.8,,2.8,,14,,,,<31,
11/7/1992,1992,11,7,,-1.8,,-11.5,,-6.7,,24.7,,0,,0,,0,,0,,18,,,,<31,
11/8/1992,1992,11,8,,-2.1,,-16.1,,-9.1,,27.1,,0,,0,,0,,0,,17,,,,<31,
11/9/1992,1992,11,9,,-2.6,,-19.4,,-11,,29,,0,,0,,0,,0,,16,,,,<31,
11/10/1992,1992,11,10,,0.4,,-10.3,,-5,,23,,0,,0,,0,T,0,T,16,,29,,48,E
11/11/1992,1992,11,11,,-2.7,,-19.9,,-11.3,,29.3,,0,,0,,0,,0,,16,,,,<31,
11/12/1992,1992,11,12,,-4.7,,-19.1,,-11.9,,29.9,,0,,0,,4,,3.2,,16,,11,,41,E
11/13/1992,1992,11,13,,-12.5,,-22.2,,-17.4,,35.4,,0,,0,,4,,3.2,,16,,,,<31,
11/14/1992,1992,11,14,,-8.1,,-12.6,,-10.4,,28.4,,0,,0,,6,,5.3,,24,,,,<31,
11/15/1992,1992,11,15,,-8.7,,-21.7,,-15.2,,33.2,,0,,0,,0,T,0,T,26,,,,<31,
11/16/1992,1992,11,16,,-14.9,,-25.4,,-20.2,,38.2,,0,,0,,0,T,0,T,25,,,,<31,
11/17/1992,1992,11,17,,-11.8,,-17.5,,-14.7,,32.7,,0,,0,,0.2,,0,T,25,,,,<31,
11/18/1992,1992,11,18,,-11.8,,-17.4,,-14.6,,32.6,,0,,0,,2,,0.4,,25,,,,<31,
11/19/1992,1992,11,19,,-12.4,,-15.6,,-14,,32,,0,,0,,1.8,,1.2,,26,,,,<31,
11/20/1992,1992,11,20,,-12.6,,-17.1,,-14.9,,32.9,,0,,0,,1.4,,0,T,27,,,,<31,
11/21/1992,1992,11,21,,-12.8,,-29.5,,-21.2,,39.2,,0,,0,,0.2,,0,T,28,,,,<31,
11/22/1992,1992,11,22,,-20.7,,-30.9,,-25.8,,43.8,,0,,0,,0,,0,,28,,,,<31,
11/23/1992,1992,11,23,,-14.4,,-22.3,,-18.4,,36.4,,0,,0,,0,,0,,28,,,,<31,
11/24/1992,1992,11,24,,-12.4,,-24.8,,-18.6,,36.6,,0,,0,,0,,0,,27,,,,<31,
11/25/1992,1992,11,25,,-12.9,,-18.9,,-15.9,,33.9,,0,,0,,0,,0,,27,,,,<31,
11/26/1992,1992,11,26,,-9,,-17.6,,-13.3,,31.3,,0,,0,,0,T,0,T,27,,,,<31,
11/27/1992,1992,11,27,,-9.4,,-22.6,,-16,,34,,0,,0,,0,,0,,26,,,,<31,
11/28/1992,1992,11,28,,-6.1,,-21.7,,-13.9,,31.9,,0,,0,,0,,0,,26,,,,<31,
11/29/1992,1992,11,29,,-2.1,,-15.7,,-8.9,,26.9,,0,,0,,0.4,,0.2,,25,,26,,39,E
11/30/1992,1992,11,30,,-12.4,,-21.7,,-17.1,,35.1,,0,,0,,0,,0,,24,,,,<31,
12/1/1992,1992,12,1,,-9.7,,-21.3,,-15.5,,33.5,,0,,0,,0,,0,,24,,,M,<31,
12/2/1992,1992,12,2,,,,,,,,,,,,,,,,,,,,,,,
12/3/1992,1992,12,3,,-11.4,,-21.5,,-16.5,,34.5,,0,,0,,0,,0,,24,,,M,<31,
12/4/1992,1992,12,4,,0.2,,-19.3,,-9.6,,27.6,,0,,0,,0,,0,,24,,,M,<31,
12/5/1992,1992,12,5,,,,,,,,,,,,,,,,,,,,,,,
12/6/1992,1992,12,6,,,,,,,,,,,,,,,,,,,,,,,
12/7/1992,1992,12,7,,-20.4,,-28.8,,-24.6,,42.6,,0,,0,,0,T,0,T,26,,,M,<31,
12/8/1992,1992,12,8,,,,,,,,,,,,,,,,,,,,,,,
12/9/1992,1992,12,9,,-19,,-26.2,,-22.6,,40.6,,0,,0,,0,T,0,T,26,,,M,<31,
12/10/1992,1992,12,10,,,,,,,,,,,,,,,,,,,,,,,
12/11/1992,1992,12,11,,-24.3,,-33.1,,-28.7,,46.7,,0,,0,,0,T,0,T,26,,,M,<31,
12/12/1992,1992,12,12,,-20.6,,-28.3,,-24.5,,42.5,,0,,0,,6.4,,3.6,,26,,,M,<31,
12/13/1992,1992,12,13,,-15.6,,-22.7,,-19.2,,37.2,,0,,0,,4.8,,4,,40,,,M,<31,
12/14/1992,1992,12,14,,-7.6,,-18.1,,-12.9,,30.9,,0,,0,,3,,2.2,,39,,,M,<31,
12/15/1992,1992,12,15,,,,,,,,,,,,,,,,,,,,,,,
12/16/1992,1992,12,16,,,,,,,,,,,,,,,,,,,,,,,
12/17/1992,1992,12,17,,,,,,,,,,,,,,,,,,,,,,,
12/18/1992,1992,12,18,,-31.1,,-38.5,,-34.8,,52.8,,0,,0,,0.2,,0,T,36,,,M,<31,
12/19/1992,1992,12,19,,-33.6,,-42.1,,-37.9,,55.9,,0,,0,,0,,0,,36,,,M,<31,
12/20/1992,1992,12,20,,-29.1,,-42.2,,-35.7,,53.7,,0,,0,,0,T,0,T,36,,,M,<31,
12/21/1992,1992,12,21,,,,,,,,,,,,,,,,,,,,,,,
12/22/1992,1992,12,22,,-40.5,,-46.7,,-43.6,,61.6,,0,,0,,0,,0,,35,,,M,<31,
12/23/1992,1992,12,23,,-28.2,,-40.6,,-34.4,,52.4,,0,,0,,2.2,,1.8,,35,,,M,<31,
12/24/1992,1992,12,24,,,,,,,,,,,,,,,,,,,,,,,
12/25/1992,1992,12,25,,-24,,-27.5,,-25.8,,43.8,,0,,0,,0.4,,0,T,45,,,M,<31,
12/26/1992,1992,12,26,,-23.8,,-41.6,,-32.7,,50.7,,0,,0,,0.4,,0,T,45,,,M,<31,
12/27/1992,1992,12,27,,,,,,,,,,,,,,,,,,,,,,,
12/28/1992,1992,12,28,,,,,,,,,,,,,,,,,,,,,,,
12/29/1992,1992,12,29,,,,,,,,,,,,,,,,,,,,,,,
12/30/1992,1992,12,30,,,,,,,,,,,,,,,,,,,,,,,
12/31/1992,1992,12,31,,,,,,,,,,,,,,,,,,,,,,,
1/1/1993,1993,1,1,,,,,,,,,,,,,,,,,,,,,,,
1/2/1993,1993,1,2,,,,,,,,,,,,,,,,,,,,,,,
1/3/1993,1993,1,3,,-15.4,,-22.4,,-18.9,,36.9,,0,,0,,3.4,,2.2,,44,,,M,<31,
1/4/1993,1993,1,4,,-19.2,,-37,,-28.1,,46.1,,0,,0,,0,,0,,45,,,M,<31,
1/5/1993,1993,1,5,,-22.4,,-34,,-28.2,,46.2,,0,,0,,0,,0,,45,,,M,<31,
1/6/1993,1993,1,6,,-20.5,,-32.1,,-26.3,,44.3,,0,,0,,0,,0,,45,,,M,<31,
1/7/1993,1993,1,7,,-11.3,,-24.5,,-17.9,,35.9,,0,,0,,2,,2.4,,46,,,M,<31,
1/8/1993,1993,1,8,,-19.2,,-29.8,,-24.5,,42.5,,0,,0,,0,T,0,T,46,,,M,<31,
1/9/1993,1993,1,9,,-25.1,,-31.6,,-28.4,,46.4,,0,,0,,0,,0,,46,,,M,<31,
1/10/1993,1993,1,10,,-20.3,,-30.3,,-25.3,,43.3,,0,,0,,2.4,,1.2,,45,,,M,<31,
1/11/1993,1993,1,11,,-25.5,,-36.9,,-31.2,,49.2,,0,,0,,0,T,0,T,47,,,M,<31,
1/12/1993,1993,1,12,,-31.1,,-39.9,,-35.5,,53.5,,0,,0,,0,,0,,47,,,M,<31,
1/13/1993,1993,1,13,,-32.4,,-40.2,,-36.3,,54.3,,0,,0,,0,,0,,47,,,M,<31,
1/14/1993,1993,1,14,,-22.5,,-35.1,,-28.8,,46.8,,0,,0,,0,T,0,T,46,,,M,<31,
1/15/1993,1993,1,15,,-18.2,,-32,,-25.1,,43.1,,0,,0,,3,,1.2,,48,,,M,<31,
1/16/1993,1993,1,16,,,,,,,,,,,,,,,,,,,,,,,
1/17/1993,1993,1,17,,,,,,,,,,,,,,,,,,,,,,,
1/18/1993,1993,1,18,,,,,,,,,,,,,,,,,,,,,,,
1/19/1993,1993,1,19,,,,,,,,,,,,,,,,,,,,,,,
1/20/1993,1993,1,20,,-20.7,,-33.1,,-26.9,,44.9,,0,,0,,0,,0,,46,,,M,<31,
1/21/1993,1993,1,21,,,,,,,,,,,,,,,,,,,,,,,
1/22/1993,1993,1,22,,-22.9,,-30.9,,-26.9,,44.9,,0,,0,,0,,0,,46,,,M,<31,
1/23/1993,1993,1,23,,-17.9,,-28.2,,-23.1,,41.1,,0,,0,,2.8,,2,,45,,,M,<31,
1/24/1993,1993,1,24,,,,,,,,,,,,,,,,,,,,,,,
1/25/1993,1993,1,25,,-18.5,,-29.3,,-23.9,,41.9,,0,,0,,1.4,,1,,50,,,M,<31,
1/26/1993,1993,1,26,,,,,,,,,,,,,,,,,,,,,,,
1/27/1993,1993,1,27,,-30.8,,-44.1,,-37.5,,55.5,,0,,0,,0,,0,,56,,,M,<31,
1/28/1993,1993,1,28,,-22.7,,-41,,-31.9,,49.9,,0,,0,,0,,0,,56,,,M,<31,
1/29/1993,1993,1,29,,3.3,,-23.3,,-10,,28,,0,,0,T,0,T,0,T,55,,20,,41,
1/30/1993,1993,1,30,,3.8,,-5.4,,-0.8,,18.8,,0,,0,,0,,0,,53,,21,,41,
1/31/1993,1993,1,31,,6.3,,-4.6,,0.9,,17.1,,0,,0,,2.6,,1.6,,53,,12,,41,
2/1/1993,1993,2,1,,5.5,,-12.2,,-3.4,,21.4,,0,,0,,0,,0,,49,,28,,46,
2/2/1993,1993,2,2,,,,,,,,,,,,,,,,,,,,,,,
2/3/1993,1993,2,3,,-21.3,,-25.2,,-23.3,,41.3,,0,,0,,12.8,,9.5,,48,,,M,<31,
2/4/1993,1993,2,4,,-25.2,,-27.1,,-26.2,,44.2,,0,,0,,3.2,,4.6,,59,,,M,<31,
2/5/1993,1993,2,5,,-22.9,,-26.3,,-24.6,,42.6,,0,,0,,4.2,,4,,65,,,M,<31,
2/6/1993,1993,2,6,,-17.4,,-23.6,,-20.5,,38.5,,0,,0,,0,,0,,65,,,M,<31,
2/7/1993,1993,2,7,,,,,,,,,,,,,,,,,,,,,,,
2/8/1993,1993,2,8,,-16.1,,-31.1,,-23.6,,41.6,,0,,0,,0,,0,,62,,,M,<31,
2/9/1993,1993,2,9,,-19.5,,-34.5,,-27,,45,,0,,0,,0,,0,,61,,,M,<31,
2/10/1993,1993,2,10,,-19.5,,-34.6,,-27.1,,45.1,,0,,0,,0,T,0,T,61,,,M,<31,
2/11/1993,1993,2,11,,-13.9,,-27.6,,-20.8,,38.8,,0,,0,,0,,0,,61,,,M,<31,
2/12/1993,1993,2,12,,-10.5,,-27.2,,-18.9,,36.9,,0,,0,,0,T,0,T,60,,,M,<31,
2/13/1993,1993,2,13,,,,,,,,,,,,,,,,,,,,,,,
2/14/1993,1993,2,14,,,,,,,,,,,,,,,,,,,,,,,
2/15/1993,1993,2,15,,-14.4,,-22.1,,-18.3,,36.3,,0,,0,,0,T,0,T,60,,,M,<31,
2/16/1993,1993,2,16,,-14.3,,-25.4,,-19.9,,37.9,,0,,0,,0,,0,,60,,,M,<31,
2/17/1993,1993,2,17,,-8.7,,-26.1,,-17.4,,35.4,,0,,0,,0,,0,,58,,,M,<31,
2/18/1993,1993,2,18,,-7.1,,-24.5,,-15.8,,33.8,,0,,0,,0.6,,0,T,59,,,M,<31,
2/19/1993,1993,2,19,,,,,,,,,,,,,,,,,,,,,,,
2/20/1993,1993,2,20,,-17.8,,-35.3,,-26.6,,44.6,,0,,0,,0,,0,,58,,,M,<31,
2/21/1993,1993,2,21,,,,,,,,,,,,,,,,,,,,,,,
2/22/1993,1993,2,22,,-14,,-35,,-24.5,,42.5,,0,,0,,0,,0,,57,,,M,<31,
2/23/1993,1993,2,23,,-9.5,,-33.6,,-21.6,,39.6,,0,,0,,0,,0,,56,,,M,<31,
2/24/1993,1993,2,24,,-12.7,,-27.6,,-20.2,,38.2,,0,,0,,0,,0,,56,,,M,<31,
2/25/1993,1993,2,25,,-0.1,,-22.6,,-11.4,,29.4,,0,,0,,0,T,0,T,56,,25,,43,
2/26/1993,1993,2,26,,3.6,,-6.1,,-1.3,,19.3,,0,,0,,0.4,,0.4,,54,,,M,<31,
2/27/1993,1993,2,27,,,,,,,,,,,,,,,,,,,,,,,
2/28/1993,1993,2,28,,,,,,,,,,,,,,,,,,,,,,,
3/1/1993,1993,3,1,,,,,,,,,,,,,,,,,,,,,,,
3/2/1993,1993,3,2,,2.5,,-11.9,,-4.7,,22.7,,0,,0,,0,,0,,46,,,M,,
3/3/1993,1993,3,3,,-1.2,,-18.1,,-9.7,,27.7,,0,,0,,0,T,0,T,46,,,M,<31,
3/4/1993,1993,3,4,,,,,,,,,,,,,,,,,,,,,,,
3/5/1993,1993,3,5,,-2.5,,-18.7,,-10.6,,28.6,,0,,0,,1,,0.6,,47,,,M,<31,
3/6/1993,1993,3,6,,,,,,,,,,,,,,,,,,,,,,,
3/7/1993,1993,3,7,,1.8,,-11.7,,-5,,23,,0,,0,,0,T,0,T,46,,28,,35,
3/8/1993,1993,3,8,,1.7,,-19.5,,-8.9,,26.9,,0,,0,,0,,0,,46,,,M,<31,
3/9/1993,1993,3,9,,,,,,,,,,,,,,,,,,,,,,,
3/10/1993,1993,3,10,,-0.8,,-16.6,,-8.7,,26.7,,0,,0,,0,,0,,46,,,M,<31,
3/11/1993,1993,3,11,,-3.8,,-25.3,,-14.6,,32.6,,0,,0,,0,,0,,46,,,M,<31,
3/12/1993,1993,3,12,,-0.5,,-19.2,,-9.9,,27.9,,0,,0,,0,,0,,46,,10,,44,
3/13/1993,1993,3,13,,,,,,,,,,,,,,,,,,,,,,,
3/14/1993,1993,3,14,,,,,,,,,,,,,,,,,,,,,,,
3/15/1993,1993,3,15,,,,,,,,,,,,,,,,,,,,,,,
3/16/1993,1993,3,16,,-5.9,,-33.6,,-19.8,,37.8,,0,,0,,0,,0,,50,,,M,<31,
3/17/1993,1993,3,17,,-4.8,,-32.6,,-18.7,,36.7,,0,,0,,0,,0,,50,,,M,<31,
3/18/1993,1993,3,18,,-5.5,,-30.4,,-18,,36,,0,,0,,0,,0,,50,,,M,<31,
3/19/1993,1993,3,19,,,,,,,,,,,,,,,,,,,,,,,
3/20/1993,1993,3,20,,-2.5,,-22.4,,-12.5,,30.5,,0,,0,,0.2,,0.2,,49,,,M,<31,
3/21/1993,1993,3,21,,2.5,,-19.5,,-8.5,,26.5,,0,,0,,0,T,0,T,50,,,M,<31,
3/22/1993,1993,3,22,,3.7,,-14.4,,-5.4,,23.4,,0,,0,T,0.4,,0.4,,50,,10,,52,
3/23/1993,1993,3,23,,5.9,,-3.6,,1.2,,16.8,,0,,0,,0,,0,,50,,25,,48,
3/24/1993,1993,3,24,,1.4,,-13.1,,-5.9,,23.9,,0,,0,,0,,0,,49,,28,,50,
3/25/1993,1993,3,25,,0.8,,-11.2,,-5.2,,23.2,,0,,0,,0,T,0,T,49,,28,,39,
3/26/1993,1993,3,26,,1.6,,-19.9,,-9.2,,27.2,,0,,0,,0,,0,,49,,,M,<31,
3/27/1993,1993,3,27,,1.9,,-22.1,,-10.1,,28.1,,0,,0,,0,,0,,49,,,M,<31,
3/28/1993,1993,3,28,,,,,,,,,,,,,,,,,,,,,,,
3/29/1993,1993,3,29,,,,,,,,,,,,,,,,,,,,,,,
3/30/1993,1993,3,30,,5.7,,-19.3,,-6.8,,24.8,,0,,0,,0,,0,,49,,,M,<31,
3/31/1993,1993,3,31,,8,,-16,,-4,,22,,0,,0,,0,,0,,48,,,M,<31,
4/1/1993,1993,4,1,,8,,-16.1,,-4.1,,22.1,,0,,0,,0,,0,,48,,,M,<31,
4/2/1993,1993,4,2,,,,,,,,,,,,,,,,,,,,,,,
4/3/1993,1993,4,3,,9.1,,,M,,M,,M,,M,0,,0,,0,,47,,,M,<31,
4/4/1993,1993,4,4,,8.8,,-11.7,,-1.5,,19.5,,0,,0,,0,,0,,41,,,M,<31,
4/5/1993,1993,4,5,,,,,,,,,,,,,,,,,,,,,,,
4/6/1993,1993,4,6,,,,,,,,,,,,,,,,,,,,,,,
4/7/1993,1993,4,7,,,,,,,,,,,,,,,,,,,,,,,
4/8/1993,1993,4,8,,2.3,,-1.8,,0.3,,17.7,,0,,0,,0,T,0,T,34,,10,,48,
4/9/1993,1993,4,9,,3.2,,-2.1,,0.6,,17.4,,0,,0,,0.4,,0.4,,34,,,M,<31,
4/10/1993,1993,4,10,,6.8,,-3.7,,1.6,,16.4,,0,,0,T,0,,0,T,33,,,M,<31,
4/11/1993,1993,4,11,,6.4,,-9.4,,-1.5,,19.5,,0,,0,,0,,0,,29,,27,,32,
4/12/1993,1993,4,12,,7,,-8,,-0.5,,18.5,,0,,0,,0,,0,,26,,,M,<31,
4/13/1993,1993,4,13,,9.4,,-8.9,,0.3,,17.7,,0,,0,,0,,0,,23,,,M,<31,
4/14/1993,1993,4,14,,9.2,,-8,,0.6,,17.4,,0,,0,,0,,0,,21,,,M,<31,
4/15/1993,1993,4,15,,12.1,,-9.1,,1.5,,16.5,,0,,0,,0,,0,,20,,,M,<31,
4/16/1993,1993,4,16,,12.8,,-1.5,,5.7,,12.3,,0,,0,,0,,0,,17,,,M,<31,
4/17/1993,1993,4,17,,,,,,,,,,,,,,,,,,,,,,,
4/18/1993,1993,4,18,,14.4,,1.1,,7.8,,10.2,,0,,0,,0,,0,,5,,,M,<31,
4/19/1993,1993,4,19,,15.1,,-3.1,,6,,12,,0,,0,T,0,,0,T,2,,18,,39,
4/20/1993,1993,4,20,,14.5,,-3.4,,5.6,,12.4,,0,,0,,0,,0,,0,,,M,<31,
4/21/1993,1993,4,21,,15.3,,-1.8,,6.8,,11.2,,0,,0,,0,,0,,0,,,M,<31,
4/22/1993,1993,4,22,,,,,,,,,,,,,,,,,,,,,,,
4/23/1993,1993,4,23,,5.1,,-0.8,,2.2,,15.8,,0,,0,,0,T,0,T,0,,,M,<31,
4/24/1993,1993,4,24,,3.6,,-0.5,,1.6,,16.4,,0,,0,,0,T,0,T,0,,7,,41,
4/25/1993,1993,4,25,,9.4,,-1.4,,4,,14,,0,,0,,0.2,,0,T,0,,,M,<31,
4/26/1993,1993,4,26,,12.7,,-5.2,,3.8,,14.2,,0,,0,,0,,0,,0,,,M,<31,
4/27/1993,1993,4,27,,13.5,,-2.9,,5.3,,12.7,,0,,0,T,0,,0,T,0,,18,,50,
4/28/1993,1993,4,28,,14.6,,1.5,,8.1,,9.9,,0,,0,T,0,,0,T,0,,18,,32,
4/29/1993,1993,4,29,,10.8,,2,,6.4,,11.6,,0,,0,T,0,,0,T,0,,,M,<31,
4/30/1993,1993,4,30,,12,,0.2,,6.1,,11.9,,0,,1,,0,T,1,,0,,,M,<31,
5/1/1993,1993,5,1,,12.1,,3.4,,7.8,,10.2,,0,,0,,0,,0,,0,,,M,<31,
5/2/1993,1993,5,2,,11.4,,1.4,,6.4,,11.6,,0,,7.2,,0,,7.2,,0,,,M,<31,
5/3/1993,1993,5,3,,12.1,,-4,,4.1,,13.9,,0,,0,T,0,,0,T,0,,,M,<31,
5/4/1993,1993,5,4,,,,,,,,,,,,,,,,,,,,,,,
5/5/1993,1993,5,5,,15.7,,4.6,,10.2,,7.8,,0,,0,,0,,0,,0,,,M,<31,
5/6/1993,1993,5,6,,10.3,,1.3,,5.8,,12.2,,0,,0.2,,0,T,0.2,,0,,24,,39,
5/7/1993,1993,5,7,,11.8,,-3.8,,4,,14,,0,,0,,0,,0,,0,,,M,<31,
5/8/1993,1993,5,8,,,,,,,,,,,,,,,,,,,,,,,
5/9/1993,1993,5,9,,12,,1.5,,6.8,,11.2,,0,,0.2,,0,,0.2,,0,,,,<31,
5/10/1993,1993,5,10,,9.2,,3.4,,6.3,,11.7,,0,,2.2,,0,T,2.2,,0,,,M,<31,
5/11/1993,1993,5,11,,14.6,,-0.7,,7,,11,,0,,0,,0,,0,,0,,,M,<31,
5/12/1993,1993,5,12,,20,,-2.3,,8.9,,9.1,,0,,0,,0,,0,,0,,,M,<31,
5/13/1993,1993,5,13,,24.1,,-0.4,,11.9,,6.1,,0,,0,,0,,0,,0,,,M,<31,
5/14/1993,1993,5,14,,,,,,,,,,,,,,,,,,,,,,,
5/15/1993,1993,5,15,,,,,,,,,,,,,,,,,,,,,,,
5/16/1993,1993,5,16,,22.3,,11.6,,17,,1,,0,,0,,0,,0,,0,,10,,37,
5/17/1993,1993,5,17,,,,,,,,,,,,,,,,,,,,,,,
5/18/1993,1993,5,18,,19.9,,7.6,,13.8,,4.2,,0,,0,,0,,0,,0,,,M,<31,
5/19/1993,1993,5,19,,,,,,,,,,,,,,,,,,,,,,,
5/20/1993,1993,5,20,,15.4,,5.1,,10.3,,7.7,,0,,0.8,,0,,0.8,,0,,11,,44,
5/21/1993,1993,5,21,,6.2,,2.1,,4.2,,13.8,,0,,0.6,,0.2,,0.8,,0,,9,,37,
5/22/1993,1993,5,22,,11.8,,1.5,,6.7,,11.3,,0,,0.2,,0,,0.2,,0,,,M,<31,
5/23/1993,1993,5,23,,,,,,,,,,,,,,,,,,,,,,,
5/24/1993,1993,5,24,,19.3,,3.6,,11.5,,6.5,,0,,0,,0,,0,,0,,10,,37,
5/25/1993,1993,5,25,,18.4,,5,,11.7,,6.3,,0,,0,T,0,,0,T,0,,,M,<31,
5/26/1993,1993,5,26,,22.8,,7.7,,15.3,,2.7,,0,,0,,0,,0,,0,,,M,<31,
5/27/1993,1993,5,27,,,,,,,,,,,,,,,,,,,,,,,
5/28/1993,1993,5,28,,,,,,,,,,,,,,,,,,,,,,,
5/29/1993,1993,5,29,,19,,11.1,,15.1,,2.9,,0,,0,,0,,0,,0,,6,,32,
5/30/1993,1993,5,30,,12.9,,9.3,,11.1,,6.9,,0,,0,,0,,0,,0,,,M,<31,
5/31/1993,1993,5,31,,11.5,,7.7,,9.6,,8.4,,0,,1,,0,,1,,0,,,M,<31,
6/1/1993,1993,6,1,,20.4,,8.9,,14.7,,3.3,,0,,0,,0,,0,,0,,,M,<31,
6/2/1993,1993,6,2,,19.8,,9.5,,14.7,,3.3,,0,,0,T,0,,0,T,0,,,M,<31,
6/3/1993,1993,6,3,,23.9,,5.3,,14.6,,3.4,,0,,0,,0,,0,,0,,,M,,
6/4/1993,1993,6,4,,,,,,,,,,,,,,,,,,,,,,,
6/5/1993,1993,6,5,,,,,,,,,,,,,,,,,,,,,,,
6/6/1993,1993,6,6,,21,,9.1,,15.1,,2.9,,0,,1.8,,0,,1.8,,0,,18,,41,
6/7/1993,1993,6,7,,,,,,,,,,,,,,,,,,,,,,,
6/8/1993,1993,6,8,,,,,,,,,,,,,,,,,,,,,,,
6/9/1993,1993,6,9,,20.2,,0.3,,10.3,,7.7,,0,,0,,0,,0,,0,,12,,33,
6/10/1993,1993,6,10,,16.6,,10.8,,13.7,,4.3,,0,,0,,0,,0,,0,,9,,35,
6/11/1993,1993,6,11,,20.3,,4,,12.2,,5.8,,0,,0,,0,,0,,0,,,M,<31,
6/12/1993,1993,6,12,,,,,,,,,,,,,,,,,,,,,,,
6/13/1993,1993,6,13,,15.6,,9.5,,12.6,,5.4,,0,,3.2,,0,,3.2,,0,,,M,<31,
6/14/1993,1993,6,14,,,,,,,,,,,,,,,,,,,,,,,
6/15/1993,1993,6,15,,,,,,,,,,,,,,,,,,,,,,,
6/16/1993,1993,6,16,,18.5,,6.9,,12.7,,5.3,,0,,0,T,0,,0,T,0,,,M,<31,
6/17/1993,1993,6,17,,,,,,,,,,,,,,,,,,,,,,,
6/18/1993,1993,6,18,,19.6,,9.6,,14.6,,3.4,,0,,0,,0,,0,,0,,26,,37,
6/19/1993,1993,6,19,,14.5,,6.2,,10.4,,7.6,,0,,0.4,,0,,0.4,,0,,28,,33,
6/20/1993,1993,6,20,,15,,8.1,,11.6,,6.4,,0,,10.4,,0,,10.4,,0,,31,,32,
6/21/1993,1993,6,21,,16.9,,7.7,,12.3,,5.7,,0,,4.2,,0,,4.2,,0,,,M,<31,
6/22/1993,1993,6,22,,15.3,,2.7,,9,,9,,0,,0,,0,,0,,0,,,M,<31,
6/23/1993,1993,6,23,,17.2,,9.2,,13.2,,4.8,,0,,0,,0,,0,,0,,,M,<31,
6/24/1993,1993,6,24,,21.1,,4.5,,12.8,,5.2,,0,,0,T,0,,0,T,0,,22,,32,
6/25/1993,1993,6,25,,19.5,,3.6,,11.6,,6.4,,0,,0,,0,,0,,0,,,M,<31,
6/26/1993,1993,6,26,,19.8,,10.6,,15.2,,2.8,,0,,0.2,,0,,0.2,,0,,18,,41,
6/27/1993,1993,6,27,,21.1,,7.7,,14.4,,3.6,,0,,0,T,0,,0,T,0,,9,,56,
6/28/1993,1993,6,28,,,,,,,,,,,,,,,,,,,,,,,
6/29/1993,1993,6,29,,,,,,,,,,,,,,,,,,,,,,,
6/30/1993,1993,6,30,,21.4,,8.7,,15.1,,2.9,,0,,8.4,,0,,8.4,,0,,,,,
7/1/1993,1993,7,1,,16.9,,9.2,,13.1,,4.9,,0,,2.2,,0,,2.2,,0,,,M,<31,
7/2/1993,1993,7,2,,20.5,,9.4,,15,,3,,0,,0,,0,,0,,0,,,M,<31,
7/3/1993,1993,7,3,,19.4,,10.2,,14.8,,3.2,,0,,1.4,,0,,1.4,,0,,,M,<31,
7/4/1993,1993,7,4,,20.5,,9.4,,15,,3,,0,,0,,0,,0,,0,,30,,32,
7/5/1993,1993,7,5,,21.7,,7.5,,14.6,,3.4,,0,,0,,0,,0,,0,,,M,<31,
7/6/1993,1993,7,6,,21,,9.2,,15.1,,2.9,,0,,0,,0,,0,,0,,,M,<31,
7/7/1993,1993,7,7,,,,,,,,,,,,,,,,,,,,,,,
7/8/1993,1993,7,8,,,,,,,,,,,,,,,,,,,,,,,
7/9/1993,1993,7,9,,21.4,,8.5,,15,,3,,0,,0,,0,,0,,0,,7,,39,
7/10/1993,1993,7,10,,22.1,,9.8,,16,,2,,0,,6,,0,,6,,0,,7,,52,
7/11/1993,1993,7,11,,,,,,,,,,,,,,,,,,,,,,,
7/12/1993,1993,7,12,,,,,,,,,,,,,,,,,,,,,,,
7/13/1993,1993,7,13,,19.3,,5.2,,12.3,,5.7,,0,,4.8,,0,,4.8,,0,,,,,
7/14/1993,1993,7,14,,16.8,,8.4,,12.6,,5.4,,0,,3.2,,0,,3.2,,0,,4,,56,
7/15/1993,1993,7,15,,19.1,,6.1,,12.6,,5.4,,0,,0,,0,,0,,0,,,M,<31,
7/16/1993,1993,7,16,,,,,,,,,,,,,,,,,,,,,,,
7/17/1993,1993,7,17,,,,,,,,,,,,,,,,,,,,,,,
7/18/1993,1993,7,18,,17.5,,6.6,,12.1,,5.9,,0,,0.2,,0,,0.2,,0,,,M,<31,
7/19/1993,1993,7,19,,20.8,,5,,12.9,,5.1,,0,,0.8,,0,,0.8,,0,,32,,39,
7/20/1993,1993,7,20,,,,,,,,,,,,,,,,,,,,,,,
7/21/1993,1993,7,21,,19.3,,8.8,,14.1,,3.9,,0,,3.6,,0,,3.6,,0,,29,,46,
7/22/1993,1993,7,22,,17.4,,9.1,,13.3,,4.7,,0,,6.6,,0,,6.6,,0,,,M,<31,
7/23/1993,1993,7,23,,16.2,,10.9,,13.6,,4.4,,0,,3.2,,0,,3.2,,0,,,M,<31,
7/24/1993,1993,7,24,,19.5,,8,,13.8,,4.2,,0,,1.6,,0,,1.6,,0,,31,,48,
7/25/1993,1993,7,25,,23.1,,6.1,,14.6,,3.4,,0,,0,,0,,0,,0,,,M,<31,
7/26/1993,1993,7,26,,24,,10.4,,17.2,,0.8,,0,,0,,0,,0,,0,,,M,<31,
7/27/1993,1993,7,27,,23.9,,13.4,,18.7,,0,,0.7,,1,,0,,1,,0,,,M,<31,
7/28/1993,1993,7,28,,,,,,,,,,,,,,,,,,,,,,,
7/29/1993,1993,7,29,,17.9,,10.8,,14.4,,3.6,,0,,0,,0,,0,,0,,,M,<31,
7/30/1993,1993,7,30,,25.4,,6.3,,15.9,,2.1,,0,,0,,0,,0,,0,,29,,46,
7/31/1993,1993,7,31,,21.8,,7.8,,14.8,,3.2,,0,,0,T,0,,0,T,0,,24,,44,
8/1/1993,1993,8,1,,24.2,E,15.3,E,19.8,E,0,E,1.8,E,,M,,M,0,T,,,,M,,M
8/2/1993,1993,8,2,,,,,,,,,,,,,,,,,,,,,,,
8/3/1993,1993,8,3,,27,E,9.2,E,18.1,E,0,E,0.1,E,,M,,M,0,E,,,,M,,M
8/4/1993,1993,8,4,,26.6,,5.1,E,15.9,E,2.1,E,0,E,,M,,M,0,,,,,M,,M
8/5/1993,1993,8,5,,,,,,,,,,,,,,,,,,,,,,,
8/6/1993,1993,8,6,,,,,,,,,,,,,,,,,,,,,,,
8/7/1993,1993,8,7,,,,,,,,,,,,,,,,,,,,,,,
8/8/1993,1993,8,8,,,,,,,,,,,,,,,,,,,,,,,
8/9/1993,1993,8,9,,,,,,,,,,,,,,,,,,,,,,,
8/10/1993,1993,8,10,,,,,,,,,,,,,,,,,,,,,,,
8/11/1993,1993,8,11,,,,,,,,,,,,,,,,,,,,,,,
8/12/1993,1993,8,12,,,,,,,,,,,,,,,,,,,,,,,
8/13/1993,1993,8,13,,20,,6.3,E,13.2,E,4.8,E,0,E,,M,,M,0,,,,,M,,M
8/14/1993,1993,8,14,,22.8,,4.8,E,13.8,E,4.2,E,0,E,,M,,M,0,,,,,M,,M
8/15/1993,1993,8,15,,,,,,,,,,,,,,,,,,,,,,,
8/16/1993,1993,8,16,,21.8,,4.3,E,13.1,E,4.9,E,0,E,,M,,M,0,,,,,M,,M
8/17/1993,1993,8,17,,,,,,,,,,,,,,,,,,,,,,,
8/18/1993,1993,8,18,,,,,,,,,,,,,,,,,,,,,,,
8/19/1993,1993,8,19,,23.4,,1.2,E,12.3,E,5.7,E,0,E,,M,,M,0,,,,,M,,M
8/20/1993,1993,8,20,,24.6,,1.9,E,13.3,E,4.7,E,0,E,,M,,M,0,,,,,M,,M
8/21/1993,1993,8,21,,22.1,,4.5,E,13.3,E,4.7,E,0,E,,M,,M,0,,,,,M,,M
8/22/1993,1993,8,22,,,,,,,,,,,,,,,,,,,,,,,
8/23/1993,1993,8,23,,18.8,,3.3,E,11.1,E,6.9,E,0,E,,M,,M,0.8,E,,,,M,,M
8/24/1993,1993,8,24,,16.9,,9.8,E,13.4,E,4.6,E,0,E,,M,,M,3.8,E,,,,M,,M
8/25/1993,1993,8,25,,,,,,,,,,,,,,,,,,,,,,,
8/26/1993,1993,8,26,,17.8,,-0.5,E,8.7,E,9.3,E,0,E,,M,,M,0,,,,,M,,M
8/27/1993,1993,8,27,,,,,,,,,,,,,,,,,,,,,,,
8/28/1993,1993,8,28,,18.9,,2.6,E,10.8,E,7.2,E,0,E,,M,,M,0,,,,,M,,M
8/29/1993,1993,8,29,,21.7,,0.4,E,11.1,E,6.9,E,0,E,,M,,M,0,,,,,M,,M
8/30/1993,1993,8,30,,,,,,,,,,,,,,,,,,,,,,,
8/31/1993,1993,8,31,,,,,,,,,,,,,,,,,,,,,,,
9/1/1993,1993,9,1,,22.8,,5.1,,14,,4,,0,,0,,0,,0,,0,,,,,
9/2/1993,1993,9,2,,22.3,,7.2,,14.8,,3.2,,0,,0,,0,,0,,0,,,,,
9/3/1993,1993,9,3,,20.5,,5.6,,13.1,,4.9,,0,,0,,0,,0,,0,,,,,
9/4/1993,1993,9,4,,21.6,,2.3,,12,,6,,0,,0,,0,,0,,0,,,,,
9/5/1993,1993,9,5,,22.1,,3.3,,12.7,,5.3,,0,,0,,0,,0,,0,,,,,
9/6/1993,1993,9,6,,22.2,,2.3,,12.3,,5.7,,0,,0,,0,,0,,0,,,,,
9/7/1993,1993,9,7,,18.1,,10,,14.1,,3.9,,0,,9.2,,0,,9.2,,0,,,,,
9/8/1993,1993,9,8,,19.1,,6.1,,12.6,,5.4,,0,,0,,0,,0,,0,,,,,
9/9/1993,1993,9,9,,12,,4.2,,8.1,,9.9,,0,,0.4,,0,,0.4,,0,,,,,
9/10/1993,1993,9,10,,8.8,,2.7,,5.8,,12.2,,0,,4.8,,0,,4.8,,0,,,,,
9/11/1993,1993,9,11,,11.5,,5.8,,8.7,,9.3,,0,,0.4,,0,,0.4,,0,,,,,
9/12/1993,1993,9,12,,11.8,,1.2,,6.5,,11.5,,0,,3.6,,0,,3.6,,0,,,,,
9/13/1993,1993,9,13,,12.4,,7.6,,10,,8,,0,,1.6,,0,,1.6,,0,,,,,
9/14/1993,1993,9,14,,15.8,,0.8,,8.3,,9.7,,0,,0,,0,,0,,0,,,,,
9/15/1993,1993,9,15,,17.1,,0.5,,8.8,,9.2,,0,,0,,0,,0,,0,,,,,
9/16/1993,1993,9,16,,18.1,,0,,9.1,,8.9,,0,,0,,0,,0,,0,,,,,
9/17/1993,1993,9,17,,14.1,,3,,8.6,,9.4,,0,,1.2,,0,,1.2,,0,,,,,
9/18/1993,1993,9,18,,6.7,,-0.5,,3.1,,14.9,,0,,0,,0,,0,,0,,,,,
9/19/1993,1993,9,19,,10.7,,-6.7,,2,,16,,0,,0,,0,,0,,0,,,,,
9/20/1993,1993,9,20,,9.9,,-2.3,,3.8,,14.2,,0,,0,,0,,0,,0,,,,,
9/21/1993,1993,9,21,,14.2,,-0.4,,6.9,,11.1,,0,,0.2,,0,,0.2,,0,,,,,
9/22/1993,1993,9,22,,9.6,,5.6,,7.6,,10.4,,0,,28.4,,0.2,,28.6,,0,,,,,
9/23/1993,1993,9,23,,5.6,,0.3,,3,,15,,0,,0,,0,,0,,0,,,,,
9/24/1993,1993,9,24,,5.9,,2.7,,4.3,,13.7,,0,,0.2,,0,,0.2,,0,,,,,
9/25/1993,1993,9,25,,7,,-1,,3,,15,,0,,3.6,,0,,3.6,,0,,,,,
9/26/1993,1993,9,26,,13.5,,0.2,,6.9,,11.1,,0,,0,,0,,0,,0,,,,,
9/27/1993,1993,9,27,,5.3,,1.9,,3.6,,14.4,,0,,0,,0,,0,,0,,,,,
9/28/1993,1993,9,28,,12.2,,-1.4,,5.4,,12.6,,0,,3.8,,0,,3.8,,0,,,,,
9/29/1993,1993,9,29,,11.8,,5.7,,8.8,,9.2,,0,,0,,0,,0,,0,,,,,
9/30/1993,1993,9,30,,9.1,,-1.8,,3.7,,14.3,,0,,3,,0,,3,,0,,,,,
10/1/1993,1993,10,1,,17,,2.7,,9.9,,8.1,,0,,0,,0,,0,,0,,,,,
10/2/1993,1993,10,2,,14.6,,8.8,,11.7,,6.3,,0,,1.8,,0,,1.8,,0,,,,,
10/3/1993,1993,10,3,,7.7,,3.3,,5.5,,12.5,,0,,0,T,0,,0,T,0,,,,,
10/4/1993,1993,10,4,,5.8,,0.9,,3.4,,14.6,,0,,9.4,,0,,9.4,,0,,,,,
10/5/1993,1993,10,5,,2.2,,0.5,,1.4,,16.6,,0,,0,,0,,0,,0,,,,,
10/6/1993,1993,10,6,,-0.1,,-3.6,,-1.9,,19.9,,0,,0,,0,,0,,0,,,,,
10/7/1993,1993,10,7,,5.1,,-5.8,,-0.4,,18.4,,0,,0,,0,,0,,0,,,,,
10/8/1993,1993,10,8,,7.2,,-6.6,,0.3,,17.7,,0,,0.2,,0,,0.2,,0,,,,,
10/9/1993,1993,10,9,,12.1,,-3.6,,4.3,,13.7,,0,,0,T,0,,0,T,0,,,,,
10/10/1993,1993,10,10,,9.2,,-3,,3.1,,14.9,,0,,0,,0,,0,,0,,,,,
10/11/1993,1993,10,11,,11.1,,-3.8,,3.7,,14.3,,0,,0,,0,,0,,0,,,,,
10/12/1993,1993,10,12,,8,,-3.2,,2.4,,15.6,,0,,0,,0,,0,,0,,,,,
10/13/1993,1993,10,13,,8.8,,-0.4,,4.2,,13.8,,0,,0,T,0,,0,T,0,,,,,
10/14/1993,1993,10,14,,5.7,,1.8,,3.8,,14.2,,0,,0,,0,,0,,0,,,,,
10/15/1993,1993,10,15,,5.5,,-3,,1.3,,16.7,,0,,0,,0,,0,,0,,,,,
10/16/1993,1993,10,16,,5.5,,-2.2,,1.7,,16.3,,0,,3.2,,0,,3.2,,0,,,,,
10/17/1993,1993,10,17,,8.9,,-2.2,,3.4,,14.6,,0,,0,,0,,0,,0,,,,,
10/18/1993,1993,10,18,,,M,-1,,,M,,M,,M,,M,,M,,M,0,,,,,
10/19/1993,1993,10,19,,,M,,M,,M,,M,,M,,M,,M,,M,,M,,,,
10/20/1993,1993,10,20,,,M,,M,,M,,M,,M,,M,,M,,M,,M,,,,
10/21/1993,1993,10,21,,,M,,M,,M,,M,,M,,M,,M,,M,,M,,,,
10/22/1993,1993,10,22,,,M,,M,,M,,M,,M,,M,,M,,M,,M,,,,
10/23/1993,1993,10,23,,,M,,M,,M,,M,,M,,M,,M,,M,,M,,,,
10/24/1993,1993,10,24,,,M,,M,,M,,M,,M,,M,,M,,M,,M,,,,
10/25/1993,1993,10,25,,,M,,M,,M,,M,,M,,M,,M,,M,,M,,,,
10/26/1993,1993,10,26,,,M,,M,,M,,M,,M,,M,,M,,M,,M,,,,
10/27/1993,1993,10,27,,,M,,M,,M,,M,,M,,M,,M,,M,,M,,,,
10/28/1993,1993,10,28,,,M,,M,,M,,M,,M,,M,,M,,M,,M,,,,
10/29/1993,1993,10,29,,,M,,M,,M,,M,,M,,M,,M,,M,,M,,,,
10/30/1993,1993,10,30,,,M,,M,,M,,M,,M,,M,,M,,M,,M,,,,
10/31/1993,1993,10,31,,,M,,M,,M,,M,,M,,M,,M,,M,,M,,,,
11/1/1993,1993,11,1,,,,,,,,,,,,,,,,,,,,,,,
11/2/1993,1993,11,2,,,,,,,,,,,,,,,,,,,,,,,
11/3/1993,1993,11,3,,,,,,,,,,,,,,,,,,,,,,,
11/4/1993,1993,11,4,,,,,,,,,,,,,,,,,,,,,,,
11/5/1993,1993,11,5,,,,,,,,,,,,,,,,,,,,,,,
11/6/1993,1993,11,6,,,,,,,,,,,,,,,,,,,,,,,
11/7/1993,1993,11,7,,,,,,,,,,,,,,,,,,,,,,,
11/8/1993,1993,11,8,,,,,,,,,,,,,,,,,,,,,,,
11/9/1993,1993,11,9,,,,,,,,,,,,,,,,,,,,,,,
11/10/1993,1993,11,10,,,,,,,,,,,,,,,,,,,,,,,
11/11/1993,1993,11,11,,-0.4,,-12.3,,-6.4,,24.4,,0,,,M,,M,,M,,,,,<31,
11/12/1993,1993,11,12,,-0.4,,-12,,-6.2,,24.2,,0,,,M,,M,,M,,,,,<31,
11/13/1993,1993,11,13,,,,,,,,,,,,,,,,,,,,,,,
11/14/1993,1993,11,14,,,,,,,,,,,,,,,,,,,,,,,
11/15/1993,1993,11,15,,,,,,,,,,,,,,,,,,,,,,,
11/16/1993,1993,11,16,,,,,,,,,,,,,,,,,,,,,,,
11/17/1993,1993,11,17,,,,,,,,,,,,,,,,,,,,,,,
11/18/1993,1993,11,18,,,,,,,,,,,,,,,,,,,,,,,
11/19/1993,1993,11,19,,,,,,,,,,,,,,,,,,,,,,,
11/20/1993,1993,11,20,,-9.1,,-29,,-19.1,,37.1,,0,,,M,,M,,M,,,,,<31,
11/21/1993,1993,11,21,,,,,,,,,,,,,,,,,,,,,,,
11/22/1993,1993,11,22,,,,,,,,,,,,,,,,,,,,,,,
11/23/1993,1993,11,23,,,,,,,,,,,,,,,,,,,,,,,
11/24/1993,1993,11,24,,,,,,,,,,,,,,,,,,,,,,,
11/25/1993,1993,11,25,,3.7,,-7.7,,-2,,20,,0,,,M,,M,,M,,,,,<31,
11/26/1993,1993,11,26,,3.3,,-10.5,,-3.6,,21.6,,0,,,M,,M,,M,,,,,<31,
11/27/1993,1993,11,27,,,,,,,,,,,,,,,,,,,,,,,
11/28/1993,1993,11,28,,,,,,,,,,,,,,,,,,,,,,,
11/29/1993,1993,11,29,,,,,,,,,,,,,,,,,,,,,,,
11/30/1993,1993,11,30,,,,,,,,,,,,,,,,,,,,,,,
12/1/1993,1993,12,1,,,,,,,,,,,,,,,,,,,,,,,
12/2/1993,1993,12,2,,,,,,,,,,,,,,,,,,,,,,,
12/3/1993,1993,12,3,,,,,,,,,,,,,,,,,,,,,,,
12/4/1993,1993,12,4,,,,,,,,,,,,,,,,,,,,,,,
12/5/1993,1993,12,5,,,,,,,,,,,,,,,,,,,,,,,
12/6/1993,1993,12,6,,,,,,,,,,,,,,,,,,,,,,,
12/7/1993,1993,12,7,,,,,,,,,,,,,,,,,,,,,,,
12/8/1993,1993,12,8,,,,,,,,,,,,,,,,,,,,,,,
12/9/1993,1993,12,9,,,,,,,,,,,,,,,,,,,,,,,
12/10/1993,1993,12,10,,,,,,,,,,,,,,,,,,,,,,,
12/11/1993,1993,12,11,,,,,,,,,,,,,,,,,,,,,,,
12/12/1993,1993,12,12,,,,,,,,,,,,,,,,,,,,,,,
12/13/1993,1993,12,13,,,,,,,,,,,,,,,,,,,,,,,
12/14/1993,1993,12,14,,,,,,,,,,,,,,,,,,,,,,,
12/15/1993,1993,12,15,,,,,,,,,,,,,,,,,,,,,,,
12/16/1993,1993,12,16,,,,,,,,,,,,,,,,,,,,,,,
12/17/1993,1993,12,17,,,,,,,,,,,,,,,,,,,,,,,
12/18/1993,1993,12,18,,,,,,,,,,,,,,,,,,,,,,,
12/19/1993,1993,12,19,,,,,,,,,,,,,,,,,,,,,,,
12/20/1993,1993,12,20,,,,,,,,,,,,,,,,,,,,,,,
12/21/1993,1993,12,21,,,,,,,,,,,,,,,,,,,,,,,
12/22/1993,1993,12,22,,,,,,,,,,,,,,,,,,,,,,,
12/23/1993,1993,12,23,,,,,,,,,,,,,,,,,,,,,,,
12/24/1993,1993,12,24,,,,,,,,,,,,,,,,,,,,,,,
12/25/1993,1993,12,25,,0.8,,-9,,-4.1,,22.1,,0,,,M,,M,,M,,,,,<31,
12/26/1993,1993,12,26,,,,,,,,,,,,,,,,,,,,,,,
12/27/1993,1993,12,27,,,,,,,,,,,,,,,,,,,,,,,
12/28/1993,1993,12,28,,,,,,,,,,,,,,,,,,,,,,,
12/29/1993,1993,12,29,,,,,,,,,,,,,,,,,,,,,,,
12/30/1993,1993,12,30,,,,,,,,,,,,,,,,,,,,,,,
12/31/1993,1993,12,31,,,,,,,,,,,,,,,,,,,,,,,
1/1/1994,1994,1,1,,,,,,,,,,,,,,,,,,,,,,,
1/2/1994,1994,1,2,,,,,,,,,,,,,,,,,,,,,,,
1/3/1994,1994,1,3,,,,,,,,,,,,,,,,,,,,,,,
1/4/1994,1994,1,4,,,,,,,,,,,,,,,,,,,,,,,
1/5/1994,1994,1,5,,,,,,,,,,,,,,,,,,,,,,,
1/6/1994,1994,1,6,,,,,,,,,,,,,,,,,,,,,,,
1/7/1994,1994,1,7,,,,,,,,,,,,,,,,,,,,,,,
1/8/1994,1994,1,8,,,,,,,,,,,,,,,,,,,,,,,
1/9/1994,1994,1,9,,,,,,,,,,,,,,,,,,,,,,,
1/10/1994,1994,1,10,,,,,,,,,,,,,,,,,,,,,,,
1/11/1994,1994,1,11,,,,,,,,,,,,,,,,,,,,,,,
1/12/1994,1994,1,12,,,,,,,,,,,,,,,,,,,,,,,
1/13/1994,1994,1,13,,,,,,,,,,,,,,,,,,,,,,,
1/14/1994,1994,1,14,,,,,,,,,,,,,,,,,,,,,,,
1/15/1994,1994,1,15,,,,,,,,,,,,,,,,,,,,,,,
1/16/1994,1994,1,16,,,,,,,,,,,,,,,,,,,,,,,
1/17/1994,1994,1,17,,,,,,,,,,,,,,,,,,,,,,,
1/18/1994,1994,1,18,,,,,,,,,,,,,,,,,,,,,,,
1/19/1994,1994,1,19,,,,,,,,,,,,,,,,,,,,,,,
1/20/1994,1994,1,20,,,,,,,,,,,,,,,,,,,,,,,
1/21/1994,1994,1,21,,-16.4,,-24.1,,-20.3,,38.3,,0,,,M,,M,,M,,,,,<31,
1/22/1994,1994,1,22,,,,,,,,,,,,,,,,,,,,,,,
1/23/1994,1994,1,23,,,,,,,,,,,,,,,,,,,,,,,
1/24/1994,1994,1,24,,,,,,,,,,,,,,,,,,,,,,,
1/25/1994,1994,1,25,,,,,,,,,,,,,,,,,,,,,,,
1/26/1994,1994,1,26,,,,,,,,,,,,,,,,,,,,,,,
1/27/1994,1994,1,27,,,,,,,,,,,,,,,,,,,,,,,
1/28/1994,1994,1,28,,,,,,,,,,,,,,,,,,,,,,,
1/29/1994,1994,1,29,,,,,,,,,,,,,,,,,,,,,,,
1/30/1994,1994,1,30,,,,,,,,,,,,,,,,,,,,,,,
1/31/1994,1994,1,31,,,,,,,,,,,,,,,,,,,,,,,
2/1/1994,1994,2,1,,,,,,,,,,,,,,,,,,,,,,,
2/2/1994,1994,2,2,,,,,,,,,,,,,,,,,,,,,,,
2/3/1994,1994,2,3,,,,,,,,,,,,,,,,,,,,,,,
2/4/1994,1994,2,4,,,,,,,,,,,,,,,,,,,,,,,
2/5/1994,1994,2,5,,-7.5,,-22,,-14.8,,32.8,,0,,,M,,M,2.7,,,,,,<31,
2/6/1994,1994,2,6,,,,,,,,,,,,,,,,,,,,,,,
2/7/1994,1994,2,7,,,,,,,,,,,,,,,,,,,,,,,
2/8/1994,1994,2,8,,,,,,,,,,,,,,,,,,,,,,,
2/9/1994,1994,2,9,,,,,,,,,,,,,,,,,,,,,,,
2/10/1994,1994,2,10,,,,,,,,,,,,,,,,,,,,,,,
2/11/1994,1994,2,11,,,,,,,,,,,,,,,,,,,,,,,
2/12/1994,1994,2,12,,,,,,,,,,,,,,,,,,,,,,,
2/13/1994,1994,2,13,,,,,,,,,,,,,,,,,,,,,,,
2/14/1994,1994,2,14,,,,,,,,,,,,,,,,,,,,,,,
2/15/1994,1994,2,15,,,,,,,,,,,,,,,,,,,,,,,
2/16/1994,1994,2,16,,,,,,,,,,,,,,,,,,,,,,,
2/17/1994,1994,2,17,,,,,,,,,,,,,,,,,,,,,,,
2/18/1994,1994,2,18,,-20.4,,-24.6,,-22.5,,40.5,,0,,,M,,M,0.4,,,,,,<31,
2/19/1994,1994,2,19,,,,,,,,,,,,,,,,,,,,,,,
2/20/1994,1994,2,20,,-26.5,,-29.6,,-28.1,,46.1,,0,,,M,,M,0.4,,,,,,<31,
2/21/1994,1994,2,21,,,,,,,,,,,,,,,,,,,,,,,
2/22/1994,1994,2,22,,,,,,,,,,,,,,,,,,,,,,,
2/23/1994,1994,2,23,,,,,,,,,,,,,,,,,,,,,,,
2/24/1994,1994,2,24,,,,,,,,,,,,,,,,,,,,,,,
2/25/1994,1994,2,25,,,,,,,,,,,,,,,,,,,,,,,
2/26/1994,1994,2,26,,,,,,,,,,,,,,,,,,,,,,,
2/27/1994,1994,2,27,,,,,,,,,,,,,,,,,,,,,,,
2/28/1994,1994,2,28,,,,,,,,,,,,,,,,,,,,,,,
3/1/1994,1994,3,1,,,,,,,,,,,,,,,,,,,,,,,
3/2/1994,1994,3,2,,,,,,,,,,,,,,,,,,,,,,,
3/3/1994,1994,3,3,,,,,,,,,,,,,,,,,,,,,,,
3/4/1994,1994,3,4,,,,,,,,,,,,,,,,,,,,,,,
3/5/1994,1994,3,5,,,,,,,,,,,,,,,,,,,,,,,
3/6/1994,1994,3,6,,,,,,,,,,,,,,,,,,,,,,,
3/7/1994,1994,3,7,,,,,,,,,,,,,,,,,,,,,,,
3/8/1994,1994,3,8,,,,,,,,,,,,,,,,,,,,,,,
3/9/1994,1994,3,9,,,,,,,,,,,,,,,,,,,,,,,
3/10/1994,1994,3,10,,,,,,,,,,,,,,,,,,,,,,,
3/11/1994,1994,3,11,,,,,,,,,,,,,,,,,,,,,,,
3/12/1994,1994,3,12,,,,,,,,,,,,,,,,,,,,,,,
3/13/1994,1994,3,13,,,,,,,,,,,,,,,,,,,,,,,
3/14/1994,1994,3,14,,,,,,,,,,,,,,,,,,,,,,,
3/15/1994,1994,3,15,,,,,,,,,,,,,,,,,,,,,,,
3/16/1994,1994,3,16,,,,,,,,,,,,,,,,,,,,,,,
3/17/1994,1994,3,17,,-0.8,,-11.7,,-6.3,,24.3,,0,,,M,,M,0.5,,,,,,<31,
3/18/1994,1994,3,18,,,,,,,,,,,,,,,,,,,,,,,
3/19/1994,1994,3,19,,,,,,,,,,,,,,,,,,,,,,,
3/20/1994,1994,3,20,,,,,,,,,,,,,,,,,,,,,,,
3/21/1994,1994,3,21,,,,,,,,,,,,,,,,,,,,,,,
3/22/1994,1994,3,22,,,,,,,,,,,,,,,,,,,,,,,
3/23/1994,1994,3,23,,,,,,,,,,,,,,,,,,,,,,,
3/24/1994,1994,3,24,,,,,,,,,,,,,,,,,,,,,,,
3/25/1994,1994,3,25,,,,,,,,,,,,,,,,,,,,,,,
3/26/1994,1994,3,26,,,,,,,,,,,,,,,,,,,,,,,
3/27/1994,1994,3,27,,,,,,,,,,,,,,,,,,,,,,,
3/28/1994,1994,3,28,,,,,,,,,,,,,,,,,,,,,,,
3/29/1994,1994,3,29,,,,,,,,,,,,,,,,,,,,,,,
3/30/1994,1994,3,30,,,,,,,,,,,,,,,,,,,,,,,
3/31/1994,1994,3,31,,,,,,,,,,,,,,,,,,,,,,,
4/1/1994,1994,4,1,,,,,,,,,,,,,,,,,,,,,,,
4/2/1994,1994,4,2,,,,,,,,,,,,,,,,,,,,,,,
4/3/1994,1994,4,3,,,,,,,,,,,,,,,,,,,,,,,
4/4/1994,1994,4,4,,,,,,,,,,,,,,,,,,,,,,,
4/5/1994,1994,4,5,,,,,,,,,,,,,,,,,,,,,,,
4/6/1994,1994,4,6,,,,,,,,,,,,,,,,,,,,,,,
4/7/1994,1994,4,7,,,,,,,,,,,,,,,,,,,,,,,
4/8/1994,1994,4,8,,,,,,,,,,,,,,,,,,,,,,,
4/9/1994,1994,4,9,,,,,,,,,,,,,,,,,,,,,,,
4/10/1994,1994,4,10,,,,,,,,,,,,,,,,,,,,,,,
4/11/1994,1994,4,11,,,,,,,,,,,,,,,,,,,,,,,
4/12/1994,1994,4,12,,,,,,,,,,,,,,,,,,,,,,,
4/13/1994,1994,4,13,,,,,,,,,,,,,,,,,,,,,,,
4/14/1994,1994,4,14,,2.9,E,-2.8,E,0.1,E,17.9,E,0,E,,M,,M,12.6,E,,,,M,,M
4/15/1994,1994,4,15,,,,,,,,,,,,,,,,,,,,,,,
4/16/1994,1994,4,16,,,,,,,,,,,,,,,,,,,,,,,
4/17/1994,1994,4,17,,,,,,,,,,,,,,,,,,,,,,,
4/18/1994,1994,4,18,,,,,,,,,,,,,,,,,,,,,,,
4/19/1994,1994,4,19,,,,,,,,,,,,,,,,,,,,,,,
4/20/1994,1994,4,20,,,,,,,,,,,,,,,,,,,,,,,
4/21/1994,1994,4,21,,,,,,,,,,,,,,,,,,,,,,,
4/22/1994,1994,4,22,,,,,,,,,,,,,,,,,,,,,,,
4/23/1994,1994,4,23,,,,,,,,,,,,,,,,,,,,,,,
4/24/1994,1994,4,24,,10.3,,0.7,,5.5,,12.5,,0,,,M,,M,0.6,,,,,,<31,
4/25/1994,1994,4,25,,,,,,,,,,,,,,,,,,,,,,,
4/26/1994,1994,4,26,,,,,,,,,,,,,,,,,,,,,,,
4/27/1994,1994,4,27,,,,,,,,,,,,,,,,,,,,,,,
4/28/1994,1994,4,28,,,,,,,,,,,,,,,,,,,,,,,
4/29/1994,1994,4,29,,16.6,,0.7,,8.7,,9.3,,0,,,M,,M,,M,,,,,<31,
4/30/1994,1994,4,30,,10.9,,4.3,,7.6,,10.4,,0,,,M,,M,1.2,,,,,,<31,
5/1/1994,1994,5,1,,,,,,,,,,,,,,,,,,,,,,,
5/2/1994,1994,5,2,,,,,,,,,,,,,,,,,,,,,,,
5/3/1994,1994,5,3,,12.7,,1.2,,7,,11,,0,,,M,,M,,M,,,,,<31,
5/4/1994,1994,5,4,,,,,,,,,,,,,,,,,,,,,,,
5/5/1994,1994,5,5,,,,,,,,,,,,,,,,,,,,,,,
5/6/1994,1994,5,6,,11.1,,3.3,,7.2,,10.8,,0,,,M,,M,,M,,,,,<31,
5/7/1994,1994,5,7,,,,,,,,,,,,,,,,,,,,,,,
5/8/1994,1994,5,8,,,,,,,,,,,,,,,,,,,,,,,
5/9/1994,1994,5,9,,,,,,,,,,,,,,,,,,,,,,,
5/10/1994,1994,5,10,,,,,,,,,,,,,,,,,,,,,,,
5/11/1994,1994,5,11,,,,,,,,,,,,,,,,,,,,,,,
5/12/1994,1994,5,12,,,,,,,,,,,,,,,,,,,,,,,
5/13/1994,1994,5,13,,,,,,,,,,,,,,,,,,,,,,,
5/14/1994,1994,5,14,,,,,,,,,,,,,,,,,,,,,,,
5/15/1994,1994,5,15,,,,,,,,,,,,,,,,,,,,,,,
5/16/1994,1994,5,16,,,,,,,,,,,,,,,,,,,,,,,
5/17/1994,1994,5,17,,,,,,,,,,,,,,,,,,,,,,,
5/18/1994,1994,5,18,,,,,,,,,,,,,,,,,,,,,,,
5/19/1994,1994,5,19,,,,,,,,,,,,,,,,,,,,,,,
5/20/1994,1994,5,20,,,,,,,,,,,,,,,,,,,,,,,
5/21/1994,1994,5,21,,,,,,,,,,,,,,,,,,,,,,,
5/22/1994,1994,5,22,,,,,,,,,,,,,,,,,,,,,,,
5/23/1994,1994,5,23,,,,,,,,,,,,,,,,,,,,,,,
5/24/1994,1994,5,24,,,,,,,,,,,,,,,,,,,,,,,
5/25/1994,1994,5,25,,,,,,,,,,,,,,,,,,,,,,,
5/26/1994,1994,5,26,,,,,,,,,,,,,,,,,,,,,,,
5/27/1994,1994,5,27,,,,,,,,,,,,,,,,,,,,,,,
5/28/1994,1994,5,28,,,,,,,,,,,,,,,,,,,,,,,
5/29/1994,1994,5,29,,,,,,,,,,,,,,,,,,,,,,,
5/30/1994,1994,5,30,,,,,,,,,,,,,,,,,,,,,,,
5/31/1994,1994,5,31,,,,,,,,,,,,,,,,,,,,,,,
6/1/1994,1994,6,1,,,,,,,,,,,,,,,,,,,,,,,
6/2/1994,1994,6,2,,,,,,,,,,,,,,,,,,,,,,,
6/3/1994,1994,6,3,,,,,,,,,,,,,,,,,,,,,,,
6/4/1994,1994,6,4,,,,,,,,,,,,,,,,,,,,,,,
6/5/1994,1994,6,5,,,,,,,,,,,,,,,,,,,,,,,
6/6/1994,1994,6,6,,,,,,,,,,,,,,,,,,,,,,,
6/7/1994,1994,6,7,,,,,,,,,,,,,,,,,,,,,,,
6/8/1994,1994,6,8,,,,,,,,,,,,,,,,,,,,,,,
6/9/1994,1994,6,9,,,,,,,,,,,,,,,,,,,,,,,
6/10/1994,1994,6,10,,,,,,,,,,,,,,,,,,,,,,,
6/11/1994,1994,6,11,,,,,,,,,,,,,,,,,,,,,,,
6/12/1994,1994,6,12,,,,,,,,,,,,,,,,,,,,,,,
6/13/1994,1994,6,13,,,,,,,,,,,,,,,,,,,,,,,
6/14/1994,1994,6,14,,,,,,,,,,,,,,,,,,,,,,,
6/15/1994,1994,6,15,,,,,,,,,,,,,,,,,,,,,,,
6/16/1994,1994,6,16,,,,,,,,,,,,,,,,,,,,,,,
6/17/1994,1994,6,17,,,,,,,,,,,,,,,,,,,,,,,
6/18/1994,1994,6,18,,,,,,,,,,,,,,,,,,,,,,,
6/19/1994,1994,6,19,,,,,,,,,,,,,,,,,,,,,,,
6/20/1994,1994,6,20,,,,,,,,,,,,,,,,,,,,,,,
6/21/1994,1994,6,21,,,,,,,,,,,,,,,,,,,,,,,
6/22/1994,1994,6,22,,,,,,,,,,,,,,,,,,,,,,,
6/23/1994,1994,6,23,,,,,,,,,,,,,,,,,,,,,,,
6/24/1994,1994,6,24,,,,,,,,,,,,,,,,,,,,,,,
6/25/1994,1994,6,25,,20.5,,13.8,,17.2,,0.8,,0,,,M,,M,5.7,,,,,,<31,
6/26/1994,1994,6,26,,,,,,,,,,,,,,,,,,,,,,,
6/27/1994,1994,6,27,,,,,,,,,,,,,,,,,,,,,,,
6/28/1994,1994,6,28,,,,,,,,,,,,,,,,,,,,,,,
6/29/1994,1994,6,29,,,,,,,,,,,,,,,,,,,,,,,
6/30/1994,1994,6,30,,,M,8.7,E,,M,,M,,M,,M,,,,M,,,,M,,M
7/1/1994,1994,7,1,,,,,,,,,,,,,,,,,,,,,,,
7/2/1994,1994,7,2,,,,,,,,,,,,,,,,,,,,,,,
7/3/1994,1994,7,3,,,,,,,,,,,,,,,,,,,,,,,
7/4/1994,1994,7,4,,,,,,,,,,,,,,,,,,,,,,,
7/5/1994,1994,7,5,,,,,,,,,,,,,,,,,,,,,,,
7/6/1994,1994,7,6,,,,,,,,,,,,,,,,,,,,,,,
7/7/1994,1994,7,7,,,,,,,,,,,,,,,,,,,,,,,
7/8/1994,1994,7,8,,,,,,,,,,,,,,,,,,,,,,,
7/9/1994,1994,7,9,,,M,9.5,E,,M,,M,,M,,M,,,,M,,,,M,,M
7/10/1994,1994,7,10,,,,,,,,,,,,,,,,,,,,,,,
7/11/1994,1994,7,11,,,,,,,,,,,,,,,,,,,,,,,
7/12/1994,1994,7,12,,,,,,,,,,,,,,,,,,,,,,,
7/13/1994,1994,7,13,,,,,,,,,,,,,,,,,,,,,,,
7/14/1994,1994,7,14,,,,,,,,,,,,,,,,,,,,,,,
7/15/1994,1994,7,15,,,,,,,,,,,,,,,,,,,,,,,
7/16/1994,1994,7,16,,,,,,,,,,,,,,,,,,,,,,,
7/17/1994,1994,7,17,,,,,,,,,,,,,,,,,,,,,,,
7/18/1994,1994,7,18,,,,,,,,,,,,,,,,,,,,,,,
7/19/1994,1994,7,19,,,,,,,,,,,,,,,,,,,,,,,
7/20/1994,1994,7,20,,,,,,,,,,,,,,,,,,,,,,,
7/21/1994,1994,7,21,,23.5,,10.1,,16.8,,1.2,,0,,,M,,M,0.4,,,,,,<31,
7/22/1994,1994,7,22,,,,,,,,,,,,,,,,,,,,,,,
7/23/1994,1994,7,23,,,,,,,,,,,,,,,,,,,,,,,
7/24/1994,1994,7,24,,,,,,,,,,,,,,,,,,,,,,,
7/25/1994,1994,7,25,,,,,,,,,,,,,,,,,,,,,,,
7/26/1994,1994,7,26,,,,,,,,,,,,,,,,,,,,,,,
7/27/1994,1994,7,27,,,,,,,,,,,,,,,,,,,,,,,
7/28/1994,1994,7,28,,,,,,,,,,,,,,,,,,,,,,,
7/29/1994,1994,7,29,,,,,,,,,,,,,,,,,,,,,,,
7/30/1994,1994,7,30,,,,,,,,,,,,,,,,,,,,,,,
7/31/1994,1994,7,31,,,,,,,,,,,,,,,,,,,,,,,
8/1/1994,1994,8,1,,,,,,,,,,,,,,,,,,,,,,,
8/2/1994,1994,8,2,,,,,,,,,,,,,,,,,,,,,,,
8/3/1994,1994,8,3,,,,,,,,,,,,,,,,,,,,,,,
8/4/1994,1994,8,4,,,,,,,,,,,,,,,,,,,,,,,
8/5/1994,1994,8,5,,,,,,,,,,,,,,,,,,,,,,,
8/6/1994,1994,8,6,,,,,,,,,,,,,,,,,,,,,,,
8/7/1994,1994,8,7,,,,,,,,,,,,,,,,,,,,,,,
8/8/1994,1994,8,8,,,,,,,,,,,,,,,,,,,,,,,
8/9/1994,1994,8,9,,,,,,,,,,,,,,,,,,,,,,,
8/10/1994,1994,8,10,,,,,,,,,,,,,,,,,,,,,,,
8/11/1994,1994,8,11,,,,,,,,,,,,,,,,,,,,,,,
8/12/1994,1994,8,12,,,,,,,,,,,,,,,,,,,,,,,
8/13/1994,1994,8,13,,,,,,,,,,,,,,,,,,,,,,,
8/14/1994,1994,8,14,,,,,,,,,,,,,,,,,,,,,,,
8/15/1994,1994,8,15,,,,,,,,,,,,,,,,,,,,,,,
8/16/1994,1994,8,16,,,,,,,,,,,,,,,,,,,,,,,
8/17/1994,1994,8,17,,,,,,,,,,,,,,,,,,,,,,,
8/18/1994,1994,8,18,,,,,,,,,,,,,,,,,,,,,,,
8/19/1994,1994,8,19,,24.3,,10.2,,17.3,,0.7,,0,,,M,,M,0.3,,,,,,<31,
8/20/1994,1994,8,20,,,,,,,,,,,,,,,,,,,,,,,
8/21/1994,1994,8,21,,,,,,,,,,,,,,,,,,,,,,,
8/22/1994,1994,8,22,,,,,,,,,,,,,,,,,,,,,,,
8/23/1994,1994,8,23,,,,,,,,,,,,,,,,,,,,,,,
8/24/1994,1994,8,24,,,,,,,,,,,,,,,,,,,,,,,
8/25/1994,1994,8,25,,,,,,,,,,,,,,,,,,,,,,,
8/26/1994,1994,8,26,,,,,,,,,,,,,,,,,,,,,,,
8/27/1994,1994,8,27,,26.4,,6.4,,16.4,,1.6,,0,,,M,,M,,M,,,,,<31,
8/28/1994,1994,8,28,,,,,,,,,,,,,,,,,,,,,,,
8/29/1994,1994,8,29,,,,,,,,,,,,,,,,,,,,,,,
8/30/1994,1994,8,30,,,,,,,,,,,,,,,,,,,,,,,
8/31/1994,1994,8,31,,,,,,,,,,,,,,,,,,,,,,,
9/1/1994,1994,9,1,,,,,,,,,,,,,,,,,,,,,,,
9/2/1994,1994,9,2,,,,,,,,,,,,,,,,,,,,,,,
9/3/1994,1994,9,3,,,,,,,,,,,,,,,,,,,,,,,
9/4/1994,1994,9,4,,,,,,,,,,,,,,,,,,,,,,,
9/5/1994,1994,9,5,,,,,,,,,,,,,,,,,,,,,,,
9/6/1994,1994,9,6,,,,,,,,,,,,,,,,,,,,,,,
9/7/1994,1994,9,7,,,,,,,,,,,,,,,,,,,,,,,
9/8/1994,1994,9,8,,,,,,,,,,,,,,,,,,,,,,,
9/9/1994,1994,9,9,,,,,,,,,,,,,,,,,,,,,,,
9/10/1994,1994,9,10,,9.4,E,2.3,E,5.9,E,12.1,E,0,E,,M,,M,1.9,E,,,,M,,M
9/11/1994,1994,9,11,,,,,,,,,,,,,,,,,,,,,,,
9/12/1994,1994,9,12,,,,,,,,,,,,,,,,,,,,,,,
9/13/1994,1994,9,13,,,,,,,,,,,,,,,,,,,,,,,
9/14/1994,1994,9,14,,13.4,,5.7,,9.6,,8.4,,0,,,M,,M,5,,,,,,<31,
9/15/1994,1994,9,15,,15.3,,8.4,,11.9,,6.1,,0,,,M,,M,,M,,,,,<31,
9/16/1994,1994,9,16,,,,,,,,,,,,,,,,,,,,,,,
9/17/1994,1994,9,17,,,,,,,,,,,,,,,,,,,,,,,
9/18/1994,1994,9,18,,,,,,,,,,,,,,,,,,,,,,,
9/19/1994,1994,9,19,,12.4,,-0.8,,5.8,,12.2,,0,,,M,,M,0.6,,,,,,<31,
9/20/1994,1994,9,20,,,,,,,,,,,,,,,,,,,,,,,
9/21/1994,1994,9,21,,,,,,,,,,,,,,,,,,,,,,,
9/22/1994,1994,9,22,,,,,,,,,,,,,,,,,,,,,,,
9/23/1994,1994,9,23,,,,,,,,,,,,,,,,,,,,,,,
9/24/1994,1994,9,24,,,,,,,,,,,,,,,,,,,,,,,
9/25/1994,1994,9,25,,,,,,,,,,,,,,,,,,,,,,,
9/26/1994,1994,9,26,,,,,,,,,,,,,,,,,,,,,,,
9/27/1994,1994,9,27,,,,,,,,,,,,,,,,,,,,,,,
9/28/1994,1994,9,28,,,,,,,,,,,,,,,,,,,,,,,
9/29/1994,1994,9,29,,,,,,,,,,,,,,,,,,,,,,,
9/30/1994,1994,9,30,,,,,,,,,,,,,,,,,,,,,,,
10/1/1994,1994,10,1,,,,,,,,,,,,,,,,,,,,,,,
10/2/1994,1994,10,2,,4.9,,-3.5,,0.7,,17.3,,0,,,M,,M,1.3,,,,,,<31,
10/3/1994,1994,10,3,,,,,,,,,,,,,,,,,,,,,,,
10/4/1994,1994,10,4,,,,,,,,,,,,,,,,,,,,,,,
10/5/1994,1994,10,5,,,,,,,,,,,,,,,,,,,,,,,
10/6/1994,1994,10,6,,,,,,,,,,,,,,,,,,,,,,,
10/7/1994,1994,10,7,,,,,,,,,,,,,,,,,,,,,,,
10/8/1994,1994,10,8,,10.2,,1.2,,5.7,,12.3,,0,,,M,,M,1.6,,,,,,<31,
10/9/1994,1994,10,9,,,,,,,,,,,,,,,,,,,,,,,
10/10/1994,1994,10,10,,,,,,,,,,,,,,,,,,,,,,,
10/11/1994,1994,10,11,,,,,,,,,,,,,,,,,,,,,,,
10/12/1994,1994,10,12,,,,,,,,,,,,,,,,,,,,,,,
10/13/1994,1994,10,13,,,,,,,,,,,,,,,,,,,,,,,
10/14/1994,1994,10,14,,,,,,,,,,,,,,,,,,,,,,,
10/15/1994,1994,10,15,,6.5,,0.8,,3.7,,14.3,,0,,,M,,M,7,,,,,,<31,
10/16/1994,1994,10,16,,,,,,,,,,,,,,,,,,,,,,,
10/17/1994,1994,10,17,,,,,,,,,,,,,,,,,,,,,,,
10/18/1994,1994,10,18,,,,,,,,,,,,,,,,,,,,,,,
10/19/1994,1994,10,19,,,,,,,,,,,,,,,,,,,,,,,
10/20/1994,1994,10,20,,,,,,,,,,,,,,,,,,,,,,,
10/21/1994,1994,10,21,,,,,,,,,,,,,,,,,,,,,,,
10/22/1994,1994,10,22,,,,,,,,,,,,,,,,,,,,,,,
10/23/1994,1994,10,23,,,,,,,,,,,,,,,,,,,,,,,
10/24/1994,1994,10,24,,,,,,,,,,,,,,,,,,,,,,,
10/25/1994,1994,10,25,,0.4,,-2,,-0.8,,18.8,,0,,,M,,M,,M,,,,,<31,
10/26/1994,1994,10,26,,,,,,,,,,,,,,,,,,,,,,,
10/27/1994,1994,10,27,,,,,,,,,,,,,,,,,,,,,,,
10/28/1994,1994,10,28,,,,,,,,,,,,,,,,,,,,,,,
10/29/1994,1994,10,29,,,,,,,,,,,,,,,,,,,,,,,
10/30/1994,1994,10,30,,,,,,,,,,,,,,,,,,,,,,,
10/31/1994,1994,10,31,,-3.9,,-14.3,,-9.1,,27.1,,0,,,M,,M,,M,,,,,<31,
11/1/1994,1994,11,1,,,,,,,,,,,,,,,,,,,,,,,
11/2/1994,1994,11,2,,,,,,,,,,,,,,,,,,,,,,,
11/3/1994,1994,11,3,,,,,,,,,,,,,,,,,,,,,,,
11/4/1994,1994,11,4,,,,,,,,,,,,,,,,,,,,,,,
11/5/1994,1994,11,5,,,,,,,,,,,,,,,,,,,,,,,
11/6/1994,1994,11,6,,,,,,,,,,,,,,,,,,,,,,,
11/7/1994,1994,11,7,,,,,,,,,,,,,,,,,,,,,,,
11/8/1994,1994,11,8,,,,,,,,,,,,,,,,,,,,,,,
11/9/1994,1994,11,9,,0,,-22.7,,-11.4,,29.4,,0,,,M,,M,,M,,,,,<31,
11/10/1994,1994,11,10,,,,,,,,,,,,,,,,,,,,,,,
11/11/1994,1994,11,11,,,,,,,,,,,,,,,,,,,,,,,
11/12/1994,1994,11,12,,,,,,,,,,,,,,,,,,,,,,,
11/13/1994,1994,11,13,,,,,,,,,,,,,,,,,,,,,,,
11/14/1994,1994,11,14,,,,,,,,,,,,,,,,,,,,,,,
11/15/1994,1994,11,15,,,,,,,,,,,,,,,,,,,,,,,
11/16/1994,1994,11,16,,,,,,,,,,,,,,,,,,,,,,,
11/17/1994,1994,11,17,,,,,,,,,,,,,,,,,,,,,,,
11/18/1994,1994,11,18,,,,,,,,,,,,,,,,,,,,,,,
11/19/1994,1994,11,19,,,,,,,,,,,,,,,,,,,,,,,
11/20/1994,1994,11,20,,,,,,,,,,,,,,,,,,,,,,,
11/21/1994,1994,11,21,,,,,,,,,,,,,,,,,,,,,,,
11/22/1994,1994,11,22,,,,,,,,,,,,,,,,,,,,,,,
11/23/1994,1994,11,23,,,,,,,,,,,,,,,,,,,,,,,
11/24/1994,1994,11,24,,,,,,,,,,,,,,,,,,,,,,,
11/25/1994,1994,11,25,,,,,,,,,,,,,,,,,,,,,,,
11/26/1994,1994,11,26,,,,,,,,,,,,,,,,,,,,,,,
11/27/1994,1994,11,27,,,,,,,,,,,,,,,,,,,,,,,
11/28/1994,1994,11,28,,0,,-23.9,,-12,,30,,0,,,M,,M,0.3,,,,,,<31,
11/29/1994,1994,11,29,,,,,,,,,,,,,,,,,,,,,,,
11/30/1994,1994,11,30,,,,,,,,,,,,,,,,,,,,,,,
12/1/1994,1994,12,1,,,,,,,,,,,,,,,,,,,,,,,
12/2/1994,1994,12,2,,,,,,,,,,,,,,,,,,,,,,,
12/3/1994,1994,12,3,,,,,,,,,,,,,,,,,,,,,,,
12/4/1994,1994,12,4,,,,,,,,,,,,,,,,,,,,,,,
12/5/1994,1994,12,5,,,,,,,,,,,,,,,,,,,,,,,
12/6/1994,1994,12,6,,,,,,,,,,,,,,,,,,,,,,,
12/7/1994,1994,12,7,,,,,,,,,,,,,,,,,,,,,,,
12/8/1994,1994,12,8,,,,,,,,,,,,,,,,,,,,,,,
12/9/1994,1994,12,9,,,,,,,,,,,,,,,,,,,,,,,
12/10/1994,1994,12,10,,,,,,,,,,,,,,,,,,,,,,,
12/11/1994,1994,12,11,,,,,,,,,,,,,,,,,,,,,,,
12/12/1994,1994,12,12,,,,,,,,,,,,,,,,,,,,,,,
12/13/1994,1994,12,13,,,,,,,,,,,,,,,,,,,,,,,
12/14/1994,1994,12,14,,,,,,,,,,,,,,,,,,,,,,,
12/15/1994,1994,12,15,,,,,,,,,,,,,,,,,,,,,,,
12/16/1994,1994,12,16,,,,,,,,,,,,,,,,,,,,,,,
12/17/1994,1994,12,17,,,,,,,,,,,,,,,,,,,,,,,
12/18/1994,1994,12,18,,,,,,,,,,,,,,,,,,,,,,,
12/19/1994,1994,12,19,,,,,,,,,,,,,,,,,,,,,,,
12/20/1994,1994,12,20,,,,,,,,,,,,,,,,,,,,,,,
12/21/1994,1994,12,21,,,,,,,,,,,,,,,,,,,,,,,
12/22/1994,1994,12,22,,-12.4,,-24.2,,-18.3,,36.3,,0,,,M,,M,1,,,,,,<31,
12/23/1994,1994,12,23,,,,,,,,,,,,,,,,,,,,,,,
12/24/1994,1994,12,24,,,,,,,,,,,,,,,,,,,,,,,
12/25/1994,1994,12,25,,,,,,,,,,,,,,,,,,,,,,,
12/26/1994,1994,12,26,,,,,,,,,,,,,,,,,,,,,,,
12/27/1994,1994,12,27,,,,,,,,,,,,,,,,,,,,,,,
12/28/1994,1994,12,28,,,,,,,,,,,,,,,,,,,,,,,
12/29/1994,1994,12,29,,,M,,M,,M,,M,,M,,M,,M,,M,,,,,<31,
12/30/1994,1994,12,30,,-18.3,,-27.8,,-23.1,,41.1,,0,,,M,,M,,M,,,,,<31,
12/31/1994,1994,12,31,,-22.6,,-31.6,,-27.1,,45.1,,0,,,M,,M,0.4,,,,,,<31,
1/1/1995,1995,1,1,,-19,,-22.7,,-20.9,,38.9,,0,,,M,,M,,M,,,,,<31,
1/2/1995,1995,1,2,,,M,-21.5,E,,M,,M,,M,,M,,M,,M,,,,,<31,
1/3/1995,1995,1,3,,,M,-35,E,,M,,M,,M,,M,,M,,M,,,,,<31,
1/4/1995,1995,1,4,,,M,,M,,M,,M,,M,,M,,M,,M,,,,,<31,
1/5/1995,1995,1,5,,-22.8,,-32.8,,-27.8,,45.8,,0,,,M,,M,0.3,,,,,,<31,
1/6/1995,1995,1,6,,-20,E,-22.9,E,-21.5,E,39.5,E,0,E,,M,,M,0.3,,,,,M,,M
1/7/1995,1995,1,7,,-20.3,,-34.7,,-27.5,,45.5,,0,,,M,,M,,M,,,,,<31,
1/8/1995,1995,1,8,,-26.3,,-35,,-30.7,,48.7,,0,,,M,,M,,M,,,,,<31,
1/9/1995,1995,1,9,,-21.1,,-27.5,,-24.3,,42.3,,0,,,M,,M,1.5,,,,,,<31,
1/10/1995,1995,1,10,,0,,-21.3,,-10.7,,28.7,,0,,,M,,M,2.9,,,,,,<31,
1/11/1995,1995,1,11,,-16.4,,-26.7,,-21.6,,39.6,,0,,,M,,M,0.3,,,,,M,,M
1/12/1995,1995,1,12,,-16.5,,-25,,-20.8,,38.8,,0,,,M,,M,,M,,,,M,,M
1/13/1995,1995,1,13,,-16,,-19.5,,-17.8,,35.8,,0,,,M,,M,,M,,,,M,,M
1/14/1995,1995,1,14,,-15.2,,-16.7,,-16,,34,,0,,,M,,M,,M,,,,M,,M
1/15/1995,1995,1,15,,-12.8,,-15.5,,-14.2,,32.2,,0,,,M,,M,,M,,,,M,,M
1/16/1995,1995,1,16,,0,,-25.5,,-12.8,,30.8,,0,,,M,,M,,M,,,,M,,M
1/17/1995,1995,1,17,,,M,-26.2,E,,M,,M,,M,,M,,M,,M,,,,M,,M
1/18/1995,1995,1,18,,,M,,M,,M,,M,,M,,M,,M,,M,,,,M,,M
1/19/1995,1995,1,19,,-15,,-28.2,,-21.6,,39.6,,0,,,M,,M,,M,,,,M,,M
1/20/1995,1995,1,20,,-16.2,,-23.6,,-19.9,,37.9,,0,,,M,,M,,M,,,,M,,M
1/21/1995,1995,1,21,,-15.4,,-24.9,,-20.2,,38.2,,0,,,M,,M,0.4,,,,,M,,M
1/22/1995,1995,1,22,,-16.9,,-24.3,,-20.6,,38.6,,0,,,M,,M,,M,,,,M,,M
1/23/1995,1995,1,23,,-18.8,,-27.4,,-23.1,,41.1,,0,,,M,,M,,M,,,,M,,M
1/24/1995,1995,1,24,,-14.9,,-22.5,,-18.7,,36.7,,0,,,M,,M,,M,,,,M,,M
1/25/1995,1995,1,25,,-13,,-17.1,,-15.1,,33.1,,0,,,M,,M,,M,,,,M,,M
1/26/1995,1995,1,26,,-12.2,,-23.2,,-17.7,,35.7,,0,,,M,,M,,M,,,,M,,M
1/27/1995,1995,1,27,,-14,,-25.6,,-19.8,,37.8,,0,,,M,,M,,M,,,,M,,M
1/28/1995,1995,1,28,,0,,-22.2,,-11.1,,29.1,,0,,,M,,M,,M,,,,M,,M
1/29/1995,1995,1,29,,-12.8,,-19.9,,-16.4,,34.4,,0,,,M,,M,,M,,,,M,,M
1/30/1995,1995,1,30,,-12.3,,-23.5,,-17.9,,35.9,,0,,,M,,M,,M,,,,M,,M
1/31/1995,1995,1,31,,,M,,M,,M,,M,,M,,M,,M,,M,,,,M,,M
2/1/1995,1995,2,1,,-8.2,E,,M,,,,,,,,M,,M,,M,,,,M,,M
2/2/1995,1995,2,2,,-15.5,,-24.7,,-20.1,,38.1,,0,,,M,,M,,M,,,,M,,M
2/3/1995,1995,2,3,,-10.6,,-22.2,,-16.4,,34.4,,0,,,M,,M,,M,,,,M,,M
2/4/1995,1995,2,4,,-8.4,,-20.2,,-14.3,,32.3,,0,,,M,,M,,M,,,,M,,M
2/5/1995,1995,2,5,,-10.6,,-24.1,,-17.4,,35.4,,0,,,M,,M,,M,,,,M,,M
2/6/1995,1995,2,6,,-7.9,,-18.8,,-13.4,,31.4,,0,,,M,,M,0.3,,,,,M,,M
2/7/1995,1995,2,7,,-4.6,,-16.6,,-10.6,,28.6,,0,,,M,,M,,M,,,,M,,M
2/8/1995,1995,2,8,,0.9,E,-10.9,E,-5,E,23,E,0,E,,M,,M,,M,,,,M,,M
2/9/1995,1995,2,9,,,M,,M,,M,,M,,M,,M,,M,,M,,,,,<31,
2/10/1995,1995,2,10,,-8.5,,-13.5,,-11,,29,,0,,,M,,M,0.4,,,,,,<31,
2/11/1995,1995,2,11,,0,,-31.6,,-15.8,,33.8,,0,,,M,,M,0.4,,,,,,<31,
2/12/1995,1995,2,12,,-20.9,,-36.7,,-28.8,,46.8,,0,,,M,,M,,M,,,,,<31,
2/13/1995,1995,2,13,,-17,,-31.7,,-24.4,,42.4,,0,,,M,,M,,M,,,,,<31,
2/14/1995,1995,2,14,,,M,,M,,M,,M,,M,,M,,M,,M,,,,,<31,
2/15/1995,1995,2,15,,-16.9,,-33.7,,-25.3,,43.3,,0,,,M,,M,0,,,,,,<31,
2/16/1995,1995,2,16,,-21.7,,-43.6,,-32.7,,50.7,,0,,,M,,M,0,,,,,,<31,
2/17/1995,1995,2,17,,-23.1,,-40.2,,-31.7,,49.7,,0,,,M,,M,0,,,,,,<31,
2/18/1995,1995,2,18,,-20.9,,-33.7,,-27.3,,45.3,,0,,,M,,M,12.3,,,,10,,46,
2/19/1995,1995,2,19,,-18.4,,-27.2,,-22.8,,40.8,,0,,,M,,M,1.2,,,,,,<31,
2/20/1995,1995,2,20,,-12.9,,-29.2,,-21.1,,39.1,,0,,,M,,M,2.9,,,,,,<31,
2/21/1995,1995,2,21,,-7.6,,-27.7,,-17.7,,35.7,,0,,,M,,M,0,,,,,,<31,
2/22/1995,1995,2,22,,-1.8,,-23.4,,-12.6,,30.6,,0,,,M,,M,0,,,,25,,33,
2/23/1995,1995,2,23,,-11.6,,-30.9,,-21.3,,39.3,,0,,,M,,M,0,,,,,,<31,
2/24/1995,1995,2,24,,-11.5,,-25,,-18.3,,36.3,,0,,,M,,M,0.6,,,,,,<31,
2/25/1995,1995,2,25,,-10.2,,-32.1,,-21.2,,39.2,,0,,,M,,M,0,,,,,,<31,
2/26/1995,1995,2,26,,-14.7,,-37.3,,-26,,44,,0,,,M,,M,0,,,,,,<31,
2/27/1995,1995,2,27,,-9.2,,-29.1,,-19.2,,37.2,,0,,,M,,M,0.6,,,,,,<31,
2/28/1995,1995,2,28,,-4.6,,-30.4,,-17.5,,35.5,,0,,,M,,M,0,,,,,,<31,
3/1/1995,1995,3,1,,-2.4,,-26.9,,-14.7,,32.7,,0,,,M,,M,0.6,,,,,,<31,
3/2/1995,1995,3,2,,-2.2,,-18.5,,-10.4,,28.4,,0,,,M,,M,0,,,,11,,41,
3/3/1995,1995,3,3,,-10.5,,-30,,-20.3,,38.3,,0,,,M,,M,0,,,,,,<31,
3/4/1995,1995,3,4,,-13.4,,-38.2,,-25.8,,43.8,,0,,,M,,M,0,,,,,,<31,
3/5/1995,1995,3,5,,-6.9,,-28,,-17.5,,35.5,,0,,,M,,M,0.6,,,,,,<31,
3/6/1995,1995,3,6,,-8.9,,-27.7,,-18.3,,36.3,,0,,,M,,M,0,,,,10,,33,
3/7/1995,1995,3,7,,-9.5,,-31.1,,-20.3,,38.3,,0,,,M,,M,0,,,,,,<31,
3/8/1995,1995,3,8,,-9.8,,-36,,-22.9,,40.9,,0,,,M,,M,0.7,,,,,,<31,
3/9/1995,1995,3,9,,-12.1,,-39,,-25.6,,43.6,,0,,,M,,M,0,,,,,,<31,
3/10/1995,1995,3,10,,,M,-17,E,,M,,M,,M,,M,,M,,M,,,,,<31,
3/11/1995,1995,3,11,,-10.3,,-19.7,,-15,,33,,0,,,M,,M,,M,,,,,<31,
3/12/1995,1995,3,12,,-9.4,,-31.3,,-20.4,,38.4,,0,,,M,,M,0,,,,13,,37,
3/13/1995,1995,3,13,,-5.6,,-18.3,,-12,,30,,0,,,M,,M,0,,,,,,<31,
3/14/1995,1995,3,14,,-5.8,,-12.8,,-9.3,,27.3,,0,,,M,,M,0,,,,,,<31,
3/15/1995,1995,3,15,,,M,-14.9,E,,M,,M,,M,,M,,M,0.6,,,,,,<31,
3/16/1995,1995,3,16,,3.6,,-16.2,,-6.3,,24.3,,0,,,M,,M,0,,,,,,<31,
3/17/1995,1995,3,17,,5.7,,-6.6,,-0.5,,18.5,,0,,,M,,M,0,,,,,,<31,
3/18/1995,1995,3,18,,7.5,,-15.7,,-4.1,,22.1,,0,,,M,,M,0,,,,,,<31,
3/19/1995,1995,3,19,,-1.4,,-10,,-5.7,,23.7,,0,,,M,,M,1.2,,,,,,<31,
3/20/1995,1995,3,20,,,M,,M,,M,,M,,M,,M,,M,0,,,,,,<31,
3/21/1995,1995,3,21,,-4.2,,-13.5,,-8.9,,26.9,,0,,,M,,M,,M,,,,,<31,
3/22/1995,1995,3,22,,-6.9,,-19.5,,-13.2,,31.2,,0,,,M,,M,0,,,,,,<31,
3/23/1995,1995,3,23,,-11.1,,-16.2,,-13.7,,31.7,,0,,,M,,M,,M,,,,,<31,
3/24/1995,1995,3,24,,-12.5,,-26.5,,-19.5,,37.5,,0,,,M,,M,0,,,,,,<31,
3/25/1995,1995,3,25,,-11.8,,-33.5,,-22.7,,40.7,,0,,,M,,M,,M,,,,,<31,
3/26/1995,1995,3,26,,-5.8,,-14.3,,-10.1,,28.1,,0,,,M,,M,,M,,,,,<31,
3/27/1995,1995,3,27,,-0.4,,-19.8,,-10.1,,28.1,,0,,,M,,M,0,,,,,,<31,
3/28/1995,1995,3,28,,0.8,,-7.6,,-3.4,,21.4,,0,,,M,,M,0,,,,,,<31,
3/29/1995,1995,3,29,,7.4,,-9.6,,-1.1,,19.1,,0,,,M,,M,0,,,,,,<31,
3/30/1995,1995,3,30,,7.9,,-4.7,,1.6,,16.4,,0,,,M,,M,0,,,,,,<31,
3/31/1995,1995,3,31,,5.8,,-8.6,,-1.4,,19.4,,0,,,M,,M,0,,,,,,<31,
4/1/1995,1995,4,1,,6.3,,-3.7,,1.3,,16.7,,0,,,M,,M,0,,,,,,<31,
4/2/1995,1995,4,2,,6,,-11.8,,-2.9,,20.9,,0,,,M,,M,0,,,,11,,59,
4/3/1995,1995,4,3,,-2.9,,-9.4,,-6.2,,24.2,,0,,,M,,M,0.9,,,,,,<31,
4/4/1995,1995,4,4,,5.7,,-8.1,,-1.2,,19.2,,0,,,M,,M,0,,,,,,<31,
4/5/1995,1995,4,5,,6,,-14.6,,-4.3,,22.3,,0,,,M,,M,0,,,,,,<31,
4/6/1995,1995,4,6,,6,,-16.2,E,-5.1,E,23.1,E,0,E,,M,,M,0,,,,,M,,M
4/7/1995,1995,4,7,,6.2,,-3.8,,1.2,,16.8,,0,,,M,,M,0,,,,,,<31,
4/8/1995,1995,4,8,,4.5,,-2.5,,1,,17,,0,,,M,,M,0,,,,,,<31,
4/9/1995,1995,4,9,,7.4,,-7.3,,0.1,,17.9,,0,,,M,,M,0,,,,26,,44,
4/10/1995,1995,4,10,,6.3,,-10.9,,-2.3,,20.3,,0,,,M,,M,0,,,,,,<31,
4/11/1995,1995,4,11,,8,,-2.3,,2.9,,15.1,,0,,,M,,M,0,,,,14,,33,
4/12/1995,1995,4,12,,8.6,,-10.8,,-1.1,,19.1,,0,,,M,,M,0,,,,,,<31,
4/13/1995,1995,4,13,,7,,-11.3,,-2.2,,20.2,,0,,,M,,M,0,,,,,,<31,
4/14/1995,1995,4,14,,7.2,,-4,,1.6,,16.4,,0,,,M,,M,0,,,,7,,39,
4/15/1995,1995,4,15,,8.9,,-8.3,,0.3,,17.7,,0,,,M,,M,0,,,,,,<31,
4/16/1995,1995,4,16,,7.3,,-9,,-0.9,,18.9,,0,,,M,,M,0,,,,,,<31,
4/17/1995,1995,4,17,,8.8,,-7.7,,0.6,,17.4,,0,,,M,,M,0,,,,,,<31,
4/18/1995,1995,4,18,,7.8,,-6.3,,0.8,,17.2,,0,,,M,,M,,M,,,,,<31,
4/19/1995,1995,4,19,,7.9,,-2.2,,2.9,,15.1,,0,,,M,,M,0,,,,,,<31,
4/20/1995,1995,4,20,,9.4,,-5.5,,2,,16,,0,,,M,,M,0,,,,26,,37,
4/21/1995,1995,4,21,,9.5,,-6.2,,1.7,,16.3,,0,,,M,,M,0,,,,,,<31,
4/22/1995,1995,4,22,,13.2,,-5.8,,3.7,,14.3,,0,,,M,,M,0,,,,,,<31,
4/23/1995,1995,4,23,,8.7,,0.4,,4.6,,13.4,,0,,,M,,M,1.4,,,,30,,48,
4/24/1995,1995,4,24,,12.7,,-2,,5.4,,12.6,,0,,,M,,M,0,,,,,,<31,
4/25/1995,1995,4,25,,15,,-1.5,,6.8,,11.2,,0,,,M,,M,0,,,,,,<31,
4/26/1995,1995,4,26,,16,,-2.1,,7,,11,,0,,,M,,M,0,,,,,,<31,
4/27/1995,1995,4,27,,16.7,,-0.7,,8,,10,,0,,,M,,M,0,,,,,,<31,
4/28/1995,1995,4,28,,17.8,,-1.7,,8.1,,9.9,,0,,,M,,M,0,,,,,,<31,
4/29/1995,1995,4,29,,15.5,,-0.3,,7.6,,10.4,,0,,,M,,M,0,,,,10,,44,
4/30/1995,1995,4,30,,12.6,,-0.9,,5.9,,12.1,,0,,,M,,M,0,,,,9,E,35,E
5/1/1995,1995,5,1,,12.7,,-3,,4.9,,13.1,,0,,,M,,M,0,,,,7,,39,
5/2/1995,1995,5,2,,9.8,,2.3,,6.1,,11.9,,0,,,M,,M,0,,,,8,,63,
5/3/1995,1995,5,3,,13.4,,-3.2,,5.1,,12.9,,0,,,M,,M,0,,,,,,<31,
5/4/1995,1995,5,4,,16.2,,-3.6,,6.3,,11.7,,0,,,M,,M,0,,,,,,<31,
5/5/1995,1995,5,5,,17,,-1.5,,7.8,,10.2,,0,,,M,,M,0,,,,31,,54,
5/6/1995,1995,5,6,,18.1,,-2,,8.1,,9.9,,0,,,M,,M,0,,,,,,<31,
5/7/1995,1995,5,7,,19.7,,-1.4,,9.2,,8.8,,0,,,M,,M,0,,,,,,<31,
5/8/1995,1995,5,8,,22.5,,-1.5,,10.5,,7.5,,0,,,M,,M,0,,,,,,<31,
5/9/1995,1995,5,9,,25.5,,-0.4,,12.6,,5.4,,0,,,M,,M,0,,,,,,<31,
5/10/1995,1995,5,10,,24.8,,7.4,,16.1,,1.9,,0,,,M,,M,0,,,,7,,52,
5/11/1995,1995,5,11,,23.5,,13.3,,18.4,,0,,0.4,,,M,,M,0,,,,7,,46,
5/12/1995,1995,5,12,,26,,4.7,,15.4,,2.6,,0,,,M,,M,0,,,,,,<31,
5/13/1995,1995,5,13,,25.7,,3.8,,14.8,,3.2,,0,,,M,,M,0,,,,25,,46,
5/14/1995,1995,5,14,,16,,6.8,,11.4,,6.6,,0,,,M,,M,2,,,,28,E,46,E
5/15/1995,1995,5,15,,17.6,,0.8,,9.2,,8.8,,0,,,M,,M,0,,,,30,,39,
5/16/1995,1995,5,16,,9.8,,4.3,,7.1,,10.9,,0,,,M,,M,3.1,,,,,,<31,
5/17/1995,1995,5,17,,11.3,,-1.5,,4.9,,13.1,,0,,,M,,M,0,,,,26,,44,
5/18/1995,1995,5,18,,10.9,,-1.9,,4.5,,13.5,,0,,,M,,M,,M,,,26,,37,
5/19/1995,1995,5,19,,12.8,,1.2,,7,,11,,0,,,M,,M,1.1,,,,26,,35,
5/20/1995,1995,5,20,,16.4,,-0.7,,7.9,,10.1,,0,,,M,,M,0,,,,30,,41,
5/21/1995,1995,5,21,,20.1,,-0.8,,9.7,,8.3,,0,,,M,,M,0,,,,24,,46,
5/22/1995,1995,5,22,,14.8,,2,,8.4,,9.6,,0,,,M,,M,1.1,,,,25,,37,
5/23/1995,1995,5,23,,18.2,,2.1,,10.2,,7.8,,0,,,M,,M,0,,,,27,,39,
5/24/1995,1995,5,24,,20.4,,3.7,,12.1,,5.9,,0,,,M,,M,0,,,,,,<31,
5/25/1995,1995,5,25,,24.1,,10.6,,17.4,,0.6,,0,,,M,,M,0,,,,,,<31,
5/26/1995,1995,5,26,,24.8,,5.4,,15.1,,2.9,,0,,,M,,M,0,,,,,,<31,
5/27/1995,1995,5,27,,23,,6.5,,14.8,,3.2,,0,,,M,,M,0,,,,26,,41,
5/28/1995,1995,5,28,,18,,7.2,,12.6,,5.4,,0,,,M,,M,0,,,,19,,48,
5/29/1995,1995,5,29,,14.4,,3.9,,9.2,,8.8,,0,,,M,,M,0,,,,27,,33,
5/30/1995,1995,5,30,,12,,5.7,,8.9,,9.1,,0,,,M,,M,0,,,,31,,32,
5/31/1995,1995,5,31,,15.5,,4.9,,10.2,,7.8,,0,,,M,,M,0,,,,32,E,33,E
6/1/1995,1995,6,1,,15.4,,5.3,,10.4,,7.6,,0,,,M,,M,1.7,,,,14,,41,
6/2/1995,1995,6,2,,14.9,,4.4,,9.7,,8.3,,0,,,M,,M,0,,,,24,E,48,E
6/3/1995,1995,6,3,,,M,,M,,M,,M,,M,,M,,M,,M,,,,,<31,
6/4/1995,1995,6,4,,20,,9.3,,14.7,,3.3,,0,,,M,,M,0.6,,,,7,,39,
6/5/1995,1995,6,5,,10.9,,4.2,,7.6,,10.4,,0,,,M,,M,25.9,,,,,,<31,
6/6/1995,1995,6,6,,17.2,,6.1,,11.7,,6.3,,0,,,M,,M,12.9,,,,,,<31,
6/7/1995,1995,6,7,,23.1,,3.6,,13.4,,4.6,,0,,,M,,M,0,,,,,,<31,
6/8/1995,1995,6,8,,27,,8.7,,17.9,,0.1,,0,,,M,,M,0,,,,,,<31,
6/9/1995,1995,6,9,,28.6,,11.5,,20.1,,0,,2.1,,,M,,M,0,,,,,,<31,
6/10/1995,1995,6,10,,30.1,,10.8,,20.5,,0,,2.5,,,M,,M,0,,,,9,,44,
6/11/1995,1995,6,11,,28.9,,16.2,,22.6,,0,,4.6,,,M,,M,0,,,,10,,44,
6/12/1995,1995,6,12,,26.3,,12.2,,19.3,,0,,1.3,,,M,,M,0,,,,18,,54,
6/13/1995,1995,6,13,,15.7,,9.4,,12.6,,5.4,,0,,,M,,M,0.6,,,,,,<31,
6/14/1995,1995,6,14,,20.7,,10.2,,15.5,,2.5,,0,,,M,,M,0,,,,,,<31,
6/15/1995,1995,6,15,,21,,9.4,,15.2,,2.8,,0,,,M,,M,0,,,,7,,50,
6/16/1995,1995,6,16,,16.1,,10.8,,13.5,,4.5,,0,,,M,,M,3.4,,,,,,<31,
6/17/1995,1995,6,17,,18.7,,6.7,,12.7,,5.3,,0,,,M,,M,2,,,,9,,39,
6/18/1995,1995,6,18,,19.4,,10.5,,15,,3,,0,,,M,,M,2,,,,,,<31,
6/19/1995,1995,6,19,,26.1,,8.3,,17.2,,0.8,,0,,,M,,M,0,,,,32,,32,
6/20/1995,1995,6,20,,25,,10.9,,18,,0,,0,,,M,,M,0,,,,26,,50,
6/21/1995,1995,6,21,,26.8,,8.8,,17.8,,0.2,,0,,,M,,M,0,,,,9,,35,
6/22/1995,1995,6,22,,26,,12,,19,,0,,1,,,M,,M,0,,,,24,,61,
6/23/1995,1995,6,23,,16.8,,11,,13.9,,4.1,,0,,,M,,M,0,,,,23,,56,
6/24/1995,1995,6,24,,15.9,,2.3,,9.1,,8.9,,0,,,M,,M,0,,,,26,,52,
6/25/1995,1995,6,25,,16.5,,2.9,,9.7,,8.3,,0,,,M,,M,0,,,,31,,44,
6/26/1995,1995,6,26,,23,,3.8,,13.4,,4.6,,0,,,M,,M,0.6,,,,29,,41,
6/27/1995,1995,6,27,,23.3,,6.6,,15,,3,,0,,,M,,M,0,,,,31,,41,
6/28/1995,1995,6,28,,25.1,,5.9,,15.5,,2.5,,0,,,M,,M,0,,,,,,<31,
6/29/1995,1995,6,29,,25.2,,14.9,,20.1,,0,,2.1,,,M,,M,0,,,,,,<31,
6/30/1995,1995,6,30,,23.3,,11.7,,17.5,,0.5,,0,,,M,,M,0.8,,,,,,<31,
7/1/1995,1995,7,1,,18.9,,13.4,,16.2,,1.8,,0,,,M,,M,4,,,,,,<31,
7/2/1995,1995,7,2,,13.6,,11.1,,12.4,,5.6,,0,,,M,,M,9.5,,,,,,<31,
7/3/1995,1995,7,3,,15,,11.3,,13.2,,4.8,,0,,,M,,M,,M,,,,,<31,
7/4/1995,1995,7,4,,20.1,,11,,15.6,,2.4,,0,,,M,,M,0,,,,,,<31,
7/5/1995,1995,7,5,,15.5,,10.4,,13,,5,,0,,,M,,M,0,,,,,,<31,
7/6/1995,1995,7,6,,20.3,,4.1,,12.2,,5.8,,0,,,M,,M,0,,,,,,<31,
7/7/1995,1995,7,7,,23,,10.8,,16.9,,1.1,,0,,,M,,M,0,,,,24,,37,
7/8/1995,1995,7,8,,25.8,,8.9,,17.4,,0.6,,0,,,M,,M,0,,,,,,<31,
7/9/1995,1995,7,9,,20.9,,12.8,,16.9,,1.1,,0,,,M,,M,4.6,,,,6,,33,
7/10/1995,1995,7,10,,17.7,,11.3,,14.5,,3.5,,0,,,M,,M,1.2,,,,,,<31,
7/11/1995,1995,7,11,,21.4,,11.3,,16.4,,1.6,,0,,,M,,M,3.2,,,,,,<31,
7/12/1995,1995,7,12,,19.9,,9,,14.5,,3.5,,0,,,M,,M,0,,,,24,,33,
7/13/1995,1995,7,13,,21,,9.6,,15.3,,2.7,,0,,,M,,M,0,,,,27,,33,
7/14/1995,1995,7,14,,19.6,,14,,16.8,,1.2,,0,,,M,,M,0,,,,25,,39,
7/15/1995,1995,7,15,,21,,10.9,,16,,2,,0,,,M,,M,0,,,,,,<31,
7/16/1995,1995,7,16,,22.8,,8.8,,15.8,,2.2,,0,,,M,,M,0,,,,30,,44,
7/17/1995,1995,7,17,,23.7,,8.1,,15.9,,2.1,,0,,,M,,M,0,,,,31,,35,
7/18/1995,1995,7,18,,25.3,,8.1,,16.7,,1.3,,0,,,M,,M,0.6,,,,33,,32,
7/19/1995,1995,7,19,,22.1,,11.3,,16.7,,1.3,,0,,,M,,M,0,,,,26,,37,
7/20/1995,1995,7,20,,23.7,,10.4,,17.1,,0.9,,0,,,M,,M,0.6,,,,31,,44,
7/21/1995,1995,7,21,,22.8,,10.9,,16.9,,1.1,,0,,,M,,M,0,,,,30,,52,
7/22/1995,1995,7,22,,16.9,,9.1,,13,,5,,0,,,M,,M,9.9,,,,,,<31,
7/23/1995,1995,7,23,,14.1,,10.3,,12.2,,5.8,,0,,,M,,M,6.5,,,,,,<31,
7/24/1995,1995,7,24,,16.8,,9.6,,13.2,,4.8,,0,,,M,,M,0,,,,,,<31,
7/25/1995,1995,7,25,,16.2,,10.2,,13.2,,4.8,,0,,,M,,M,3.3,,,,,,<31,
7/26/1995,1995,7,26,,17.3,,8.3,,12.8,,5.2,,0,,,M,,M,0,,,,,,<31,
7/27/1995,1995,7,27,,11.3,,7.3,,9.3,,8.7,,0,,,M,,M,23.2,,,,,,<31,
7/28/1995,1995,7,28,,13.5,,7.2,,10.4,,7.6,,0,,,M,,M,2,,,,,,<31,
7/29/1995,1995,7,29,,19.6,,3.3,,11.5,,6.5,,0,,,M,,M,1.6,,,,,,<31,
7/30/1995,1995,7,30,,13.6,,9.1,,11.4,,6.6,,0,,,M,,M,1.8,,,,,,<31,
7/31/1995,1995,7,31,,14.4,,8.7,,11.6,,6.4,,0,,,M,,M,0,,,,,,<31,
8/1/1995,1995,8,1,,18.6,,9.4,,14,,4,,0,,0,,0,,0,,0,,,,,
8/2/1995,1995,8,2,,18.8,,8,,13.4,,4.6,,0,,0,,0,,0,,0,,,,,
8/3/1995,1995,8,3,,15.5,,12,,13.8,,4.2,,0,,5.4,,0,,5.4,,0,,,,,
8/4/1995,1995,8,4,,15.7,,9.1,,12.4,,5.6,,0,,2.8,,0,,2.8,,0,,,,,
8/5/1995,1995,8,5,,16.2,,7.9,,12.1,,5.9,,0,,3.6,,0,,3.6,,0,,,,,
8/6/1995,1995,8,6,,15.9,,4.5,,10.2,,7.8,,0,,1.8,,0,,1.8,,0,,,,,
8/7/1995,1995,8,7,,20.5,,4.4,,12.5,,5.5,,0,,0,,0,,0,,0,,,,,
8/8/1995,1995,8,8,,20.9,,5.5,,13.2,,4.8,,0,,0,,0,,0,,0,,,,,
8/9/1995,1995,8,9,,21,,6,,13.5,,4.5,,0,,0,,0,,0,,0,,,,,
8/10/1995,1995,8,10,,21.1,,8,,14.6,,3.4,,0,,0,,0,,0,,0,,,,,
8/11/1995,1995,8,11,,21.7,,6.4,,14.1,,3.9,,0,,0,,0,,0,,0,,,,,
8/12/1995,1995,8,12,,20.4,,5,,12.7,,5.3,,0,,0.6,,0,,0.6,,0,,,,,
8/13/1995,1995,8,13,,16.5,,5.6,,11.1,,6.9,,0,,0,,0,,0,,0,,,,,
8/14/1995,1995,8,14,,18,,8,,13,,5,,0,,1,,0,,1,,0,,,,,
8/15/1995,1995,8,15,,16,,8.5,,12.3,,5.7,,0,,3,,0,,3,,0,,,,,
8/16/1995,1995,8,16,,13.4,,8.1,,10.8,,7.2,,0,,6.4,,0,,6.4,,0,,,,,
8/17/1995,1995,8,17,,14.5,,6.8,,10.7,,7.3,,0,,0.8,,0,,0.8,,0,,,,,
8/18/1995,1995,8,18,,16.1,,7.3,,11.7,,6.3,,0,,1.8,,0,,1.8,,0,,,,,
8/19/1995,1995,8,19,,16.3,,6.5,,11.4,,6.6,,0,,0.4,,0,,0.4,,0,,,,,
8/20/1995,1995,8,20,,18,,9,,13.5,,4.5,,0,,0.2,,0,,0.2,,0,,,,,
8/21/1995,1995,8,21,,17.3,,6.4,,11.9,,6.1,,0,,0.6,,0,,0.6,,0,,,,,
8/22/1995,1995,8,22,,15,,9.9,,12.5,,5.5,,0,,6.6,,0,,6.6,,0,,,,,
8/23/1995,1995,8,23,,14.3,,8.7,,11.5,,6.5,,0,,1.4,,0,,1.4,,0,,,,,
8/24/1995,1995,8,24,,16.4,,4.7,,10.6,,7.4,,0,,0.6,,0,,0.6,,0,,,,,
8/25/1995,1995,8,25,,16.6,,4.5,,10.6,,7.4,,0,,0.4,,0,,0.4,,0,,,,,
8/26/1995,1995,8,26,,12.8,,8.5,,10.7,,7.3,,0,,0.8,,0,,0.8,,0,,,,,
8/27/1995,1995,8,27,,15.4,,0.5,,8,,10,,0,,0.2,,0,,0.2,,0,,,,,
8/28/1995,1995,8,28,,13.3,,6,,9.7,,8.3,,0,,0.8,,0,,0.8,,0,,,,,
8/29/1995,1995,8,29,,16.7,,2,,9.4,,8.6,,0,,0,,0,,0,,0,,,,,
8/30/1995,1995,8,30,,17.2,,5,,11.1,,6.9,,0,,4.6,,0,,4.6,,0,,,,,
8/31/1995,1995,8,31,,14.4,,7.8,,11.1,,6.9,,0,,1.2,,0,,1.2,,0,,,,,
9/1/1995,1995,9,1,,16,,9.6,,12.8,,5.2,,0,,2.4,,0,,2.4,,0,,,,,
9/2/1995,1995,9,2,,16.1,,12.1,,14.1,,3.9,,0,,0,,0,,0,,0,,,,,
9/3/1995,1995,9,3,,15.8,,3.3,,9.6,,8.4,,0,,0,,0,,0,,0,,,,,
9/4/1995,1995,9,4,,17,,-0.4,,8.3,,9.7,,0,,0,,0,,0,,0,,,,,
9/5/1995,1995,9,5,,13.1,,0.5,,6.8,,11.2,,0,,0,,0,,0,,0,,,,,
9/6/1995,1995,9,6,,18,,0.9,,9.5,,8.5,,0,,0,,0,,0,,0,,,,,
9/7/1995,1995,9,7,,22,,6.1,,14.1,,3.9,,0,,0,,0,,0,,0,,,,,
9/8/1995,1995,9,8,,23.2,,4.9,,14.1,,3.9,,0,,0,,0,,0,,0,,,,,
9/9/1995,1995,9,9,,18.1,,10.5,,14.3,,3.7,,0,,2.8,,0,,2.8,,0,,,,,
9/10/1995,1995,9,10,,15.6,,10.5,,13.1,,4.9,,0,,3.6,,0,,3.6,,0,,,,,
9/11/1995,1995,9,11,,16.2,,9,,12.6,,5.4,,0,,0.4,,0,,0.4,,0,,,,,
9/12/1995,1995,9,12,,16.1,,9.5,,12.8,,5.2,,0,,0,,0,,0,,0,,,,,
9/13/1995,1995,9,13,,15.5,,1.9,,8.7,,9.3,,0,,7,,0,,7,,0,,,,,
9/14/1995,1995,9,14,,12.7,,7.8,,10.3,,7.7,,0,,0.8,,0,,0.8,,0,,,,,
9/15/1995,1995,9,15,,13.7,,3.9,,8.8,,9.2,,0,,0,,0,,0,,0,,,,,
9/16/1995,1995,9,16,,17,,-1,,8,,10,,0,,0,,0,,0,,0,,,,,
9/17/1995,1995,9,17,,12.9,,4.9,,8.9,,9.1,,0,,0,,0,,0,,0,,,,,
9/18/1995,1995,9,18,,13.9,,-3,,5.5,,12.5,,0,,0,,0,,0,,0,,,,,
9/19/1995,1995,9,19,,17,,-4.4,,6.3,,11.7,,0,,0,,0,,0,,0,,,,,
9/20/1995,1995,9,20,,18.2,,-3.6,,7.3,,10.7,,0,,0,,0,,0,,0,,,,,
9/21/1995,1995,9,21,,24,,-0.5,,11.8,,6.2,,0,,0,,0,,0,,0,,,,,
9/22/1995,1995,9,22,,24.9,,4.9,,14.9,,3.1,,0,,0,,0,,0,,0,,,,,
9/23/1995,1995,9,23,,24,,3.1,,13.6,,4.4,,0,,0,,0,,0,,0,,,,,
9/24/1995,1995,9,24,,22.6,,2.1,,12.4,,5.6,,0,,0,,0,,0,,0,,,,,
9/25/1995,1995,9,25,,22,,1,,11.5,,6.5,,0,,0,,0,,0,,0,,,,,
9/26/1995,1995,9,26,,17,,3,,10,,8,,0,,1,,0,,1,,0,,,,,
9/27/1995,1995,9,27,,13.6,,7.5,,10.6,,7.4,,0,,0.8,,0,,0.8,,0,,,,,
9/28/1995,1995,9,28,,13.1,,3,,8.1,,9.9,,0,,1,,0,,1,,0,,,,,
9/29/1995,1995,9,29,,12.5,,0.8,,6.7,,11.3,,0,,1,,0,,1,,0,,,,,
9/30/1995,1995,9,30,,13,,6.2,,9.6,,8.4,,0,,0.6,,0,,0.6,,0,,,,,
10/1/1995,1995,10,1,,9,,-1.5,,3.8,,14.2,,0,,0.6,,0,,0.6,,0,,,,,
10/2/1995,1995,10,2,,11.4,,0.4,,5.9,,12.1,,0,,0,,0,,0,,0,,,,,
10/3/1995,1995,10,3,,9.4,,0.9,,5.2,,12.8,,0,,4,,0,,4,,0,,,,,
10/4/1995,1995,10,4,,10,,0.8,,5.4,,12.6,,0,,1.2,,0,,1.2,,0,,,,,
10/5/1995,1995,10,5,,4.4,,3.1,,3.8,,14.2,,0,,2.4,,0,,2.4,,0,,,,,
10/6/1995,1995,10,6,,5,,1.6,,3.3,,14.7,,0,,1.6,,0,,1.6,,0,,,,,
10/7/1995,1995,10,7,,8.1,,0.5,,4.3,,13.7,,0,,2.8,,0,,2.8,,0,,,,,
10/8/1995,1995,10,8,,9.9,,3.1,,6.5,,11.5,,0,,0,,0,,0,,0,,,,,
10/9/1995,1995,10,9,,8.5,,-1,,3.8,,14.2,,0,,1.4,,0,,1.4,,0,,,,,
10/10/1995,1995,10,10,,7.6,,-0.9,,3.4,,14.6,,0,,0,,0,,0,,0,,,,,
10/11/1995,1995,10,11,,6,,-1.6,,2.2,,15.8,,0,,2.2,,0,T,2.2,,0,,,,,
10/12/1995,1995,10,12,,8,,-1.3,,3.4,,14.6,,0,,1,,0,,1,,0,,,,,
10/13/1995,1995,10,13,,4.6,,-2.2,,1.2,,16.8,,0,,3.2,,0,,3.2,,0,,,,,
10/14/1995,1995,10,14,,6.7,,0.7,,3.7,,14.3,,0,,0,,0,,0,,0,,,,,
10/15/1995,1995,10,15,,3.7,,-7,,-1.7,,19.7,,0,,0,,0,,0,,0,,,,,
10/16/1995,1995,10,16,,1.5,,-11,,-4.8,,22.8,,0,,0,,0,,0,,0,,,,,
10/17/1995,1995,10,17,,-2.7,,-12.4,,-7.6,,25.6,,0,,0,,9,,9,,0,,,,,
10/18/1995,1995,10,18,,5.6,,-5.1,,0.3,,17.7,,0,,0,,0,T,0,T,8,,,,,
10/19/1995,1995,10,19,,4.2,,-6.1,,-1,,19,,0,,1,,0,,1,,5,,,,,
10/20/1995,1995,10,20,,4.6,,-4.4,,0.1,,17.9,,0,,0,,0,,0,,1,,,,,
10/21/1995,1995,10,21,,5.5,,-5.1,,0.2,,17.8,,0,,0,,0,,0,,1,,,,,
10/22/1995,1995,10,22,,2,,-5,,-1.5,,19.5,,0,,0,,1,,1,,,M,,,,
10/23/1995,1995,10,23,,0.5,,-1.4,,-0.5,,18.5,,0,,0,,0.2,,0.2,,2,,,,,
10/24/1995,1995,10,24,,1.5,,-2.9,,-0.7,,18.7,,0,,0,,0,,0,,,M,,,,
10/25/1995,1995,10,25,,-0.6,,-7,,-3.8,,21.8,,0,,0,,3,,3,,,M,,,,
10/26/1995,1995,10,26,,5,,-2.1,,1.5,,16.5,,0,,0,,0.2,,0.2,,3,,,,,
10/27/1995,1995,10,27,,4,,-5.2,,-0.6,,18.6,,0,,0,,0,,0,,3,,,,,
10/28/1995,1995,10,28,,2.4,,-6.1,,-1.9,,19.9,,0,,0,,0,,0,,3,,,,,
10/29/1995,1995,10,29,,-1,,-13.1,,-7.1,,25.1,,0,,0,,0,,0,,3,,,,,
10/30/1995,1995,10,30,,-4.4,,-16.4,,-10.4,,28.4,,0,,0,,0,,0,,,M,,,,
10/31/1995,1995,10,31,,-7.3,,-14.8,,-11.1,,29.1,,0,,0,,0,,0,,3,,,,,
11/1/1995,1995,11,1,,-6.7,,-18.4,,-12.6,,30.6,,0,,0,,0,,0,,3,,,,,
11/2/1995,1995,11,2,,-1,,-17.1,,-9.1,,27.1,,0,,0,,0,,0,,3,,,,,
11/3/1995,1995,11,3,,-2,,-14.7,,-8.4,,26.4,,0,,0,,1,,1,,3,,,,,
11/4/1995,1995,11,4,,-2,,-5.7,,-3.9,,21.9,,0,,0,,4.8,,4.8,,4,,,,,
11/5/1995,1995,11,5,,-5.7,,-7.1,,-6.4,,24.4,,0,,0,,0,T,0,T,7,,,,,
11/6/1995,1995,11,6,,-9,,-10.5,,-9.8,,27.8,,0,,0,,0,T,0,T,6,,,,,
11/7/1995,1995,11,7,,-12.5,,-14.7,,-13.6,,31.6,,0,,0,,0.2,,0.2,,6,,,,,
11/8/1995,1995,11,8,,-11,,-14.7,,-12.9,,30.9,,0,,0,,0.4,,0.4,,6,,,,,
11/9/1995,1995,11,9,,-14.9,,-24.9,,-19.9,,37.9,,0,,0,,0,,0,,6,,,,,
11/10/1995,1995,11,10,,-14.6,,-27.7,,-21.2,,39.2,,0,,0,,0.4,,0.4,,6,,,,,
11/11/1995,1995,11,11,,-14.1,,-24,,-19.1,,37.1,,0,,0,,1.2,,1.2,,6,,,,,
11/12/1995,1995,11,12,,-14.7,,-21.5,,-18.1,,36.1,,0,,0,,2,,2,,7,,,,,
11/13/1995,1995,11,13,,-14.1,,-24,,-19.1,,37.1,,0,,0,,0.2,,0.2,,9,,,,,
11/14/1995,1995,11,14,,-13.9,,-25.2,,-19.6,,37.6,,0,,0,,0.6,,0.6,,9,,,,,
11/15/1995,1995,11,15,,-9,,-23.3,,-16.2,,34.2,,0,,0,,5,,5,,9,,,,,
11/16/1995,1995,11,16,,-8.7,,-16.7,,-12.7,,30.7,,0,,0,,1.4,,1.4,,13,,,,,
11/17/1995,1995,11,17,,-8.5,,-11.1,,-9.8,,27.8,,0,,0,,0.2,,0.2,,13,,,,,
11/18/1995,1995,11,18,,-9.1,,-12,,-10.6,,28.6,,0,,0,,0,,0,,13,,,,,
11/19/1995,1995,11,19,,-12.4,,-23.9,,-18.2,,36.2,,0,,0,,5,,5,,13,,,,,
11/20/1995,1995,11,20,,-9,,-19.6,,-14.3,,32.3,,0,,0,,0.2,,0.2,,18,,,,,
11/21/1995,1995,11,21,,-7.3,,-13,,-10.2,,28.2,,0,,0,,2,,2,,18,,,,,
11/22/1995,1995,11,22,,-11.3,,-13,,-12.2,,30.2,,0,,0,,6,,6,,20,,,,,
11/23/1995,1995,11,23,,-12.7,,-16.2,,-14.5,,32.5,,0,,0,,3.8,,3.8,,24,,,,,
11/24/1995,1995,11,24,,-16.3,,-18.3,,-17.3,,35.3,,0,,0,,4,,4,,27,,,,,
11/25/1995,1995,11,25,,-17.5,,-18.9,,-18.2,,36.2,,0,,0,,6.5,,6.5,,31,,,,,
11/26/1995,1995,11,26,,-18,,-22.4,,-20.2,,38.2,,0,,0,,1.4,,1.4,,35,,,,,
11/27/1995,1995,11,27,,-19.6,,-21.7,,-20.7,,38.7,,0,,0,,2.2,,2.2,,36,,,,,
11/28/1995,1995,11,28,,-20.7,,-24.8,,-22.8,,40.8,,0,,0,,1,,1,,38,,,,,
11/29/1995,1995,11,29,,-20.7,,-29.9,,-25.3,,43.3,,0,,0,,1.2,,1.2,,38,,,,,
11/30/1995,1995,11,30,,-21.5,,-25.1,,-23.3,,41.3,,0,,0,,0.8,,0.8,,39,,,,,
12/1/1995,1995,12,1,,-24.2,,-35.7,,-30,,48,,0,,0,,2.2,,2.2,,39,,,,,
12/2/1995,1995,12,2,,-23.6,,-30.5,,-27.1,,45.1,,0,,0,,3.2,,3.2,,39,,,,,
12/3/1995,1995,12,3,,-27.8,,-33,,-30.4,,48.4,,0,,0,,0.4,,0.4,,39,,,,,
12/4/1995,1995,12,4,,-33.6,,-43.7,,-38.7,,56.7,,0,,0,,2,,2,,39,,,,,
12/5/1995,1995,12,5,,-30.1,,-41,,-35.6,,53.6,,0,,0,,0.6,,0.6,,41,,,,,
12/6/1995,1995,12,6,,-37.3,,-44.2,,-40.8,,58.8,,0,,0,,0,T,0,T,41,,,,,
12/7/1995,1995,12,7,,-38.8,,-48.6,,-43.7,,61.7,,0,,0,,0,,0,,40,,,,,
12/8/1995,1995,12,8,,-36.8,,-44,,-40.4,,58.4,,0,,0,,0,,0,,40,,,,,
12/9/1995,1995,12,9,,-38.1,,-42.8,,-40.5,,58.5,,0,,0,,0,T,0,T,40,,,,,
12/10/1995,1995,12,10,,-26,,-44.5,,-35.3,,53.3,,0,,0,,0.2,,0.2,,40,,,,,
12/11/1995,1995,12,11,,-22.5,,-34.7,,-28.6,,46.6,,0,,0,,0.4,,0.4,,40,,,,,
12/12/1995,1995,12,12,,-24.1,,-33.7,,-28.9,,46.9,,0,,0,,0,T,0,T,39,,,,,
12/13/1995,1995,12,13,,-20.3,,-27.1,,-23.7,,41.7,,0,,0,,2.4,,2.4,,39,,,,,
12/14/1995,1995,12,14,,-17.9,,-23,,-20.5,,38.5,,0,,0,,0.2,,0.2,,41,,,,,
12/15/1995,1995,12,15,,-17,,-22.3,,-19.7,,37.7,,0,,0,,0.2,,0.2,,41,,,,,
12/16/1995,1995,12,16,,-19.6,,-24.8,,-22.2,,40.2,,0,,0,,0.4,,0.4,,41,,,,,
12/17/1995,1995,12,17,,-16.5,,-23.3,,-19.9,,37.9,,0,,0,,4.4,,4.4,,41,,,,,
12/18/1995,1995,12,18,,-18,,-21.8,,-19.9,,37.9,,0,,0,,0.4,,0.4,,45,,,,,
12/19/1995,1995,12,19,,-16.8,,-20.4,,-18.6,,36.6,,0,,0,,0,,0,,45,,,,,
12/20/1995,1995,12,20,,-15,,-26.3,,-20.7,,38.7,,0,,0,,2.2,,2.2,,44,,,,,
12/21/1995,1995,12,21,,-12.9,,-23.5,,-18.2,,36.2,,0,,0,,0,T,0,T,46,,,,,
12/22/1995,1995,12,22,,-10.4,,-17.2,,-13.8,,31.8,,0,,0,,0,,0,,46,,,,,
12/23/1995,1995,12,23,,-11.1,,-15,,-13.1,,31.1,,0,,0,,0,T,0,T,46,,,,,
12/24/1995,1995,12,24,,-10.2,,-16.2,,-13.2,,31.2,,0,,0,,0,T,0,T,46,,,,,
12/25/1995,1995,12,25,,-8.1,,-18.5,,-13.3,,31.3,,0,,0,,3.2,,3.2,,46,,,,,
12/26/1995,1995,12,26,,-7,,-13.9,,-10.5,,28.5,,0,,0,,0.4,,0.4,,48,,,,,
12/27/1995,1995,12,27,,-12,,-16.5,,-14.3,,32.3,,0,,0,,0,T,0,T,47,,,,,
12/28/1995,1995,12,28,,-10,,-20.8,,-15.4,,33.4,,0,,0,,1,,1,,47,,,,,
12/29/1995,1995,12,29,,-8.5,,-18,,-13.3,,31.3,,0,,0,,0,,0,,48,,,,,
12/30/1995,1995,12,30,,-9.6,,-15.3,,-12.5,,30.5,,0,,0,,1.6,,1.6,,48,,,,,
12/31/1995,1995,12,31,,-9.5,,-19.7,,-14.6,,32.6,,0,,0,,0,,0,,49,,,,,
1/1/1996,1996,1,1,,-9.5,,-15.5,,-12.5,,30.5,,0,,0,,7,,7,,48,,,,,
1/2/1996,1996,1,2,,-10,,-13,,-11.5,,29.5,,0,,0,,0.6,,0.6,,55,,,,,
1/3/1996,1996,1,3,,-14,,-22.5,,-18.3,,36.3,,0,,0,,0,T,0,T,53,,,,,
1/4/1996,1996,1,4,,-16.5,,-26.5,,-21.5,,39.5,,0,,0,,0,T,0,T,53,,,,,
1/5/1996,1996,1,5,,-21,,-22,,-21.5,,39.5,,0,,0,,2,,2,,53,,,,,
1/6/1996,1996,1,6,,-18.5,,-23,,-20.8,,38.8,,0,,0,,6.6,,6.6,,55,,,,,
1/7/1996,1996,1,7,,-17,,-23.5,,-20.3,,38.3,,0,,0,,0.4,,0.4,,60,,,,,
1/8/1996,1996,1,8,,-16,,-26,,-21,,39,,0,,0,,0,,0,,59,,,,,
1/9/1996,1996,1,9,,-12,,-21.5,,-16.8,,34.8,,0,,0,,0,T,0,T,59,,,,,
1/10/1996,1996,1,10,,-17.5,,-26.5,,-22,,40,,0,,0,,4.6,,4.6,,56,,,,,
1/11/1996,1996,1,11,,-22,,-24.5,,-23.3,,41.3,,0,,0,,1.6,,1.6,,60,,,,,
1/12/1996,1996,1,12,,-25,,-34,,-29.5,,47.5,,0,,0,,0.2,,0.2,,60,,,,,
1/13/1996,1996,1,13,,-41.5,,-49.5,,-45.5,,63.5,,0,,0,,0,,0,,60,,,,,
1/14/1996,1996,1,14,,-41.5,,-49,,-45.3,,63.3,,0,,0,,0,,0,,60,,,,,
1/15/1996,1996,1,15,,-41,,-48,,-44.5,,62.5,,0,,0,,0,,0,,59,,,,,
1/16/1996,1996,1,16,,-43.5,,-51,,-47.3,,65.3,,0,,0,,0,,0,,59,,,,,
1/17/1996,1996,1,17,,-45,,-50.5,,-47.8,,65.8,,0,,0,,0,,0,,57,,,,,
1/18/1996,1996,1,18,,-45,,-53,,-49,,67,,0,,0,,0,,0,,57,,,,,
1/19/1996,1996,1,19,,-44,,-52.5,,-48.3,,66.3,,0,,0,,0,,0,,57,,,,,
1/20/1996,1996,1,20,,-38.5,,-51,,-44.8,,62.8,,0,,0,,0,,0,,57,,,,,
1/21/1996,1996,1,21,,-37,,-47,,-42,,60,,0,,0,,0,,0,,57,,,,,
1/22/1996,1996,1,22,,-33,,-41.5,,-37.3,,55.3,,0,,0,,0,,0,,57,,,,,
1/23/1996,1996,1,23,,-38.5,,-45.5,,-42,,60,,0,,0,,0,,0,,57,,,,,
1/24/1996,1996,1,24,,-38.5,,-47.5,,-43,,61,,0,,0,,0,,0,,57,,,,,
1/25/1996,1996,1,25,,-37,,-47.5,,-42.3,,60.3,,0,,0,,0,,0,,56,,,,,
1/26/1996,1996,1,26,,-39.5,,-48,,-43.8,,61.8,,0,,0,,0,,0,,56,,,,,
1/27/1996,1996,1,27,,-42.5,,-51.5,,-47,,65,,0,,0,,0,,0,,56,,,,,
1/28/1996,1996,1,28,,-42,,-51.5,,-46.8,,64.8,,0,,0,,0,,0,,56,,,,,
1/29/1996,1996,1,29,,-27.8,,-50.5,,-39.2,,57.2,,0,,0,,0,,0,,56,,,,,
1/30/1996,1996,1,30,,-21,,-37,,-29,,47,,0,,0,,0,,0,,55,,,,,
1/31/1996,1996,1,31,,-18,,-28.5,,-23.3,,41.3,,0,,0,,0,T,0,T,54,,,,,
2/1/1996,1996,2,1,,-17.5,,-27,,-22.3,,40.3,,0,,0,,1.2,,1.2,,54,,,,,
2/2/1996,1996,2,2,,-17.5,,-34,,-25.8,,43.8,,0,,0,,1.4,,1.4,,55,,,,,
2/3/1996,1996,2,3,,-16.5,,-22,,-19.3,,37.3,,0,,0,,3.6,,3.6,,56,,,,,
2/4/1996,1996,2,4,,-19.5,,-21,,-20.3,,38.3,,0,,0,,5.2,,5.2,,59,,,,,
2/5/1996,1996,2,5,,-16,,-22.5,,-19.3,,37.3,,0,,0,,1.4,,1.4,,64,,,,,
2/6/1996,1996,2,6,,-12.5,,-22.5,,-17.5,,35.5,,0,,0,,0,,0,,65,,,,,
2/7/1996,1996,2,7,,-2,,-22.5,,-12.3,,30.3,,0,,0,,0,,0,,64,,,,,
2/8/1996,1996,2,8,,-1,,-14.5,,-7.8,,25.8,,0,,0,,0,,0,,62,,,,,
2/9/1996,1996,2,9,,-2,,-24,,-13,,31,,0,,0,,0,,0,,60,,,,,
2/10/1996,1996,2,10,,0.5,,-9,,-4.3,,22.3,,0,,0,,0,,0,,59,,,,,
2/11/1996,1996,2,11,,3.5,,-6,,-1.3,,19.3,,0,,0,,0,,0,,58,,,,,
2/12/1996,1996,2,12,,-3.5,,-13,,-8.3,,26.3,,0,,0,,4,,4,,57,,,,,
2/13/1996,1996,2,13,,0.5,,-6.5,,-3,,21,,0,,0,,0.4,,0.4,,61,,,,,
2/14/1996,1996,2,14,,-4,,-14.5,,-9.3,,27.3,,0,,0,,3,,3,,61,,,,,
2/15/1996,1996,2,15,,0,,-7,,-3.5,,21.5,,0,,0,,0,,0,,63,,,,,
2/16/1996,1996,2,16,,-4,,-16.5,,-10.3,,28.3,,0,,0,,8,,8,,63,,,,,
2/17/1996,1996,2,17,,-3,,-6.5,,-4.8,,22.8,,0,,0,,5,,5,,71,,,,,
2/18/1996,1996,2,18,,-7,,-13,,-10,,28,,0,,0,,0.6,,0.6,,75,,,,,
2/19/1996,1996,2,19,,-10,,-19.5,,-14.8,,32.8,,0,,0,,4.4,,4.4,,75,,,,,
2/20/1996,1996,2,20,,-9.5,,-14,,-11.8,,29.8,,0,,0,,10.6,,10.6,,79,,,,,
2/21/1996,1996,2,21,,-13.5,,-22.5,,-18,,36,,0,,0,,0.8,,0.8,,86,,,,,
2/22/1996,1996,2,22,,-16.5,,-32,,-24.3,,42.3,,0,,0,,2.6,,2.6,,86,,,,,
2/23/1996,1996,2,23,,-15,,-19,,-17,,35,,0,,0,,1.2,,1.2,,88,,,,,
2/24/1996,1996,2,24,,-20.4,,-29,,-24.7,,42.7,,0,,0,,0,,0,,89,,,,,
2/25/1996,1996,2,25,,-18,,-42,,-30,,48,,0,,0,,0,,0,,89,,,,,
2/26/1996,1996,2,26,,-13.5,,-33.5,,-23.5,,41.5,,0,,0,,0,,0,,89,,,,,
2/27/1996,1996,2,27,,-7,,-27,,-17,,35,,0,,0,,0,,0,,88,,,,,
2/28/1996,1996,2,28,,-8,,-27.5,,-17.8,,35.8,,0,,0,,0,,0,,88,,,,,
2/29/1996,1996,2,29,,-2,,-26,,-14,,32,,0,,0,,0,,0,,88,,,,,
3/1/1996,1996,3,1,,0.5,,-21.5,,-10.5,,28.5,,0,,0,,0,,0,,88,,,,,
3/2/1996,1996,3,2,,1.5,,-17.5,,-8,,26,,0,,0,,4,,4,,88,,,,,
3/3/1996,1996,3,3,,-8,,-28,,-18,,36,,0,,0,,0,,0,,92,,,,,
3/4/1996,1996,3,4,,-12,,-33.5,,-22.8,,40.8,,0,,0,,0,,0,,92,,,,,
3/5/1996,1996,3,5,,-9.5,,-25,,-17.3,,35.3,,0,,0,,0.8,,0.8,,88,,,,,
3/6/1996,1996,3,6,,-11,,-24,,-17.5,,35.5,,0,,0,,0,,0,,84,,,,,
3/7/1996,1996,3,7,,-12.5,,-37.5,,-25,,43,,0,,0,,0,,0,,80,,,,,
3/8/1996,1996,3,8,,-10,,-37.5,,-23.8,,41.8,,0,,0,,5,,5,,78,,,,,
3/9/1996,1996,3,9,,-6.5,,-14.5,,-10.5,,28.5,,0,,0,,0,,0,,83,,,,,
3/10/1996,1996,3,10,,8.5,,-14,,-2.8,,20.8,,0,,0,,0,,0,,82,,,,,
3/11/1996,1996,3,11,,6.5,,-5.5,,0.5,,17.5,,0,,0,,0,,0,,75,,,,,
3/12/1996,1996,3,12,,3,,-7,,-2,,20,,0,,0,,4,,4,,70,,,,,
3/13/1996,1996,3,13,,8,,-5,,1.5,,16.5,,0,,0,T,0,,0,T,73,,,,,
3/14/1996,1996,3,14,,2,,-4,,-1,,19,,0,,0,,2.4,,2.4,,66,,,,,
3/15/1996,1996,3,15,,2.5,,-15,,-6.3,,24.3,,0,,0,,0,,0,,68,,,,,
3/16/1996,1996,3,16,,6.5,,-3,,1.8,,16.2,,0,,0,,0,,0,,68,,,,,
3/17/1996,1996,3,17,,6.5,,0.5,,3.5,,14.5,,0,,0,,0,,0,,64,,,,,
3/18/1996,1996,3,18,,5.5,,-5.5,,0,,18,,0,,0,,4,,4,,61,,,,,
3/19/1996,1996,3,19,,0.5,,-7,,-3.3,,21.3,,0,,0,,2,,2,,65,,,,,
3/20/1996,1996,3,20,,-10,,-19.5,,-14.8,,32.8,,0,,0,,0,,0,,61,,,,,
3/21/1996,1996,3,21,,-6.5,,-29.5,,-18,,36,,0,,0,,0,,0,,61,,,,,
3/22/1996,1996,3,22,,-4.5,,-32,,-18.3,,36.3,,0,,0,,0,,0,,60,,,,,
3/23/1996,1996,3,23,,-3.5,,-31.5,,-17.5,,35.5,,0,,0,,0,,0,,59,,,,,
3/24/1996,1996,3,24,,-3,,-28.5,,-15.8,,33.8,,0,,0,,1.6,,1.6,,57,,,,,
3/25/1996,1996,3,25,,2,,-17.5,,-7.8,,25.8,,0,,0,,0,,0,,58,,,,,
3/26/1996,1996,3,26,,3.5,,-23.5,,-10,,28,,0,,0,,0,,0,,58,,,,,
3/27/1996,1996,3,27,,3,,-16,,-6.5,,24.5,,0,,0,,0,T,0,T,57,,,,,
3/28/1996,1996,3,28,,0,,-9,,-4.5,,22.5,,0,,0,,0,,0,,57,,,,,
3/29/1996,1996,3,29,,-2,,-25,,-13.5,,31.5,,0,,0,,0,,0,,56,,,,,
3/30/1996,1996,3,30,,-4.5,,-15,,-9.8,,27.8,,0,,0,,0,,0,,55,,,,,
3/31/1996,1996,3,31,,-9,,-27.5,,-18.3,,36.3,,0,,0,,0.4,,0.4,,54,,,,,
4/1/1996,1996,4,1,,-11,,-18,,-14.5,,32.5,,0,,0,,1.2,,1.2,,54,,,,,
4/2/1996,1996,4,2,,-9.5,,-25,,-17.3,,35.3,,0,,0,,0,T,0,T,54,,,,,
4/3/1996,1996,4,3,,-1,,-30,,-15.5,,33.5,,0,,0,,0.2,,0.2,,54,,,,,
4/4/1996,1996,4,4,,6.5,,-12,,-2.8,,20.8,,0,,0,,0.6,,0.6,,54,,,,,
4/5/1996,1996,4,5,,10,,-5,,2.5,,15.5,,0,,0,,0,,0,,53,,,,,
4/6/1996,1996,4,6,,5.5,,-4,,0.8,,17.2,,0,,0,,0,,0,,50,,,,,
4/7/1996,1996,4,7,,5,,-9.5,,-2.3,,20.3,,0,,0,,0,,0,,46,,,,,
4/8/1996,1996,4,8,,5,,-8,,-1.5,,19.5,,0,,0,,0,,0,,46,,,,,
4/9/1996,1996,4,9,,3,,-15.5,,-6.3,,24.3,,0,,0,,0,,0,,45,,,,,
4/10/1996,1996,4,10,,4,,-16,,-6,,24,,0,,0,,0,T,0,T,43,,,,,
4/11/1996,1996,4,11,,0.5,,-7,,-3.3,,21.3,,0,,0,,0,T,0,T,43,,,,,
4/12/1996,1996,4,12,,1,,-10,,-4.5,,22.5,,0,,0,,0,T,0,T,43,,,,,
4/13/1996,1996,4,13,,6,,-17.5,,-5.8,,23.8,,0,,0,,0,,0,,43,,,,,
4/14/1996,1996,4,14,,11,,-15.5,,-2.3,,20.3,,0,,0,,0,,0,,40,,,,,
4/15/1996,1996,4,15,,13.5,,-2.5,,5.5,,12.5,,0,,0,,0,T,0,T,38,,,,,
4/16/1996,1996,4,16,,10.5,,-1.5,,4.5,,13.5,,0,,0,,0,,0,,35,,,,,
4/17/1996,1996,4,17,,3,,0.5,,1.8,,16.2,,0,,0,,0.4,,0.4,,30,,,,,
4/18/1996,1996,4,18,,6.5,,-1,,2.8,,15.2,,0,,0,,2.4,,2.4,,30,,,,,
4/19/1996,1996,4,19,,8.5,,0,,4.3,,13.7,,0,,0,,2,,2,,25,,,,,
4/20/1996,1996,4,20,,9.5,,-3.5,,3,,15,,0,,0,,0,,0,,23,,,,,
4/21/1996,1996,4,21,,13,,-7.5,,2.8,,15.2,,0,,0,,0,,0,,22,,,,,
4/22/1996,1996,4,22,,13,,-6.5,,3.3,,14.7,,0,,0,,0,,0,,20,,,,,
4/23/1996,1996,4,23,,12,,1.5,,6.8,,11.2,,0,,0,,0,,0,,15,,,,,
4/24/1996,1996,4,24,,14.5,,0,,7.3,,10.7,,0,,0,,0,,0,,12,,,,,
4/25/1996,1996,4,25,,11.5,,1,,6.3,,11.7,,0,,0,,0,,0,,9,,,,,
4/26/1996,1996,4,26,,12.5,,-1,,5.8,,12.2,,0,,0.2,,0,,0.2,,7,,,,,
4/27/1996,1996,4,27,,8.5,,0,,4.3,,13.7,,0,,0,,0,T,0,T,0,T,,,,
4/28/1996,1996,4,28,,10,,-4.5,,2.8,,15.2,,0,,0,,0,,0,,0,T,,,,
4/29/1996,1996,4,29,,11,,-4,,3.5,,14.5,,0,,0,T,0,,0,T,0,,,,,
4/30/1996,1996,4,30,,10.5,,2,,6.3,,11.7,,0,,0,,0,T,0,T,0,,,,,
5/1/1996,1996,5,1,,11.5,,-4,,3.8,,14.2,,0,,0,,0,,0,,0,T,,,,
5/2/1996,1996,5,2,,12.5,,-0.5,,6,,12,,0,,0,,0,T,0,T,0,T,,,,
5/3/1996,1996,5,3,,10.5,,-2.5,,4,,14,,0,,0,,0,T,0,T,0,T,,,,
5/4/1996,1996,5,4,,7,,-3.5,,1.8,,16.2,,0,,0,,0,,0,,0,T,,,,
5/5/1996,1996,5,5,,2.5,,-5,,-1.3,,19.3,,0,,0,,0,T,0,T,0,T,,,,
5/6/1996,1996,5,6,,4,,-4.5,,-0.3,,18.3,,0,,0,,0,,0,,0,T,,,,
5/7/1996,1996,5,7,,5,,-4,,0.5,,17.5,,0,,0,,0,,0,,0,T,,,,
5/8/1996,1996,5,8,,5.5,,-4.5,,0.5,,17.5,,0,,0,,0,,0,,0,T,,,,
5/9/1996,1996,5,9,,8.5,,-4,,2.3,,15.7,,0,,0,,0,,0,,0,T,,,,
5/10/1996,1996,5,10,,13,,-6.5,,3.3,,14.7,,0,,0,,0,,0,,0,T,,,,
5/11/1996,1996,5,11,,12,,-3,,4.5,,13.5,,0,,0,,0,,0,,0,T,,,,
5/12/1996,1996,5,12,,14,,-0.5,,6.8,,11.2,,0,,0.8,,0,,0.8,,0,T,,,,
5/13/1996,1996,5,13,,7.5,,1.5,,4.5,,13.5,,0,,0,,0,T,0,T,0,T,,,,
5/14/1996,1996,5,14,,11.5,,-1.5,,5,,13,,0,,0,,0,,0,,0,T,,,,
5/15/1996,1996,5,15,,12.5,,3,,7.8,,10.2,,0,,0.2,,0,,0.2,,0,T,,,,
5/16/1996,1996,5,16,,12,,0,,6,,12,,0,,0.2,,0,,0.2,,0,T,,,,
5/17/1996,1996,5,17,,13.5,,-2.5,,5.5,,12.5,,0,,0,,0,,0,,0,T,,,,
5/18/1996,1996,5,18,,17.5,,-2.5,,7.5,,10.5,,0,,0,,0,,0,,0,T,,,,
5/19/1996,1996,5,19,,16,,4,,10,,8,,0,,1.8,,0,,1.8,,0,,,,,
5/20/1996,1996,5,20,,16,,0.5,,8.3,,9.7,,0,,0,,0,,0,,0,,,,,
5/21/1996,1996,5,21,,18.5,,1.5,,10,,8,,0,,0,T,0,,0,T,0,,,,,
5/22/1996,1996,5,22,,16,,1.5,,8.8,,9.2,,0,,0.6,,0,,0.6,,0,,,,,
5/23/1996,1996,5,23,,19.5,,4,,11.8,,6.2,,0,,0.4,,0,,0.4,,0,,,,,
5/24/1996,1996,5,24,,15.5,,0.5,,8,,10,,0,,4.8,,0,,4.8,,0,,,,,
5/25/1996,1996,5,25,,15,,6,,10.5,,7.5,,0,,0,,0,,0,,0,,,,,
5/26/1996,1996,5,26,,11,,3.5,,7.3,,10.7,,0,,0,,0,,0,,0,,,,,
5/27/1996,1996,5,27,,17,,4.5,,10.8,,7.2,,0,,0,,0,,0,,0,,,,,
5/28/1996,1996,5,28,,15,,2.5,,8.8,,9.2,,0,,1.6,,0,,1.6,,0,,,,,
5/29/1996,1996,5,29,,15.5,,5.5,,10.5,,7.5,,0,,1.2,,0,,1.2,,0,,,,,
5/30/1996,1996,5,30,,15.5,,0,,7.8,,10.2,,0,,0,T,0,,0,T,0,,,,,
5/31/1996,1996,5,31,,21,,0.5,,10.8,,7.2,,0,,0,,0,,0,,0,,,,,
6/1/1996,1996,6,1,,19.5,,7.5,,13.5,,4.5,,0,,0,,0,,0,,0,,,,,
6/2/1996,1996,6,2,,19.5,,5,,12.3,,5.7,,0,,3.6,,0,,3.6,,0,,,,,
6/3/1996,1996,6,3,,19.5,,3.5,,11.5,,6.5,,0,,0,,0,,0,,0,,,,,
6/4/1996,1996,6,4,,15,,6,,10.5,,7.5,,0,,1.2,,0,,1.2,,0,,,,,
6/5/1996,1996,6,5,,15.5,,7,,11.3,,6.7,,0,,6,,0,,6,,0,,,,,
6/6/1996,1996,6,6,,11,,5.5,,8.3,,9.7,,0,,5,,0,,5,,0,,,,,
6/7/1996,1996,6,7,,15.5,,6.5,,11,,7,,0,,0.4,,0,,0.4,,0,,,,,
6/8/1996,1996,6,8,,16,,8,,12,,6,,0,,0,,0,,0,,0,,,,,
6/9/1996,1996,6,9,,13,,5.5,,9.3,,8.7,,0,,0.6,,0,,0.6,,0,,,,,
6/10/1996,1996,6,10,,14.5,,1,,7.8,,10.2,,0,,2.8,,0,,2.8,,0,,,,,
6/11/1996,1996,6,11,,16,,4.5,,10.3,,7.7,,0,,0,,0,,0,,0,,,,,
6/12/1996,1996,6,12,,15,,5.5,,10.3,,7.7,,0,,0,,0,,0,,0,,,,,
6/13/1996,1996,6,13,,11.5,,5.5,,8.5,,9.5,,0,,0.4,,0,,0.4,,0,,,,,
6/14/1996,1996,6,14,,17,,-1,,8,,10,,0,,0,,0,,0,,0,,,,,
6/15/1996,1996,6,15,,16.5,,9,,12.8,,5.2,,0,,0.6,,0,,0.6,,0,,,,,
6/16/1996,1996,6,16,,20.5,,9,,14.8,,3.2,,0,,0,,0,,0,,0,,,,,
6/17/1996,1996,6,17,,19.5,,3,,11.3,,6.7,,0,,0.2,,0,,0.2,,0,,,,,
6/18/1996,1996,6,18,,22.5,,6.5,,14.5,,3.5,,0,,0,T,0,,0,T,0,,,,,
6/19/1996,1996,6,19,,22,,4.5,,13.3,,4.7,,0,,0,,0,,0,,0,,,,,
6/20/1996,1996,6,20,,25,,6.5,,15.8,,2.2,,0,,0,,0,,0,,0,,,,,
6/21/1996,1996,6,21,,22,,8.5,,15.3,,2.7,,0,,0,,0,,0,,0,,,,,
6/22/1996,1996,6,22,,23.5,,10,,16.8,,1.2,,0,,0,,0,,0,,0,,,,,
6/23/1996,1996,6,23,,25,,10,,17.5,,0.5,,0,,0,,0,,0,,0,,,,,
6/24/1996,1996,6,24,,26.5,,6,,16.3,,1.7,,0,,0,,0,,0,,0,,,,,
6/25/1996,1996,6,25,,25.5,,10,,17.8,,0.2,,0,,0,,0,,0,,0,,,,,
6/26/1996,1996,6,26,,22,,6,,14,,4,,0,,0,,0,,0,,0,,,,,
6/27/1996,1996,6,27,,22,,6,,14,,4,,0,,0,,0,,0,,0,,,,,
6/28/1996,1996,6,28,,16.5,,7,,11.8,,6.2,,0,,0,,0,,0,,0,,,,,
6/29/1996,1996,6,29,,16.5,,7.5,,12,,6,,0,,0.4,,0,,0.4,,0,,,,,
6/30/1996,1996,6,30,,17,,10,,13.5,,4.5,,0,,0.6,,0,,0.6,,0,,,,,
7/1/1996,1996,7,1,,15,,7.5,,11.3,,6.7,,0,,5.2,,0,,5.2,,0,,,,,
7/2/1996,1996,7,2,,17,,7.5,,12.3,,5.7,,0,,1.6,,0,,1.6,,0,,,,,
7/3/1996,1996,7,3,,19.5,,6.5,,13,,5,,0,,1.2,,0,,1.2,,0,,,,,
7/4/1996,1996,7,4,,13.5,,10.5,,12,,6,,0,,5,,0,,5,,0,,,,,
7/5/1996,1996,7,5,,19,,7,,13,,5,,0,,0.8,,0,,0.8,,0,,,,,
7/6/1996,1996,7,6,,18.5,,9.5,,14,,4,,0,,0.6,,0,,0.6,,0,,,,,
7/7/1996,1996,7,7,,24,,6.5,,15.3,,2.7,,0,,0,,0,,0,,0,,,,,
7/8/1996,1996,7,8,,24,,4.5,,14.3,,3.7,,0,,2.4,,0,,2.4,,0,,,,,
7/9/1996,1996,7,9,,16.5,,12,,14.3,,3.7,,0,,2.6,,0,,2.6,,0,,,,,
7/10/1996,1996,7,10,,18.5,,10,,14.3,,3.7,,0,,0,,0,,0,,0,,,,,
7/11/1996,1996,7,11,,19,,12,,15.5,,2.5,,0,,0,,0,,0,,0,,,,,
7/12/1996,1996,7,12,,22,,5,,13.5,,4.5,,0,,0,,0,,0,,0,,,,,
7/13/1996,1996,7,13,,20,,12,,16,,2,,0,,0,,0,,0,,0,,,,,
7/14/1996,1996,7,14,,17.5,,7.5,,12.5,,5.5,,0,,0,,0,,0,,0,,,,,
7/15/1996,1996,7,15,,15,,4.5,,9.8,,8.2,,0,,11.8,,0,,11.8,,0,,,,,
7/16/1996,1996,7,16,,18,,7.5,,12.8,,5.2,,0,,1.8,,0,,1.8,,0,,,,,
7/17/1996,1996,7,17,,21,,5.5,,13.3,,4.7,,0,,0,,0,,0,,0,,,,,
7/18/1996,1996,7,18,,17,,10.5,,13.8,,4.2,,0,,0,,0,,0,,0,,,,,
7/19/1996,1996,7,19,,19,,11,,15,,3,,0,,0.4,,0,,0.4,,0,,,,,
7/20/1996,1996,7,20,,27,,12.5,,19.8,,0,,1.8,,0,,0,,0,,0,,,,,
7/21/1996,1996,7,21,,20.5,,10,,15.3,,2.7,,0,,0,,0,,0,,0,,,,,
7/22/1996,1996,7,22,,21,,6.5,,13.8,,4.2,,0,,0,,0,,0,,0,,,,,
7/23/1996,1996,7,23,,22.5,,6.5,,14.5,,3.5,,0,,0,,0,,0,,0,,,,,
7/24/1996,1996,7,24,,23,,12.5,,17.8,,0.2,,0,,0,,0,,0,,0,,,,,
7/25/1996,1996,7,25,,27.5,,9,,18.3,,0,,0.3,,0,,0,,0,,0,,,,,
7/26/1996,1996,7,26,,27.5,,10.5,,19,,0,,1,,0,,0,,0,,0,,,,,
7/27/1996,1996,7,27,,29.5,,9.5,,19.5,,0,,1.5,,0,,0,,0,,0,,,,,
7/28/1996,1996,7,28,,30.5,,8,,19.3,,0,,1.3,,0.2,,0,,0.2,,0,,,,,
7/29/1996,1996,7,29,,28,,14.5,,21.3,,0,,3.3,,1.6,,0,,1.6,,0,,,,,
7/30/1996,1996,7,30,,23,,12,,17.5,,0.5,,0,,0.2,,0,,0.2,,0,,,,,
7/31/1996,1996,7,31,,18.5,,5,,11.8,,6.2,,0,,0,,0,,0,,0,,,,,
8/1/1996,1996,8,1,,21.5,,6,,13.8,,4.2,,0,,0,,0,,0,,0,,,,,
8/2/1996,1996,8,2,,19,,6.5,,12.8,,5.2,,0,,1.4,,0,,1.4,,0,,,,,
8/3/1996,1996,8,3,,11.5,,9.5,,10.5,,7.5,,0,,7.8,,0,,7.8,,0,,,,,
8/4/1996,1996,8,4,,10,,7,,8.5,,9.5,,0,,4.6,,0,,4.6,,0,,,,,
8/5/1996,1996,8,5,,15,,8,,11.5,,6.5,,0,,2.8,,0,,2.8,,0,,,,,
8/6/1996,1996,8,6,,16.5,,8,,12.3,,5.7,,0,,6.6,,0,,6.6,,0,,,,,
8/7/1996,1996,8,7,,15,,7.5,,11.3,,6.7,,0,,0,T,0,,0,T,0,,,,,
8/8/1996,1996,8,8,,15,,5,,10,,8,,0,,6.2,,0,,6.2,,0,,,,,
8/9/1996,1996,8,9,,16,,7,,11.5,,6.5,,0,,4,,0,,4,,0,,,,,
8/10/1996,1996,8,10,,18.5,,4,,11.3,,6.7,,0,,0,,0,,0,,0,,,,,
8/11/1996,1996,8,11,,20,,3.5,,11.8,,6.2,,0,,0.2,,0,,0.2,,0,,,,,
8/12/1996,1996,8,12,,15,,4.5,,9.8,,8.2,,0,,0.6,,0,,0.6,,0,,,,,
8/13/1996,1996,8,13,,16.5,,2.5,,9.5,,8.5,,0,,0,,0,,0,,0,,,,,
8/14/1996,1996,8,14,,19.5,,1.5,,10.5,,7.5,,0,,0,,0,,0,,0,,,,,
8/15/1996,1996,8,15,,18,,1.5,,9.8,,8.2,,0,,0,T,0,,0,T,0,,,,,
8/16/1996,1996,8,16,,16.5,,9,,12.8,,5.2,,0,,1.4,,0,,1.4,,0,,,,,
8/17/1996,1996,8,17,,20.5,,4,,12.3,,5.7,,0,,0,,0,,0,,0,,,,,
8/18/1996,1996,8,18,,17,,6.5,,11.8,,6.2,,0,,7.4,,0,,7.4,,0,,,,,
8/19/1996,1996,8,19,,13.5,,8,,10.8,,7.2,,0,,1.4,,0,,1.4,,0,,,,,
8/20/1996,1996,8,20,,15,,3.5,,9.3,,8.7,,0,,0,T,0,,0,T,0,,,,,
8/21/1996,1996,8,21,,16.5,,7.5,,12,,6,,0,,1.4,,0,,1.4,,0,,,,,
8/22/1996,1996,8,22,,17,,9,,13,,5,,0,,3.6,,0,,3.6,,0,,,,,
8/23/1996,1996,8,23,,17.5,,7.5,,12.5,,5.5,,0,,0.2,,0,,0.2,,0,,,,,
8/24/1996,1996,8,24,,18.5,,8,,13.3,,4.7,,0,,0,,0,,0,,0,,,,,
8/25/1996,1996,8,25,,18.5,,6,,12.3,,5.7,,0,,0.2,,0,,0.2,,0,,,,,
8/26/1996,1996,8,26,,19,,9,,14,,4,,0,,0.6,,0,,0.6,,0,,,,,
8/27/1996,1996,8,27,,14.5,,8.5,,11.5,,6.5,,0,,0.6,,0,,0.6,,0,,,,,
8/28/1996,1996,8,28,,19.5,,11,,15.3,,2.7,,0,,0.2,,0,,0.2,,0,,,,,
8/29/1996,1996,8,29,,22.5,,12,,17.3,,0.7,,0,,1.8,,0,,1.8,,0,,,,,
8/30/1996,1996,8,30,,18,,12,,15,,3,,0,,3,,0,,3,,0,,,,,
8/31/1996,1996,8,31,,19,,10.5,,14.8,,3.2,,0,,0.2,,0,,0.2,,0,,,,,
9/1/1996,1996,9,1,,18,,3.5,,10.8,,7.2,,0,,0,,0,,0,,0,,,,,
9/2/1996,1996,9,2,,15.5,,1.5,,8.5,,9.5,,0,,0,,0,,0,,0,,,,,
9/3/1996,1996,9,3,,16.5,,4.5,,10.5,,7.5,,0,,0,,0,,0,,0,,,,,
9/4/1996,1996,9,4,,11,,2,,6.5,,11.5,,0,,6.2,,0,T,6.2,,0,,,,,
9/5/1996,1996,9,5,,3,,1.5,,2.3,,15.7,,0,,2,,0.6,,2.6,,0,,,,,
9/6/1996,1996,9,6,,4,,-0.5,,1.8,,16.2,,0,,0.2,,0.4,,0.6,,,M,,,,
9/7/1996,1996,9,7,,8,,1.5,,4.8,,13.2,,0,,0,,0,T,0,T,,M,,,,
9/8/1996,1996,9,8,,13.5,,-2,,5.8,,12.2,,0,,0,,0,,0,,0,,,,,
9/9/1996,1996,9,9,,13.5,,-0.5,,6.5,,11.5,,0,,0.2,,0,,0.2,,0,,,,,
9/10/1996,1996,9,10,,13,,1.5,,7.3,,10.7,,0,,1.4,,0,,1.4,,0,,,,,
9/11/1996,1996,9,11,,19.5,,10,,14.8,,3.2,,0,,0,,0,,0,,0,,,,,
9/12/1996,1996,9,12,,17.5,,7.5,,12.5,,5.5,,0,,0,,0,,0,,0,,,,,
9/13/1996,1996,9,13,,11.5,,2.5,,7,,11,,0,,3.4,,0,,3.4,,0,,,,,
9/14/1996,1996,9,14,,14,,8,,11,,7,,0,,15.2,,0,,15.2,,0,,,,,
9/15/1996,1996,9,15,,11.5,,7,,9.3,,8.7,,0,,0.8,,0,,0.8,,0,,,,,
9/16/1996,1996,9,16,,11.5,,0,,5.8,,12.2,,0,,0,,0,,0,,0,,,,,
9/17/1996,1996,9,17,,14,,0,,7,,11,,0,,1.2,,0,,1.2,,0,,,,,
9/18/1996,1996,9,18,,15,,4,,9.5,,8.5,,0,,0.8,,0,,0.8,,0,,,,,
9/19/1996,1996,9,19,,13,,-1,,6,,12,,0,,0,,0,,0,,0,,,,,
9/20/1996,1996,9,20,,9,,-3,,3,,15,,0,,1,,0,,1,,0,,,,,
9/21/1996,1996,9,21,,7,,2,,4.5,,13.5,,0,,0.2,,0,,0.2,,0,,,,,
9/22/1996,1996,9,22,,8.5,,-3.5,,2.5,,15.5,,0,,0,T,0,,0,T,0,,,,,
9/23/1996,1996,9,23,,10.5,,1,,5.8,,12.2,,0,,0,,0,,0,,0,,,,,
9/24/1996,1996,9,24,,9,,5,,7,,11,,0,,0.2,,0,,0.2,,0,,,,,
9/25/1996,1996,9,25,,12.5,,1,,6.8,,11.2,,0,,8,,0,,8,,0,,,,,
9/26/1996,1996,9,26,,11,,6.5,,8.8,,9.2,,0,,0,,0,,0,,0,,,,,
9/27/1996,1996,9,27,,8.5,,-6.5,,1,,17,,0,,0,,0,,0,,0,,,,,
9/28/1996,1996,9,28,,5,,-3,,1,,17,,0,,0,,0,,0,,0,,,,,
9/29/1996,1996,9,29,,4,,-7,,-1.5,,19.5,,0,,0,T,0,,0,T,0,,,,,
9/30/1996,1996,9,30,,2.5,,-5,,-1.3,,19.3,,0,,0,,0,,0,,0,,,,,
10/1/1996,1996,10,1,,2,,-6.5,,-2.3,,20.3,,0,,0,,0,,0,,0,,,,,
10/2/1996,1996,10,2,,0,,-2,,-1,,19,,0,,0,,2,,2,,0,,,,,
10/3/1996,1996,10,3,,0.5,,-3,,-1.3,,19.3,,0,,0,,1,,1,,2,,,,,
10/4/1996,1996,10,4,,2,,-1.5,,0.3,,17.7,,0,,0,,1,,1,,2,,,,,
10/5/1996,1996,10,5,,6.5,,-0.1,,3.2,,14.8,,0,,0,,0,T,0,T,0,T,,,,
10/6/1996,1996,10,6,,2.5,,-2,,0.3,,17.7,,0,,3.4,,0,,3.4,,0,,,,,
10/7/1996,1996,10,7,,11,,-0.5,,5.3,,12.7,,0,,0.8,,0,,0.8,,0,,,,,
10/8/1996,1996,10,8,,10,,-2,,4,,14,,0,,2.8,,0,,2.8,,0,,,,,
10/9/1996,1996,10,9,,7,,2,,4.5,,13.5,,0,,3.2,,0,,3.2,,0,,,,,
10/10/1996,1996,10,10,,9.5,,0.5,,5,,13,,0,,0.2,,0,,0.2,,0,,,,,
10/11/1996,1996,10,11,,7,,-1,,3,,15,,0,,0,,0,,0,,0,,,,,
10/12/1996,1996,10,12,,6,,-6,,0,,18,,0,,0,,0,,0,,0,,,,,
10/13/1996,1996,10,13,,5.5,,1,,3.3,,14.7,,0,,2,,0,,2,,0,,,,,
10/14/1996,1996,10,14,,5,,-4,,0.5,,17.5,,0,,0,,0,,0,,0,,,,,
10/15/1996,1996,10,15,,3.5,,-11,,-3.8,,21.8,,0,,0,,0,T,0,T,0,,,,,
10/16/1996,1996,10,16,,1.5,,-12.5,,-5.5,,23.5,,0,,0,,0,,0,,0,,,,,
10/17/1996,1996,10,17,,-0.5,,-14,,-7.3,,25.3,,0,,0,,0,,0,,0,,,,,
10/18/1996,1996,10,18,,-4,,-7.5,,-5.8,,23.8,,0,,0,,0,T,0,T,0,,,,,
10/19/1996,1996,10,19,,-4.5,,-16,,-10.3,,28.3,,0,,0,,0,T,0,T,0,,,,,
10/20/1996,1996,10,20,,-6.5,,-14,,-10.3,,28.3,,0,,0,,3.6,,3.6,,0,,,,,
10/21/1996,1996,10,21,,-7.5,,-10,,-8.8,,26.8,,0,,0,,3.6,,3.6,,2,,,,,
10/22/1996,1996,10,22,,-5.5,,-12.5,,-9,,27,,0,,0,,1,,1,,4,,,,,
10/23/1996,1996,10,23,,-3.5,,-14,,-8.8,,26.8,,0,,0,,2,,2,,5,,,,,
10/24/1996,1996,10,24,,-2.5,,-7,,-4.8,,22.8,,0,,0,,2,,2,,7,,,,,
10/25/1996,1996,10,25,,0,,-9,,-4.5,,22.5,,0,,0,,0,T,0,T,8,,,,,
10/26/1996,1996,10,26,,5.5,,-8,,-1.3,,19.3,,0,,0,,0.6,,0.6,,8,,,,,
10/27/1996,1996,10,27,,5,,-4.5,,0.3,,17.7,,0,,0,,10,,10,,7,,,,,
10/28/1996,1996,10,28,,-9,,-21.5,,-15.3,,33.3,,0,,0,,0,,0,,18,,,,,
10/29/1996,1996,10,29,,-6.5,,-20.5,,-13.5,,31.5,,0,,0,,0,,0,,18,,,,,
10/30/1996,1996,10,30,,-8.5,,-19,,-13.8,,31.8,,0,,0,,0,,0,,18,,,,,
10/31/1996,1996,10,31,,3.5,,-16.5,,-6.5,,24.5,,0,,0,,0,,0,,18,,,,,
11/1/1996,1996,11,1,,6,,-6,,0,,18,,0,,0,T,0,,0,T,15,,,,,
11/2/1996,1996,11,2,,-1,,-16,,-8.5,,26.5,,0,,0,,0,,0,,14,,,,,
11/3/1996,1996,11,3,,-7.5,,-21.7,,-14.6,,32.6,,0,,0,,0,,0,,14,,,,,
11/4/1996,1996,11,4,,-2,,-20,,-11,,29,,0,,0,,0,,0,,14,,,,,
11/5/1996,1996,11,5,,3.5,,-14.5,,-5.5,,23.5,,0,,0,,1,,1,,14,,,,,
11/6/1996,1996,11,6,,-2,,-6,,-4,,22,,0,,0,,0,T,0,T,15,,,,,
11/7/1996,1996,11,7,,-7,,-15,,-11,,29,,0,,0,,3,,3,,15,,,,,
11/8/1996,1996,11,8,,-8.5,,-12,,-10.3,,28.3,,0,,0,,2,,2,,17,,,,,
11/9/1996,1996,11,9,,-11,,-17,,-14,,32,,0,,0,,0.4,,0.4,,19,,,,,
11/10/1996,1996,11,10,,-16,,-31.5,,-23.8,,41.8,,0,,0,,0,,0,,19,,,,,
11/11/1996,1996,11,11,,-15.5,,-21.5,,-18.5,,36.5,,0,,0,,0,T,0,T,19,,,,,
11/12/1996,1996,11,12,,-12.5,,-19.5,,-16,,34,,0,,0,,2,,2,,19,,,,,
11/13/1996,1996,11,13,,-10.5,,-14,,-12.3,,30.3,,0,,0,,2.6,,2.6,,20,,,,,
11/14/1996,1996,11,14,,-8.5,,-14,,-11.3,,29.3,,0,,0,,0.6,,0.6,,21,,,,,
11/15/1996,1996,11,15,,-18,,-28.5,,-23.3,,41.3,,0,,0,,0,,0,,21,,,,,
11/16/1996,1996,11,16,,-20.5,,-32,,-26.3,,44.3,,0,,0,,0,,0,,21,,,,,
11/17/1996,1996,11,17,,-28.5,,-38,,-33.3,,51.3,,0,,0,,0,,0,,20,,,,,
11/18/1996,1996,11,18,,-30.5,,-38,,-34.3,,52.3,,0,,0,,0,,0,,20,,,,,
11/19/1996,1996,11,19,,-19.5,,-37,,-28.3,,46.3,,0,,0,,0,T,0,T,20,,,,,
11/20/1996,1996,11,20,,-24,,-28,,-26,,44,,0,,0,,0,,0,,18,,,,,
11/21/1996,1996,11,21,,-28.5,,-37,,-32.8,,50.8,,0,,0,,0,T,0,T,18,,,,,
11/22/1996,1996,11,22,,-25,,-36,,-30.5,,48.5,,0,,0,,0,T,0,T,18,,,,,
11/23/1996,1996,11,23,,-24,,-34,,-29,,47,,0,,0,,0,,0,,18,,,,,
11/24/1996,1996,11,24,,-22,,-35,,-28.5,,46.5,,0,,0,,0,T,0,T,17,,,,,
11/25/1996,1996,11,25,,-22,,-37.5,,-29.8,,47.8,,0,,0,,1.2,,1.2,,17,,,,,
11/26/1996,1996,11,26,,-16.5,,-29,,-22.8,,40.8,,0,,0,,1.8,,1.8,,18,,,,,
11/27/1996,1996,11,27,,-13,,-22,,-17.5,,35.5,,0,,0,,2.4,,2.4,,18,,,,,
11/28/1996,1996,11,28,,-16.5,,-27.5,,-22,,40,,0,,0,,0.2,,0.2,,20,,,,,
11/29/1996,1996,11,29,,-14.3,,-23,,-18.7,,36.7,,0,,0,,1,,1,,20,,,,,
11/30/1996,1996,11,30,,-12.5,,-22,,-17.3,,35.3,,0,,0,,0.4,,0.4,,21,,,,,
12/1/1996,1996,12,1,,-11.5,,-21,,-16.3,,34.3,,0,,0,,3.4,,3.4,,21,,,,,
12/2/1996,1996,12,2,,-17.5,,-29.5,,-23.5,,41.5,,0,,0,,0,T,0,T,22,,,,,
12/3/1996,1996,12,3,,-4.5,,-23,,-13.8,,31.8,,0,,0,,0.6,,0.6,,22,,,,,
12/4/1996,1996,12,4,,-4,,-15.5,,-9.8,,27.8,,0,,0,,0.2,,0.2,,22,,,,,
12/5/1996,1996,12,5,,-11.9,,-21.5,,-16.7,,34.7,,0,,0,,0.4,,0.4,,22,,,,,
12/6/1996,1996,12,6,,-10,,-18,,-14,,32,,0,,0,,0,,0,,22,,,,,
12/7/1996,1996,12,7,,-7.5,,-24,,-15.8,,33.8,,0,,0,,0,T,0,T,22,,,,,
12/8/1996,1996,12,8,,-18.9,,-25.5,,-22.2,,40.2,,0,,0,,0,T,0,T,22,,,,,
12/9/1996,1996,12,9,,-19.5,,-21,,-20.3,,38.3,,0,,0,,0.4,,0.4,,22,,,,,
12/10/1996,1996,12,10,,-16,,-21.5,,-18.8,,36.8,,0,,0,,8.4,,8.4,,22,,,,,
12/11/1996,1996,12,11,,-18,,-22.5,,-20.3,,38.3,,0,,0,,0,,0,,28,,,,,
12/12/1996,1996,12,12,,-25,,-32,,-28.5,,46.5,,0,,0,,0,T,0,T,28,,,,,
12/13/1996,1996,12,13,,-22,,-31,,-26.5,,44.5,,0,,0,,1,,1,,28,,,,,
12/14/1996,1996,12,14,,-12,,-28.5,,-20.3,,38.3,,0,,0,,0,T,0,T,27,,,,,
12/15/1996,1996,12,15,,-16,,-24,,-20,,38,,0,,0,,0,,0,,28,,,,,
12/16/1996,1996,12,16,,-24.5,,-34.5,,-29.5,,47.5,,0,,0,,0,,0,,28,,,,,
12/17/1996,1996,12,17,,-18,,-32.5,,-25.3,,43.3,,0,,0,,6.8,,6.8,,28,,,,,
12/18/1996,1996,12,18,,-12,,-22,,-17,,35,,0,,0,,0,T,0,T,33,,,,,
12/19/1996,1996,12,19,,-8.5,,-20.5,,-14.5,,32.5,,0,,0,,3,,3,,30,,,,,
12/20/1996,1996,12,20,,-17.5,,-28,,-22.8,,40.8,,0,,0,,0,T,0,T,39,,,,,
12/21/1996,1996,12,21,,-37,,-43,,-40,,58,,0,,0,,0,,0,,34,,,,,
12/22/1996,1996,12,22,,-41.5,,-46.5,,-44,,62,,0,,0,,0,,0,,34,,,,,
12/23/1996,1996,12,23,,-36.9,,-47,,-42,,60,,0,,0,,0,T,0,T,34,,,,,
12/24/1996,1996,12,24,,-32.5,,-44,,-38.3,,56.3,,0,,0,,0.2,,0.2,,34,,,,,
12/25/1996,1996,12,25,,-32,,-38,,-35,,53,,0,,0,,0,,0,,34,,,,,
12/26/1996,1996,12,26,,-26,,-38.5,,-32.3,,50.3,,0,,0,,0,,0,,34,,,,,
12/27/1996,1996,12,27,,-25.5,,-29.5,,-27.5,,45.5,,0,,0,,0,,0,,34,,,,,
12/28/1996,1996,12,28,,-34,,-44.5,,-39.3,,57.3,,0,,0,,0,,0,,34,,,,,
12/29/1996,1996,12,29,,-33.9,,-42,,-38,,56,,0,,0,,0.4,,0.4,,34,,,,,
12/30/1996,1996,12,30,,-31.5,,-40.5,,-36,,54,,0,,0,,0.2,,0.2,,34,,,,,
12/31/1996,1996,12,31,,-33,,-36.5,,-34.8,,52.8,,0,,0,,0.8,,0.8,,34,,,,,
1/1/1997,1997,1,1,,-28.8,,-37,,-32.9,,50.9,,0,,0,,0.4,,0.4,,35,,,,,
1/2/1997,1997,1,2,,-34.4,,-46.5,,-40.5,,58.5,,0,,0,,0.6,,0.6,,35,,,,,
1/3/1997,1997,1,3,,-34,,-43.5,,-38.8,,56.8,,0,,0,,0,T,0,T,35,,,,,
1/4/1997,1997,1,4,,-27.5,,-44,,-35.8,,53.8,,0,,0,,0,T,0,T,35,,,,,
1/5/1997,1997,1,5,,-18.5,,-34,,-26.3,,44.3,,0,,0,,0.4,,0.4,,35,,,,,
1/6/1997,1997,1,6,,-6.5,,-24,,-15.3,,33.3,,0,,0,,0,T,0,T,35,,,,,
1/7/1997,1997,1,7,,-6.5,,-20.5,,-13.5,,31.5,,0,,0,,0.6,,0.6,,35,,,,,
1/8/1997,1997,1,8,,-34.9,,-41.5,,-38.2,,56.2,,0,,0,,0,,0,,36,,,,,
1/9/1997,1997,1,9,,-25,,-43,,-34,,52,,0,,0,T,0.6,,0.6,,36,,,,,
1/10/1997,1997,1,10,,-22,,-31.2,,-26.6,,44.6,,0,,0,,0,T,0,T,34,,,,,
1/11/1997,1997,1,11,,-19,,-24.5,,-21.8,,39.8,,0,,0,,0,,0,,34,,,,,
1/12/1997,1997,1,12,,-17,,-26.5,,-21.8,,39.8,,0,,0,,0,,0,,34,,,,,
1/13/1997,1997,1,13,,-16,,-26,,-21,,39,,0,,0,,0,T,0,T,34,,,,,
1/14/1997,1997,1,14,,-17,,-26.5,,-21.8,,39.8,,0,,0,,0,,0,,34,,,,,
1/15/1997,1997,1,15,,-14.5,,-26.5,,-20.5,,38.5,,0,,0,,0.4,,0.4,,34,,,,,
1/16/1997,1997,1,16,,-15.5,,-17.2,,-16.4,,34.4,,0,,0,,1,,1,,34,,,,,
1/17/1997,1997,1,17,,-16,,-22.5,,-19.3,,37.3,,0,,0,,0,,0,,35,,,,,
1/18/1997,1997,1,18,,-16.5,,-23.5,,-20,,38,,0,,0,,0,,0,,35,,,,,
1/19/1997,1997,1,19,,-15.5,,-25,,-20.3,,38.3,,0,,0,,0,T,0,T,35,,,,,
1/20/1997,1997,1,20,,-12.5,,-25.5,,-19,,37,,0,,0,,4.2,,4.2,,35,,,,,
1/21/1997,1997,1,21,,-17,,-18.2,,-17.6,,35.6,,0,,0,,1.8,,1.8,,39,,,,,
1/22/1997,1997,1,22,,-22,,-32.5,,-27.3,,45.3,,0,,0,,0.4,,0.4,,40,,,,,
1/23/1997,1997,1,23,,-33.5,,-45.5,,-39.5,,57.5,,0,,0,,0,T,0,T,40,,,,,
1/24/1997,1997,1,24,,-40.5,,-47,,-43.8,,61.8,,0,,0,,0,,0,,40,,,,,
1/25/1997,1997,1,25,,-40.4,,-49.5,,-45,,63,,0,,0,,0,,0,,40,,,,,
1/26/1997,1997,1,26,,-38.4,,-49,,-43.7,,61.7,,0,,0,,0,,0,,40,,,,,
1/27/1997,1997,1,27,,-31,,-46.5,,-38.8,,56.8,,0,,0,,4.5,,4.5,,40,,,,,
1/28/1997,1997,1,28,,-20,,-37.5,,-28.8,,46.8,,0,,0,,2,,2,,44,,,,,
1/29/1997,1997,1,29,,-17,,-25.5,,-21.3,,39.3,,0,,0,,1.4,,1.4,,46,,,,,
1/30/1997,1997,1,30,,-13,,-25,,-19,,37,,0,,0,,0.4,,0.4,,47,,,,,
1/31/1997,1997,1,31,,-14.5,,-25.5,,-20,,38,,0,,0,,1,,1,,47,,,,,
2/1/1997,1997,2,1,,-9.5,,-25,,-17.3,,35.3,,0,,0,,2.6,,2.6,,48,,,,,
2/2/1997,1997,2,2,,-14.5,,-31.5,,-23,,41,,0,,0,,0,,0,,48,,,,,
2/3/1997,1997,2,3,,-14,,-26,,-20,,38,,0,,0,,0,,0,,48,,,,,
2/4/1997,1997,2,4,,-6.5,,-22,,-14.3,,32.3,,0,,0,,0,,0,,42,,,,,
2/5/1997,1997,2,5,,-9.5,,-21.5,,-15.5,,33.5,,0,,0,,0,,0,,42,,,,,
2/6/1997,1997,2,6,,-4,,-13,,-8.5,,26.5,,0,,0,,0,T,0,T,40,,,,,
2/7/1997,1997,2,7,,-9,,-20,,-14.5,,32.5,,0,,0,,0,,0,,40,,,,,
2/8/1997,1997,2,8,,-5,,-16.5,,-10.8,,28.8,,0,,0,,0,,0,,40,,,,,
2/9/1997,1997,2,9,,-13,,-23,,-18,,36,,0,,0,,0,,0,,40,,,,,
2/10/1997,1997,2,10,,-16,,-24,,-20,,38,,0,,0,,0,T,0,T,40,,,,,
2/11/1997,1997,2,11,,-13.5,,-24,,-18.8,,36.8,,0,,0,,0,T,0,T,40,,,,,
2/12/1997,1997,2,12,,-8,,-22,,-15,,33,,0,,0,,0,T,0,T,40,,,,,
2/13/1997,1997,2,13,,-7.5,,-20,,-13.8,,31.8,,0,,0,,3.4,,3.4,,40,,,,,
2/14/1997,1997,2,14,,-13.5,,-15.5,,-14.5,,32.5,,0,,0,,4.4,,4.4,,43,,,,,
2/15/1997,1997,2,15,,-15.5,,-19,,-17.3,,35.3,,0,,0,,4.8,,4.8,,45,,,,,
2/16/1997,1997,2,16,,-14.5,,-18,,-16.3,,34.3,,0,,0,,1.4,,1.4,,48,,,,,
2/17/1997,1997,2,17,,-10.5,,-18.5,,-14.5,,32.5,,0,,0,,1.8,,1.8,,49,,,,,
2/18/1997,1997,2,18,,-11.5,,-26,,-18.8,,36.8,,0,,0,,0,,0,,50,,,,,
2/19/1997,1997,2,19,,-10,,-27,,-18.5,,36.5,,0,,0,,0,T,0,T,50,,,,,
2/20/1997,1997,2,20,,-6.5,,-11.5,,-9,,27,,0,,0,,0,T,0,T,50,,,,,
2/21/1997,1997,2,21,,-8,,-23.5,,-15.8,,33.8,,0,,0,,3,,3,,50,,,,,
2/22/1997,1997,2,22,,3,,-10.6,,-3.8,,21.8,,0,,0,,1,,1,,53,,,,,
2/23/1997,1997,2,23,,8,,-5,,1.5,,16.5,,0,,0,,0,,0,,53,,,,,
2/24/1997,1997,2,24,,4,,1.5,,2.8,,15.2,,0,,0,,0,,0,,42,,,,,
2/25/1997,1997,2,25,,-4,,-19.5,,-11.8,,29.8,,0,,0,,0,,0,,42,,,,,
2/26/1997,1997,2,26,,-2,,-18,,-10,,28,,0,,0,,0,,0,,42,,,,,
2/27/1997,1997,2,27,,-4.5,,-22,,-13.3,,31.3,,0,,0,,8.5,,8.5,,42,,,,,
2/28/1997,1997,2,28,,-10.5,,-13.5,,-12,,30,,0,,0,,0.6,,0.6,,46,,,,,
3/1/1997,1997,3,1,,-15.5,,-20.5,,-18,,36,,0,,0,,0,T,0,T,46,,,,,
3/2/1997,1997,3,2,,-14,,-20,,-17,,35,,0,,0,,0.4,,0.4,,46,,,,,
3/3/1997,1997,3,3,,-15.5,,-22,,-18.8,,36.8,,0,,0,,1,,1,,41,,,,,
3/4/1997,1997,3,4,,-13,,-31,,-22,,40,,0,,0,,0,T,0,T,41,,,,,
3/5/1997,1997,3,5,,-15,,-38.5,,-26.8,,44.8,,0,,0,,0,T,0,T,41,,,,,
3/6/1997,1997,3,6,,-10.5,,-24.5,,-17.5,,35.5,,0,,0,,1,,1,,41,,,,,
3/7/1997,1997,3,7,,-4,,-23.5,,-13.8,,31.8,,0,,0,,0,T,0,T,42,,,,,
3/8/1997,1997,3,8,,1,,-18,,-8.5,,26.5,,0,,0,,0,,0,,42,,,,,
3/9/1997,1997,3,9,,0,,-24,,-12,,30,,0,,0,,1.5,,1.5,,42,,,,,
3/10/1997,1997,3,10,,-9.5,,-12,,-10.8,,28.8,,0,,0,,0.4,,0.4,,43,,,,,
3/11/1997,1997,3,11,,-13.5,,-17,,-15.3,,33.3,,0,,0,,0,T,0,T,43,,,,,
3/12/1997,1997,3,12,,-10,,-31.5,,-20.8,,38.8,,0,,0,,0,T,0,T,43,,,,,
3/13/1997,1997,3,13,,-8.5,,-36.5,,-22.5,,40.5,,0,,0,,0,T,0,T,43,,,,,
3/14/1997,1997,3,14,,-6,,-30,,-18,,36,,0,,0,,0,T,0,T,43,,,,,
3/15/1997,1997,3,15,,-5.5,,-24,,-14.8,,32.8,,0,,0,,0.2,,0.2,,43,,,,,
3/16/1997,1997,3,16,,-5.5,,-16.5,,-11,,29,,0,,0,,0.2,,0.2,,43,,,,,
3/17/1997,1997,3,17,,-8.5,,-23.5,,-16,,34,,0,,0,,1.6,,1.6,,43,,,,,
3/18/1997,1997,3,18,,-6,,-14,,-10,,28,,0,,0,,2.4,,2.4,,45,,,,,
3/19/1997,1997,3,19,,-6,,-15,,-10.5,,28.5,,0,,0,,5.2,,5.2,,46,,,,,
3/20/1997,1997,3,20,,-1.5,,-23.5,,-12.5,,30.5,,0,,0,,0.4,,0.4,,51,,,,,
3/21/1997,1997,3,21,,3.5,,-17,,-6.8,,24.8,,0,,0,,0,T,0,T,47,,,,,
3/22/1997,1997,3,22,,5,,-5,,0,,18,,0,,0,,0,,0,,45,,,,,
3/23/1997,1997,3,23,,8,,-17,,-4.5,,22.5,,0,,0,,0,,0,,44,,,,,
3/24/1997,1997,3,24,,4,,-7,,-1.5,,19.5,,0,,0,,6,,6,,41,,,,,
3/25/1997,1997,3,25,,-2,,-6,,-4,,22,,0,,0,,12,,12,,47,,,,,
3/26/1997,1997,3,26,,-3.5,,-16,,-9.8,,27.8,,0,,0,,2.6,,2.6,,58,,,,,
3/27/1997,1997,3,27,,-6,,-15.5,,-10.8,,28.8,,0,,0,,4.2,,4.2,,61,,,,,
3/28/1997,1997,3,28,,-5.5,,-17,,-11.3,,29.3,,0,,0,,2.4,,2.4,,64,,,,,
3/29/1997,1997,3,29,,3.5,,-15,,-5.8,,23.8,,0,,0,,0.4,,0.4,,66,,,,,
3/30/1997,1997,3,30,,5,,-17.5,,-6.3,,24.3,,0,,0,,0,,0,,64,,,,,
3/31/1997,1997,3,31,,2.5,,-19.5,,-8.5,,26.5,,0,,0,,0,,0,,57,,,,,
4/1/1997,1997,4,1,,2.5,,-18.5,,-8,,26,,0,,0,,0.4,,0.4,,56,,,,,
4/2/1997,1997,4,2,,4.5,,-2,,1.3,,16.7,,0,,0,,0.6,,0.6,,55,,,,,
4/3/1997,1997,4,3,,0.5,,-6,,-2.8,,20.8,,0,,0,,0,,0,,51,,,,,
4/4/1997,1997,4,4,,3.5,,-21,,-8.8,,26.8,,0,,0,,0,,0,,49,,,,,
4/5/1997,1997,4,5,,3,,-15,,-6,,24,,0,,0,,0,,0,,48,,,,,
4/6/1997,1997,4,6,,8,,-20.7,,-6.4,,24.4,,0,,0,,0,,0,,47,,,,,
4/7/1997,1997,4,7,,9.5,,-18.5,,-4.5,,22.5,,0,,0,,0,,0,,46,,,,,
4/8/1997,1997,4,8,,11,,-18,,-3.5,,21.5,,0,,0,,0,,0,,45,,,,,
4/9/1997,1997,4,9,,10.5,,-11.5,,-0.5,,18.5,,0,,0,,0,,0,,45,,,,,
4/10/1997,1997,4,10,,8.5,,-11,,-1.3,,19.3,,0,,0,,0,,0,,38,,,,,
4/11/1997,1997,4,11,,9.5,,-13.5,,-2,,20,,0,,0,,0,,0,,38,,,,,
4/12/1997,1997,4,12,,7.5,,-5.5,,1,,17,,0,,0,,0,,0,,36,,,,,
4/13/1997,1997,4,13,,3.5,,-2,,0.8,,17.2,,0,,0,,0,,0,,32,,,,,
4/14/1997,1997,4,14,,9,,-9.5,,-0.3,,18.3,,0,,0,,0,,0,,32,,,,,
4/15/1997,1997,4,15,,8.5,,0,,4.3,,13.7,,0,,0,,0,T,0,T,31,,,,,
4/16/1997,1997,4,16,,10,,-1.5,,4.3,,13.7,,0,,0,T,0,,0,T,28,,,,,
4/17/1997,1997,4,17,,7.5,,-3,,2.3,,15.7,,0,,0.2,,0,T,0.2,,21,,,,,
4/18/1997,1997,4,18,,4.5,,-3,,0.8,,17.2,,0,,0,,0,,0,,20,,,,,
4/19/1997,1997,4,19,,5.5,,-11.5,,-3,,21,,0,,0,,0,,0,,20,,,,,
4/20/1997,1997,4,20,,4,,-3,,0.5,,17.5,,0,,0,,0,T,0,T,17,,,,,
4/21/1997,1997,4,21,,10.5,,-8.5,,1,,17,,0,,0,T,0,,0,T,16,,,,,
4/22/1997,1997,4,22,,13.5,,-3.5,,5,,13,,0,,0,,0,,0,,14,,,,,
4/23/1997,1997,4,23,,15.5,,-7,,4.3,,13.7,,0,,0,,0,,0,,11,,,,,
4/24/1997,1997,4,24,,17,,-6,,5.5,,12.5,,0,,0,,0,,0,,7,,,,,
4/25/1997,1997,4,25,,17,,-4,,6.5,,11.5,,0,,0,,0,,0,,5,,,,,
4/26/1997,1997,4,26,,10.5,,-3.5,,3.5,,14.5,,0,,11.6,,0,,11.6,,4,,,,,
4/27/1997,1997,4,27,,6.5,,1.5,,4,,14,,0,,4.4,,0,,4.4,,0,T,,,,
4/28/1997,1997,4,28,,11,,-3.5,,3.8,,14.2,,0,,0,,0,,0,,0,T,,,,
4/29/1997,1997,4,29,,13,,-4.5,,4.3,,13.7,,0,,0,,0,,0,,0,T,,,,
4/30/1997,1997,4,30,,13,,-1,,6,,12,,0,,1.4,,0,,1.4,,0,,,,,
5/1/1997,1997,5,1,,11,,-1,,5,,13,,0,,0,,0,,0,,0,,,,,
5/2/1997,1997,5,2,,12.5,,-3.5,,4.5,,13.5,,0,,1.6,,0,,1.6,,0,,,,,
5/3/1997,1997,5,3,,10.5,,0.9,,5.7,,12.3,,0,,0.6,,0,,0.6,,0,,,,,
5/4/1997,1997,5,4,,8,,-2,,3,,15,,0,,0,,0,,0,,0,,,,,
5/5/1997,1997,5,5,,13,,-4.5,,4.3,,13.7,,0,,0,,0,,0,,0,,,,,
5/6/1997,1997,5,6,,13,,1,,7,,11,,0,,0.4,,0,,0.4,,0,,,,,
5/7/1997,1997,5,7,,11.5,,2,,6.8,,11.2,,0,,0,T,0,,0,T,0,,,,,
5/8/1997,1997,5,8,,13,,0,,6.5,,11.5,,0,,0.8,,0,,0.8,,0,,,,,
5/9/1997,1997,5,9,,12.5,,1,,6.8,,11.2,,0,,0,,0,,0,,0,,,,,
5/10/1997,1997,5,10,,13.5,,0,,6.8,,11.2,,0,,0.2,,0,,0.2,,0,,,,,
5/11/1997,1997,5,11,,14,,1.5,,7.8,,10.2,,0,,1.4,,0,,1.4,,0,,,,,
5/12/1997,1997,5,12,,18,,-0.5,,8.8,,9.2,,0,,0,T,0,,0,T,0,,,,,
5/13/1997,1997,5,13,,19,,3.5,,11.3,,6.7,,0,,0,T,0,,0,T,0,,,,,
5/14/1997,1997,5,14,,14,,4.5,,9.3,,8.7,,0,,3.6,,0,,3.6,,0,,,,,
5/15/1997,1997,5,15,,12.5,,3,,7.8,,10.2,,0,,1.4,,0,,1.4,,0,,,,,
5/16/1997,1997,5,16,,10,,0,,5,,13,,0,,0.4,,0,,0.4,,0,,,,,
5/17/1997,1997,5,17,,16.5,,-1,,7.8,,10.2,,0,,0,,0,,0,,0,,,,,
5/18/1997,1997,5,18,,11.5,,6.5,,9,,9,,0,,2,,0,,2,,0,,,,,
5/19/1997,1997,5,19,,14,,3.5,,8.8,,9.2,,0,,1.2,,0,,1.2,,0,,,,,
5/20/1997,1997,5,20,,15,,4.5,,9.8,,8.2,,0,,0,T,0,,0,T,0,,,,,
5/21/1997,1997,5,21,,17.5,,3,,10.3,,7.7,,0,,0,,0,,0,,0,,,,,
5/22/1997,1997,5,22,,20.5,,5,,12.8,,5.2,,0,,6,,0,,6,,0,,,,,
5/23/1997,1997,5,23,,22.5,,4,,13.3,,4.7,,0,,0,,0,,0,,0,,,,,
5/24/1997,1997,5,24,,17.5,,8,,12.8,,5.2,,0,,0,,0,,0,,0,,,,,
5/25/1997,1997,5,25,,4.5,,1,,2.8,,15.2,,0,,0,,0.6,,0.6,,0,,,,,
5/26/1997,1997,5,26,,6.5,,0,,3.3,,14.7,,0,,0,,0.2,,0.2,,0,,,,,
5/27/1997,1997,5,27,,9.5,,1,,5.3,,12.7,,0,,0.4,,0,T,0.4,,0,,,,,
5/28/1997,1997,5,28,,17,,3.5,,10.3,,7.7,,0,,0,,0,,0,,0,,,,,
5/29/1997,1997,5,29,,17,,4,,10.5,,7.5,,0,,3,,0,,3,,0,,,,,
5/30/1997,1997,5,30,,18.5,,6.5,,12.5,,5.5,,0,,0,,0,,0,,0,,,,,
5/31/1997,1997,5,31,,20.5,,0.5,,10.5,,7.5,,0,,0.8,,0,,0.8,,0,,,,,
6/1/1997,1997,6,1,,17.5,,10.5,,14,,4,,0,,2,,0,,2,,0,,,,,
6/2/1997,1997,6,2,,15.5,,5,,10.3,,7.7,,0,,1.4,,0,,1.4,,0,,,,,
6/3/1997,1997,6,3,,22,,1.5,,11.8,,6.2,,0,,0,,0,,0,,0,,,,,
6/4/1997,1997,6,4,,18,,11.9,,15,,3,,0,,3.8,,0,,3.8,,0,,,,,
6/5/1997,1997,6,5,,10.5,,8.5,,9.5,,8.5,,0,,15.8,,0,,15.8,,0,,,,,
6/6/1997,1997,6,6,,16.5,,3.9,,10.2,,7.8,,0,,0,,0,,0,,0,,,,,
6/7/1997,1997,6,7,,15,,2.5,,8.8,,9.2,,0,,1,,0,,1,,0,,,,,
6/8/1997,1997,6,8,,17.5,,1,,9.3,,8.7,,0,,0,,0,,0,,0,,,,,
6/9/1997,1997,6,9,,17,,3,,10,,8,,0,,0,,0,,0,,0,,,,,
6/10/1997,1997,6,10,,21,,1,,11,,7,,0,,0,,0,,0,,0,,,,,
6/11/1997,1997,6,11,,23.5,,4,,13.8,,4.2,,0,,0,,0,,0,,0,,,,,
6/12/1997,1997,6,12,,21,,12.5,,16.8,,1.2,,0,,7.8,,0,,7.8,,0,,,,,
6/13/1997,1997,6,13,,19,,9.5,,14.3,,3.7,,0,,0,T,0,,0,T,0,,,,,
6/14/1997,1997,6,14,,19.5,,8.5,,14,,4,,0,,0,,0,,0,,0,,,,,
6/15/1997,1997,6,15,,16,,7.5,,11.8,,6.2,,0,,5.8,,0,,5.8,,0,,,,,
6/16/1997,1997,6,16,,18,,9,,13.5,,4.5,,0,,1.6,,0,,1.6,,0,,,,,
6/17/1997,1997,6,17,,17,,9,,13,,5,,0,,7.8,,0,,7.8,,0,,,,,
6/18/1997,1997,6,18,,18,,6.5,,12.3,,5.7,,0,,0.4,,0,,0.4,,0,,,,,
6/19/1997,1997,6,19,,18.5,,6.5,,12.5,,5.5,,0,,5.6,,0,,5.6,,0,,,,,
6/20/1997,1997,6,20,,17.5,,10.5,,14,,4,,0,,4.8,,0,,4.8,,0,,,,,
6/21/1997,1997,6,21,,23,,9.5,,16.3,,1.7,,0,,0,,0,,0,,0,,,,,
6/22/1997,1997,6,22,,25.5,,10,,17.8,,0.2,,0,,0,,0,,0,,0,,,,,
6/23/1997,1997,6,23,,27,,12,,19.5,,0,,1.5,,0,T,0,,0,T,0,,,,,
6/24/1997,1997,6,24,,21.5,,12,,16.8,,1.2,,0,,5,,0,,5,,0,,,,,
6/25/1997,1997,6,25,,24,,9,,16.5,,1.5,,0,,0,,0,,0,,0,,,,,
6/26/1997,1997,6,26,,23,,12,,17.5,,0.5,,0,,4,,0,,4,,0,,,,,
6/27/1997,1997,6,27,,16,,8,,12,,6,,0,,0,,0,,0,,0,,,,,
6/28/1997,1997,6,28,,16.5,,7.5,,12,,6,,0,,8.9,,0,,8.9,,0,,,,,
6/29/1997,1997,6,29,,15,,10.5,,12.8,,5.2,,0,,10.4,,0,,10.4,,0,,,,,
6/30/1997,1997,6,30,,14.5,,9,,11.8,,6.2,,0,,0.8,,0,,0.8,,0,,,,,
7/1/1997,1997,7,1,,21.5,,5.5,,13.5,,4.5,,0,,0,,0,,0,,0,,,,,
7/2/1997,1997,7,2,,23,,6.5,,14.8,,3.2,,0,,0,,0,,0,,0,,,,,
7/3/1997,1997,7,3,,25,,7.5,,16.3,,1.7,,0,,4,,0,,4,,0,,,,,
7/4/1997,1997,7,4,,23,,10.5,,16.8,,1.2,,0,,0,,0,,0,,0,,,,,
7/5/1997,1997,7,5,,25,,9.5,,17.3,,0.7,,0,,0.2,,0,,0.2,,0,,,,,
7/6/1997,1997,7,6,,26.5,,10,,18.3,,0,,0.3,,1.8,,0,,1.8,,0,,,,,
7/7/1997,1997,7,7,,14,,10,,12,,6,,0,,7.6,,0,,7.6,,0,,,,,
7/8/1997,1997,7,8,,16,,10,,13,,5,,0,,10.8,,0,,10.8,,0,,,,,
7/9/1997,1997,7,9,,20.5,,11,,15.8,,2.2,,0,,0,T,0,,0,T,0,,,,,
7/10/1997,1997,7,10,,24,,8,,16,,2,,0,,0,,0,,0,,0,,,,,
7/11/1997,1997,7,11,,26,,10,,18,,0,,0,,0,,0,,0,,0,,,,,
7/12/1997,1997,7,12,,24,,10,,17,,1,,0,,0,,0,,0,,0,,,,,
7/13/1997,1997,7,13,,23,,10,,16.5,,1.5,,0,,0,,0,,0,,0,,,,,
7/14/1997,1997,7,14,,23.5,,8.5,,16,,2,,0,,0,,0,,0,,0,,,,,
7/15/1997,1997,7,15,,19.5,,10.5,,15,,3,,0,,1.4,,0,,1.4,,0,,,,,
7/16/1997,1997,7,16,,16.5,,11.5,,14,,4,,0,,13.4,,0,,13.4,,0,,,,,
7/17/1997,1997,7,17,,17,,10.5,,13.8,,4.2,,0,,2.8,,0,,2.8,,0,,,,,
7/18/1997,1997,7,18,,20,,8.5,,14.3,,3.7,,0,,0.2,,0,,0.2,,0,,,,,
7/19/1997,1997,7,19,,19,,11,,15,,3,,0,,0.4,,0,,0.4,,0,,,,,
7/20/1997,1997,7,20,,19,,6,,12.5,,5.5,,0,,4.4,,0,,4.4,,0,,,,,
7/21/1997,1997,7,21,,23.5,,7,,15.3,,2.7,,0,,9.6,,0,,9.6,,0,,,,,
7/22/1997,1997,7,22,,17,,12,,14.5,,3.5,,0,,0,,0,,0,,0,,,,,
7/23/1997,1997,7,23,,16,,11,,13.5,,4.5,,0,,13.4,,0,,13.4,,0,,,,,
7/24/1997,1997,7,24,,17,,9,,13,,5,,0,,0.4,,0,,0.4,,0,,,,,
7/25/1997,1997,7,25,,22,,10.5,,16.3,,1.7,,0,,1,,0,,1,,0,,,,,
7/26/1997,1997,7,26,,24.5,,11,,17.8,,0.2,,0,,0,,0,,0,,0,,,,,
7/27/1997,1997,7,27,,26.5,,11,,18.8,,0,,0.8,,0,,0,,0,,0,,,,,
7/28/1997,1997,7,28,,25,,9,,17,,1,,0,,0,,0,,0,,0,,,,,
7/29/1997,1997,7,29,,22.5,,8,,15.3,,2.7,,0,,0.9,,0,,0.9,,0,,,,,
7/30/1997,1997,7,30,,15,,9.5,,12.3,,5.7,,0,,0.6,,0,,0.6,,0,,,,,
7/31/1997,1997,7,31,,19,,11.5,,15.3,,2.7,,0,,0.2,,0,,0.2,,0,,,,,
8/1/1997,1997,8,1,,19.5,,4,,11.8,,6.2,,0,,0,,0,,0,,0,,,,,
8/2/1997,1997,8,2,,20.5,,3.5,,12,,6,,0,,0,,0,,0,,0,,,,,
8/3/1997,1997,8,3,,24,,5.5,,14.8,,3.2,,0,,0,,0,,0,,0,,,,,
8/4/1997,1997,8,4,,25,,6.5,,15.8,,2.2,,0,,0,,0,,0,,0,,,,,
8/5/1997,1997,8,5,,26.5,,8,,17.3,,0.7,,0,,0,,0,,0,,0,,,,,
8/6/1997,1997,8,6,,25,,7,,16,,2,,0,,0,,0,,0,,0,,,,,
8/7/1997,1997,8,7,,15.7,,11,,13.4,,4.6,,0,,20.6,,0,,20.6,,0,,,,,
8/8/1997,1997,8,8,,22,,10.5,,16.3,,1.7,,0,,0,,0,,0,,0,,,,,
8/9/1997,1997,8,9,,26,,11,,18.5,,0,,0.5,,0,,0,,0,,0,,,,,
8/10/1997,1997,8,10,,27,,9,,18,,0,,0,,0,T,0,,0,T,0,,,,,
8/11/1997,1997,8,11,,24.5,,13,,18.8,,0,,0.8,,0,,0,,0,,0,,,,,
8/12/1997,1997,8,12,,20.5,,8.5,,14.5,,3.5,,0,,2.2,,0,,2.2,,0,,,,,
8/13/1997,1997,8,13,,22.5,,11.5,,17,,1,,0,,2,,0,,2,,0,,,,,
8/14/1997,1997,8,14,,17,,11,,14,,4,,0,,6.4,,0,,6.4,,0,,,,,
8/15/1997,1997,8,15,,20.5,,6,,13.3,,4.7,,0,,0,,0,,0,,0,,,,,
8/16/1997,1997,8,16,,22,,5,,13.5,,4.5,,0,,0,,0,,0,,0,,,,,
8/17/1997,1997,8,17,,18,,12,,15,,3,,0,,0.2,,0,,0.2,,0,,,,,
8/18/1997,1997,8,18,,16.5,,5.5,,11,,7,,0,,0,,0,,0,,0,,,,,
8/19/1997,1997,8,19,,18,,7,,12.5,,5.5,,0,,1,,0,,1,,0,,,,,
8/20/1997,1997,8,20,,21,,7,,14,,4,,0,,0,,0,,0,,0,,,,,
8/21/1997,1997,8,21,,22,,6,,14,,4,,0,,1,,0,,1,,0,,,,,
8/22/1997,1997,8,22,,15,,8,,11.5,,6.5,,0,,0,T,0,,0,T,0,,,,,
8/23/1997,1997,8,23,,19,,11,,15,,3,,0,,0,T,0,,0,T,0,,,,,
8/24/1997,1997,8,24,,21.5,,7,,14.3,,3.7,,0,,2,,0,,2,,0,,,,,
8/25/1997,1997,8,25,,22,,11,,16.5,,1.5,,0,,0,T,0,,0,T,0,,,,,
8/26/1997,1997,8,26,,21,,7,,14,,4,,0,,0,,0,,0,,0,,,,,
8/27/1997,1997,8,27,,21.5,,8.5,,15,,3,,0,,26.6,,0,,26.6,,0,,,,,
8/28/1997,1997,8,28,,14.5,,12,,13.3,,4.7,,0,,5.8,,0,,5.8,,0,,,,,
8/29/1997,1997,8,29,,18,,10.5,,14.3,,3.7,,0,,0,,0,,0,,0,,,,,
8/30/1997,1997,8,30,,18.5,,1.5,,10,,8,,0,,0,,0,,0,,0,,,,,
8/31/1997,1997,8,31,,21.5,,7,,14.3,,3.7,,0,,0,,0,,0,,0,,,,,
9/1/1997,1997,9,1,,22.5,,5.5,,14,,4,,0,,0,,0,,0,,0,,,,,
9/2/1997,1997,9,2,,15.5,,4,,9.8,,8.2,,0,,0.6,,0,,0.6,,0,,,,,
9/3/1997,1997,9,3,,20.5,,4.9,,12.7,,5.3,,0,,0,,0,,0,,0,,,,,
9/4/1997,1997,9,4,,21,,4,,12.5,,5.5,,0,,3.4,,0,,3.4,,0,,,,,
9/5/1997,1997,9,5,,17,,4.5,,10.8,,7.2,,0,,0,,0,,0,,0,,,,,
9/6/1997,1997,9,6,,18.5,,1.5,,10,,8,,0,,0,,0,,0,,0,,,,,
9/7/1997,1997,9,7,,17.5,,1,,9.3,,8.7,,0,,0.6,,0,,0.6,,0,,,,,
9/8/1997,1997,9,8,,20,,10,,15,,3,,0,,0,,0,,0,,0,,,,,
9/9/1997,1997,9,9,,18,,6,,12,,6,,0,,0,,0,,0,,0,,,,,
9/10/1997,1997,9,10,,16,,5.5,,10.8,,7.2,,0,,0.4,,0,,0.4,,0,,,,,
9/11/1997,1997,9,11,,15,,7,,11,,7,,0,,0,T,0,,0,T,0,,,,,
9/12/1997,1997,9,12,,12,,7.5,,9.8,,8.2,,0,,1.6,,0,,1.6,,0,,,,,
9/13/1997,1997,9,13,,10.5,,2,,6.3,,11.7,,0,,0,,0,,0,,0,,,,,
9/14/1997,1997,9,14,,10.5,,5.5,,8,,10,,0,,0,,0,,0,,0,,,,,
9/15/1997,1997,9,15,,10.5,,5,,7.8,,10.2,,0,,0,,0,,0,,0,,,,,
9/16/1997,1997,9,16,,9.5,,1,,5.3,,12.7,,0,,0,,0,,0,,0,,,,,
9/17/1997,1997,9,17,,11.5,,-3,,4.3,,13.7,,0,,0,,0,,0,,0,,,,,
9/18/1997,1997,9,18,,10,,1.5,,5.8,,12.2,,0,,4.4,,0,,4.4,,0,,,,,
9/19/1997,1997,9,19,,15.5,,7,,11.3,,6.7,,0,,5.1,,0,,5.1,,0,,,,,
9/20/1997,1997,9,20,,13,,3.5,,8.3,,9.7,,0,,1.8,,0,,1.8,,0,,,,,
9/21/1997,1997,9,21,,10.5,,5.5,,8,,10,,0,,0.8,,0,,0.8,,0,,,,,
9/22/1997,1997,9,22,,12.5,,3,,7.8,,10.2,,0,,0,,0,,0,,0,,,,,
9/23/1997,1997,9,23,,18,,8.5,,13.3,,4.7,,0,,0,,0,,0,,0,,,,,
9/24/1997,1997,9,24,,13.5,,3.3,,8.4,,9.6,,0,,0,,0,,0,,0,,,,,
9/25/1997,1997,9,25,,16,,5,,10.5,,7.5,,0,,4,,0,,4,,0,,,,,
9/26/1997,1997,9,26,,12.5,,3.6,,8.1,,9.9,,0,,0,,0,,0,,0,,,,,
9/27/1997,1997,9,27,,14.5,,1,,7.8,,10.2,,0,,0,,0,,0,,0,,,,,
9/28/1997,1997,9,28,,14.5,,-1.5,,6.5,,11.5,,0,,0,,0,,0,,0,,,,,
9/29/1997,1997,9,29,,9.5,,-1.5,,4,,14,,0,,0,,0,,0,,0,,,,,
9/30/1997,1997,9,30,,3.5,,-4,,-0.3,,18.3,,0,,3.8,,2.6,,6.4,,0,,,,,
10/1/1997,1997,10,1,,3.5,,1,,2.3,,15.7,,0,,1.8,,1,,2.8,,0,,,,,
10/2/1997,1997,10,2,,1.5,,-0.5,,0.5,,17.5,,0,,0.2,,2.2,,2.4,,1,,,,,
10/3/1997,1997,10,3,,3,,-2,,0.5,,17.5,,0,,0,,0,T,0,T,,M,,,,
10/4/1997,1997,10,4,,4.5,,-6,,-0.8,,18.8,,0,,0,,0,,0,,,M,,,,
10/5/1997,1997,10,5,,1.5,,-2.5,,-0.5,,18.5,,0,,0,,8,,8,,,M,,,,
10/6/1997,1997,10,6,,2,,-5,,-1.5,,19.5,,0,,0,,0,T,0,T,8,,,,,
10/7/1997,1997,10,7,,0,,-3,,-1.5,,19.5,,0,,0,,0.2,,0.2,,2,,,,,
10/8/1997,1997,10,8,,-3.5,,-6,,-4.8,,22.8,,0,,0,,0,T,0,T,1,,,,,
10/9/1997,1997,10,9,,-5.5,,-11.5,,-8.5,,26.5,,0,,0,,0,T,0,T,1,,,,,
10/10/1997,1997,10,10,,-3.5,,-14.5,,-9,,27,,0,,0,,0,T,0,T,1,,,,,
10/11/1997,1997,10,11,,-2.5,,-11,,-6.8,,24.8,,0,,0,,0,T,0,T,1,,,,,
10/12/1997,1997,10,12,,-3.5,,-17.5,,-10.5,,28.5,,0,,0,,0,,0,,1,,,,,
10/13/1997,1997,10,13,,-6,,-18,,-12,,30,,0,,0,,10.4,,10.4,,1,,,,,
10/14/1997,1997,10,14,,-4,,-9,,-6.5,,24.5,,0,,0,,2.4,,2.4,,11,,,,,
10/15/1997,1997,10,15,,2.5,,-8,,-2.8,,20.8,,0,,0,,0,,0,,10,,,,,
10/16/1997,1997,10,16,,6,,-3.5,,1.3,,16.7,,0,,0,,0.4,,0.4,,4,,,,,
10/17/1997,1997,10,17,,6,,-6,,0,,18,,0,,0,,0.2,,0.2,,4,,,,,
10/18/1997,1997,10,18,,0.5,,-2.5,,-1,,19,,0,,0,,3.2,,3.2,,4,,,,,
10/19/1997,1997,10,19,,1.5,,-7.5,,-3,,21,,0,,0,,3.8,,3.8,,6,,,,,
10/20/1997,1997,10,20,,5,,-3,,1,,17,,0,,0,,0,,0,,10,,,,,
10/21/1997,1997,10,21,,-2,,-8.5,,-5.3,,23.3,,0,,0,,2,,2,,9,,,,,
10/22/1997,1997,10,22,,1.5,,-3.5,,-1,,19,,0,,0,,0.6,,0.6,,10,,,,,
10/23/1997,1997,10,23,,3,,0,,1.5,,16.5,,0,,0,,0,T,0,T,8,,,,,
10/24/1997,1997,10,24,,3,,-4,,-0.5,,18.5,,0,,0,,0,,0,,7,,,,,
10/25/1997,1997,10,25,,4,,-1,,1.5,,16.5,,0,,2,,0,,2,,7,,,,,
10/26/1997,1997,10,26,,5,,-3.5,,0.8,,17.2,,0,,0,,0,T,0,T,5,,,,,
10/27/1997,1997,10,27,,-2,,-10.5,,-6.3,,24.3,,0,,0,,0,,0,,5,,,,,
10/28/1997,1997,10,28,,-4.5,,-14.5,,-9.5,,27.5,,0,,0,,0.2,,0.2,,5,,,,,
10/29/1997,1997,10,29,,-5.5,,-8.5,,-7,,25,,0,,0,,2,,2,,5,,,,,
10/30/1997,1997,10,30,,-5,,-8,,-6.5,,24.5,,0,,0,,1.8,,1.8,,6,,,,,
10/31/1997,1997,10,31,,-2.5,,-9,,-5.8,,23.8,,0,,0,,1.8,,1.8,,7,,,,,
11/1/1997,1997,11,1,,2.5,,-10.1,,-3.8,,21.8,,0,,0,,0,,0,,9,,,,,
11/2/1997,1997,11,2,,-3.3,,-11.5,,-7.4,,25.4,,0,,0,,0.6,,0.6,,8,,,,,
11/3/1997,1997,11,3,,-0.5,,-7.5,,-4,,22,,0,,0,,1.2,,1.2,,8,,,,,
11/4/1997,1997,11,4,,1.5,,-9,,-3.8,,21.8,,0,,0,,3.4,,3.4,,9,,,,,
11/5/1997,1997,11,5,,4.5,,-10.5,,-3,,21,,0,,0,,0,,0,,13,,,,,
11/6/1997,1997,11,6,,2,,-15.5,,-6.8,,24.8,,0,,0,,0,,0,,11,,,,,
11/7/1997,1997,11,7,,-8,,-15.5,,-11.8,,29.8,,0,,0,,0,,0,,11,,,,,
11/8/1997,1997,11,8,,-10,,-19.5,,-14.8,,32.8,,0,,0,,0,T,0,T,11,,,,,
11/9/1997,1997,11,9,,-11.5,,-18,,-14.8,,32.8,,0,,0,,0,T,0,T,11,,,,,
11/10/1997,1997,11,10,,-12,,-19,,-15.5,,33.5,,0,,0,,0,,0,,11,,,,,
11/11/1997,1997,11,11,,-12,,-23,,-17.5,,35.5,,0,,0,,0,,0,,11,,,,,
11/12/1997,1997,11,12,,-8,,-20,,-14,,32,,0,,0,,0,,0,,11,,,,,
11/13/1997,1997,11,13,,-10,,-20,,-15,,33,,0,,0,,0,,0,,11,,,,,
11/14/1997,1997,11,14,,-14,,-24,,-19,,37,,0,,0,,0,,0,,11,,,,,
11/15/1997,1997,11,15,,-14,,-24,,-19,,37,,0,,0,,0,,0,,11,,,,,
11/16/1997,1997,11,16,,-11.5,,-18.5,,-15,,33,,0,,0,,0,T,0,T,11,,,,,
11/17/1997,1997,11,17,,-9.5,,-13.5,,-11.5,,29.5,,0,,0,,0,T,0,T,11,,,,,
11/18/1997,1997,11,18,,-10.5,,-19,,-14.8,,32.8,,0,,0,,0,T,0,T,11,,,,,
11/19/1997,1997,11,19,,-9,,-11.5,,-10.3,,28.3,,0,,0,,1.4,,1.4,,11,,,,,
11/20/1997,1997,11,20,,-11,,-13.5,,-12.3,,30.3,,0,,0,,3.6,,3.6,,12,,,,,
11/21/1997,1997,11,21,,-12,,-19,,-15.5,,33.5,,0,,0,,0.4,,0.4,,14,,,,,
11/22/1997,1997,11,22,,-11,,-19,,-15,,33,,0,,0,,0,,0,,14,,,,,
11/23/1997,1997,11,23,,-6,,-18,,-12,,30,,0,,0,,4.4,,4.4,,14,,,,,
11/24/1997,1997,11,24,,-5,,-9.5,,-7.3,,25.3,,0,,0,,2.6,,2.6,,18,,,,,
11/25/1997,1997,11,25,,-14,,-24.5,,-19.3,,37.3,,0,,0,,0,,0,,20,,,,,
11/26/1997,1997,11,26,,-14,,-27,,-20.5,,38.5,,0,,0,,4,,4,,20,,,,,
11/27/1997,1997,11,27,,-13.5,,-22,,-17.8,,35.8,,0,,0,,0.8,,0.8,,24,,,,,
11/28/1997,1997,11,28,,-12.3,,-22,,-17.2,,35.2,,0,,0,,0,,0,,24,,,,,
11/29/1997,1997,11,29,,-14.5,,-25,,-19.8,,37.8,,0,,0,,2,,2,,24,,,,,
11/30/1997,1997,11,30,,-12,,-22.5,,-17.3,,35.3,,0,,0,,0,T,0,T,25,,,,,
12/1/1997,1997,12,1,,1.5,,-21.5,,-10,,28,,0,,0,,0,,0,,24,,,,,
12/2/1997,1997,12,2,,3,,-2.5,,0.3,,17.7,,0,,0,,0,,0,,21,,,,,
12/3/1997,1997,12,3,,-6.5,,-11,,-8.8,,26.8,,0,,0,,0,,0,,20,,,,,
12/4/1997,1997,12,4,,-14,,-17.5,,-15.8,,33.8,,0,,0,,0,T,0,T,20,,,,,
12/5/1997,1997,12,5,,-16,,-19,,-17.5,,35.5,,0,,0,,0,T,0,T,20,,,,,
12/6/1997,1997,12,6,,-14,,-22,,-18,,36,,0,,0,,0,,0,,20,,,,,
12/7/1997,1997,12,7,,-10,,-16,,-13,,31,,0,,0,,0,,0,,20,,,,,
12/8/1997,1997,12,8,,-10,,-14,,-12,,30,,0,,0,,1,,1,,20,,,,,
12/9/1997,1997,12,9,,-15,,-25,,-20,,38,,0,,0,,0,T,0,T,21,,,,,
12/10/1997,1997,12,10,,-7,E,-24.5,,-15.8,E,33.8,E,0,E,0,,0.8,,0.8,,21,,,,,
12/11/1997,1997,12,11,,-4.5,,-20.5,,-12.5,,30.5,,0,,0,,0,,0,,22,,,,,
12/12/1997,1997,12,12,,0,,-15.5,,-7.8,,25.8,,0,,0,,2.5,,2.5,,22,,,,,
12/13/1997,1997,12,13,,2,,-10,,-4,,22,,0,,0,,0,T,0,T,23,,,,,
12/14/1997,1997,12,14,,-4,,-19,,-11.5,,29.5,,0,,0,,0,,0,,23,,,,,
12/15/1997,1997,12,15,,-14.5,,-25,,-19.8,,37.8,,0,,0,,0,T,0,T,23,,,,,
12/16/1997,1997,12,16,,-12.5,,-21,,-16.8,,34.8,,0,,0,,2,,2,,23,,,,,
12/17/1997,1997,12,17,,-26,,-32,,-29,,47,,0,,0,,0,,0,,25,,,,,
12/18/1997,1997,12,18,,-21.4,,-35,,-28.2,,46.2,,0,,0,,5.6,,5.6,,25,,,,,
12/19/1997,1997,12,19,,-16,,-28.7,,-22.4,,40.4,,0,,0,,1.2,,1.2,,30,,,,,
12/20/1997,1997,12,20,,-15.5,,-23.5,,-19.5,,37.5,,0,,0,,0,T,0,T,30,,,,,
12/21/1997,1997,12,21,,-5,,-25,,-15,,33,,0,,0,,0.6,,0.6,,30,,,,,
12/22/1997,1997,12,22,,-3.5,,-15.5,,-9.5,,27.5,,0,,0,,1.6,,1.6,,30,,,,,
12/23/1997,1997,12,23,,0,,-23.5,,-11.8,,29.8,,0,,0,,0,,0,,30,,,,,
12/24/1997,1997,12,24,,2.5,,-22,,-9.8,,27.8,,0,,0,,0,,0,,29,,,,,
12/25/1997,1997,12,25,,1.5,,-13.5,,-6,,24,,0,,0,,1.8,,1.8,,29,,,,,
12/26/1997,1997,12,26,,-10,,-16,,-13,,31,,0,,0,,0,,0,,31,,,,,
12/27/1997,1997,12,27,,-4,,-19,,-11.5,,29.5,,0,,0,,2,,2,,31,,,,,
12/28/1997,1997,12,28,,-7,,-17,,-12,,30,,0,,0,,0.2,,0.2,,32,,,,,
12/29/1997,1997,12,29,,0.5,,-12.5,,-6,,24,,0,,0,,0,T,0,T,32,,,,,
12/30/1997,1997,12,30,,-6.5,,-11,,-8.8,,26.8,,0,,0,,12.2,,12.2,,30,,,,,
12/31/1997,1997,12,31,,-16.4,,-24,,-20.2,,38.2,,0,,0,,0.2,,0.2,,40,,,,,
1/1/1998,1998,1,1,,-25.9,,-38,,-32,,50,,0,,0,,0,T,0,T,40,,,,,
1/2/1998,1998,1,2,,-38,,-45,,-41.5,,59.5,,0,,0,,0,,0,,39,,,,,
1/3/1998,1998,1,3,,-39,,-43.5,,-41.3,,59.3,,0,,0,,0,,0,,39,,,,,
1/4/1998,1998,1,4,,-35,,-44,,-39.5,,57.5,,0,,0,,0.2,,0.2,,39,,,,,
1/5/1998,1998,1,5,,-28.4,,-36.5,,-32.5,,50.5,,0,,0,,1.4,,1.4,,39,,,,,
1/6/1998,1998,1,6,,-27,,-32,,-29.5,,47.5,,0,,0,,1,,1,,40,,,,,
1/7/1998,1998,1,7,,-26.5,,-29.5,,-28,,46,,0,,0,,0.2,,0.2,,40,,,,,
1/8/1998,1998,1,8,,-34,,-41.5,,-37.8,,55.8,,0,,0,,0,,0,,40,,,,,
1/9/1998,1998,1,9,,-40,,-46.5,,-43.3,,61.3,,0,,0,,0,,0,,40,,,,,
1/10/1998,1998,1,10,,-33.9,,-46,,-40,,58,,0,,0,,0,,0,,40,,,,,
1/11/1998,1998,1,11,,-31.5,,-42,,-36.8,,54.8,,0,,0,,0,,0,,40,,,,,
1/12/1998,1998,1,12,,-38,,-44,,-41,,59,,0,,0,,0,,0,,40,,,,,
1/13/1998,1998,1,13,,-35,,-48.5,,-41.8,,59.8,,0,,0,,1,,1,,40,,,,,
1/14/1998,1998,1,14,,-26,,-39,,-32.5,,50.5,,0,,0,,0.8,,0.8,,41,,,,,
1/15/1998,1998,1,15,,-24,,-30.5,,-27.3,,45.3,,0,,0,,0.2,,0.2,,39,,,,,
1/16/1998,1998,1,16,,-25,,-32,,-28.5,,46.5,,0,,0,,0,T,0,T,39,,,,,
1/17/1998,1998,1,17,,-23,,-30,,-26.5,,44.5,,0,,0,,0,,0,,39,,,,,
1/18/1998,1998,1,18,,-19,,-25,,-22,,40,,0,,0,,1,,1,,39,,,,,
1/19/1998,1998,1,19,,-19,,-23,,-21,,39,,0,,0,,1,,1,,40,,,,,
1/20/1998,1998,1,20,,-20,,-23,,-21.5,,39.5,,0,,0,,5,,5,,40,,,,,
1/21/1998,1998,1,21,,-13.3,,-22,,-17.7,,35.7,,0,,0,,5.2,,5.2,,45,,,,,
1/22/1998,1998,1,22,,-17,,-19.5,,-18.3,,36.3,,0,,0,,0.2,,0.2,,49,,,,,
1/23/1998,1998,1,23,,-16,,-19.5,,-17.8,,35.8,,0,,0,,1.4,,1.4,,48,,,,,
1/24/1998,1998,1,24,,-17,,-18.5,,-17.8,,35.8,,0,,0,,1.2,,1.2,,48,,,,,
1/25/1998,1998,1,25,,-16,,-22,,-19,,37,,0,,0,,0,T,0,T,48,,,,,
1/26/1998,1998,1,26,,-11.8,,-21.5,,-16.7,,34.7,,0,,0,,0.2,,0.2,,48,,,,,
1/27/1998,1998,1,27,,-9,,-17,,-13,,31,,0,,0,,0,,0,,48,,,,,
1/28/1998,1998,1,28,,-13.5,,-25,,-19.3,,37.3,,0,,0,,0,,0,,47,,,,,
1/29/1998,1998,1,29,,-10.5,,-21.5,,-16,,34,,0,,0,,2.5,,2.5,,46,,,,,
1/30/1998,1998,1,30,,-9.5,,-19.5,,-14.5,,32.5,,0,,0,,0,,0,,48,,,,,
1/31/1998,1998,1,31,,-12.5,,-22,,-17.3,,35.3,,0,,0,,0,,0,,48,,,,,
2/1/1998,1998,2,1,,-12,,-20,,-16,,34,,0,,0,,0,,0,,47,,,,,
2/2/1998,1998,2,2,,-13,,-20.5,,-16.8,,34.8,,0,,0,,0,,0,,47,,,,,
2/3/1998,1998,2,3,,-14,,-23.2,,-18.6,,36.6,,0,,0,,0,,0,,47,,,,,
2/4/1998,1998,2,4,,-10.5,,-24,,-17.3,,35.3,,0,,0,,1,,1,,47,,,,,
2/5/1998,1998,2,5,,-10,,-11.5,,-10.8,,28.8,,0,,0,,3.8,,3.8,,48,,,,,
2/6/1998,1998,2,6,,-11.5,,-13.5,,-12.5,,30.5,,0,,0,,0.8,,0.8,,51,,,,,
2/7/1998,1998,2,7,,-14,,-15.1,,-14.6,,32.6,,0,,0,,0.4,,0.4,,50,,,,,
2/8/1998,1998,2,8,,-17.5,,-26,,-21.8,,39.8,,0,,0,,0.4,,0.4,,50,,,,,
2/9/1998,1998,2,9,,-13.5,,-22.5,,-18,,36,,0,,0,,1.6,,1.6,,50,,,,,
2/10/1998,1998,2,10,,-13,,-28.5,,-20.8,,38.8,,0,,0,,0,T,0,T,50,,,,,
2/11/1998,1998,2,11,,-9.5,,-18.5,,-14,,32,,0,,0,,0,T,0,T,50,,,,,
2/12/1998,1998,2,12,,-12,,-24,,-18,,36,,0,,0,,3,,3,,50,,,,,
2/13/1998,1998,2,13,,-9,,-17,,-13,,31,,0,,0,,0,T,0,T,51,,,,,
2/14/1998,1998,2,14,,-6.5,,-16,,-11.3,,29.3,,0,,0,,0,,0,,50,,,,,
2/15/1998,1998,2,15,,-5,,-19.5,,-12.3,,30.3,,0,,0,,0,,0,,50,,,,,
2/16/1998,1998,2,16,,-11,,-21.5,,-16.3,,34.3,,0,,0,,0,,0,,50,,,,,
2/17/1998,1998,2,17,,-10,,-22.5,,-16.3,,34.3,,0,,0,,0,,0,,50,,,,,
2/18/1998,1998,2,18,,-12.5,,-23,,-17.8,,35.8,,0,,0,,0,,0,,50,,,,,
2/19/1998,1998,2,19,,-13.5,,-19,,-16.3,,34.3,,0,,0,,1.8,,1.8,,50,,,,,
2/20/1998,1998,2,20,,-12.5,,-24,,-18.3,,36.3,,0,,0,,0,,0,,51,,,,,
2/21/1998,1998,2,21,,-7,,-21,,-14,,32,,0,,0,,5.8,,5.8,,51,,,,,
2/22/1998,1998,2,22,,-11.5,,-24.5,,-18,,36,,0,,0,,0,,0,,56,,,,,
2/23/1998,1998,2,23,,-11.5,,-26,,-18.8,,36.8,,0,,0,,0,,0,,56,,,,,
2/24/1998,1998,2,24,,0.5,,-17,,-8.3,,26.3,,0,,0,,0,,0,,56,,,,,
2/25/1998,1998,2,25,,0,,-13.5,,-6.8,,24.8,,0,,0,,0,,0,,53,,,,,
2/26/1998,1998,2,26,,-2,,-26,,-14,,32,,0,,0,,0,,0,,53,,,,,
2/27/1998,1998,2,27,,-7.5,,-29,,-18.3,,36.3,,0,,0,,0,,0,,53,,,,,
2/28/1998,1998,2,28,,-8,,-30,,-19,,37,,0,,0,,0.2,,0.2,,53,,,,,
3/1/1998,1998,3,1,,-8,,-25.5,,-16.8,,34.8,,0,,0,,1.6,,1.6,,53,,,,,
3/2/1998,1998,3,2,,-5,,-18.5,,-11.8,,29.8,,0,,0,,0.4,,0.4,,53,,,,,
3/3/1998,1998,3,3,,-7,,-24.5,,-15.8,,33.8,,0,,0,,0,T,0,T,53,,,,,
3/4/1998,1998,3,4,,-8,,-22,,-15,,33,,0,,0,,0,,0,,52,,,,,
3/5/1998,1998,3,5,,-10.5,,-34,,-22.3,,40.3,,0,,0,,0,,0,,52,,,,,
3/6/1998,1998,3,6,,-12,,-31,,-21.5,,39.5,,0,,0,,0,T,0,T,52,,,,,
3/7/1998,1998,3,7,,-13,,-37,,-25,,43,,0,,0,,0,,0,,52,,,,,
3/8/1998,1998,3,8,,-15,,-30,,-22.5,,40.5,,0,,0,,0,,0,,52,,,,,
3/9/1998,1998,3,9,,-14.5,,-22,,-18.3,,36.3,,0,,0,,0.6,,0.6,,50,,,,,
3/10/1998,1998,3,10,,-11,,-18,,-14.5,,32.5,,0,,0,,2.2,,2.2,,50,,,,,
3/11/1998,1998,3,11,,-6,,-16,,-11,,29,,0,,0,,1.2,,1.2,,52,,,,,
3/12/1998,1998,3,12,,0,,-23.5,,-11.8,,29.8,,0,,0,,0.8,,0.8,,52,,,,,
3/13/1998,1998,3,13,,-6,,-8.5,,-7.3,,25.3,,0,,0,,2,,2,,53,,,,,
3/14/1998,1998,3,14,,1,,-14.5,,-6.8,,24.8,,0,,0,,0,,0,,54,,,,,
3/15/1998,1998,3,15,,3,,-16,,-6.5,,24.5,,0,,0,T,0,T,0,T,53,,,,,
3/16/1998,1998,3,16,,6,,-17,,-5.5,,23.5,,0,,0,,0,,0,,53,,,,,
3/17/1998,1998,3,17,,5,,-17.1,,-6.1,,24.1,,0,,0,,0,,0,,52,,,,,
3/18/1998,1998,3,18,,7,,-10,,-1.5,,19.5,,0,,0,,0,,0,,51,,,,,
3/19/1998,1998,3,19,,9.5,,-10,,-0.3,,18.3,,0,,0,,0,,0,,47,,,,,
3/20/1998,1998,3,20,,7.5,,-15.5,,-4,,22,,0,,0,,0,,0,,46,,,,,
3/21/1998,1998,3,21,,7,,-17.5,,-5.3,,23.3,,0,,0,,0,,0,,46,,,,,
3/22/1998,1998,3,22,,7.5,,-17,,-4.8,,22.8,,0,,0,,0,,0,,46,,,,,
3/23/1998,1998,3,23,,8.5,,-18,,-4.8,,22.8,,0,,0,,0,,0,,45,,,,,
3/24/1998,1998,3,24,,7.5,,-18,,-5.3,,23.3,,0,,0,,0,,0,,45,,,,,
3/25/1998,1998,3,25,,8,,-3.5,,2.3,,15.7,,0,,0,,0,T,0,T,45,,,,,
3/26/1998,1998,3,26,,3.5,,-12,,-4.3,,22.3,,0,,0,,0,T,0,T,43,,,,,
3/27/1998,1998,3,27,,2.5,,-13,,-5.3,,23.3,,0,,0,,0.2,,0.2,,43,,,,,
3/28/1998,1998,3,28,,3,,-18.5,,-7.8,,25.8,,0,,0,,0,,0,,41,,,,,
3/29/1998,1998,3,29,,2.5,,-1.5,,0.5,,17.5,,0,,0,,3.8,,3.8,,41,,,,,
3/30/1998,1998,3,30,,5,,-12,,-3.5,,21.5,,0,,0,,0.4,,0.4,,43,,,,,
3/31/1998,1998,3,31,,5.5,,-11,,-2.8,,20.8,,0,,0,,0,,0,,41,,,,,
4/1/1998,1998,4,1,,5.5,,-10,,-2.3,,20.3,,0,,0,,0,T,0,T,40,,,,,
4/2/1998,1998,4,2,,4.5,,-12.5,,-4,,22,,0,,0,,0,T,0,T,40,,,,,
4/3/1998,1998,4,3,,4.5,,-18,,-6.8,,24.8,,0,,0,,0,,0,,40,,,,,
4/4/1998,1998,4,4,,7,,-13.5,,-3.3,,21.3,,0,,0,,0,,0,,40,,,,,
4/5/1998,1998,4,5,,8.5,,-8,,0.3,,17.7,,0,,0,,0,,0,,40,,,,,
4/6/1998,1998,4,6,,9,,-10,,-0.5,,18.5,,0,,0,,0,,0,,38,,,,,
4/7/1998,1998,4,7,,6.5,,-9.5,,-1.5,,19.5,,0,,0,T,0,,0,T,34,,,,,
4/8/1998,1998,4,8,,3.5,,-1,,1.3,,16.7,,0,,0,,5,,5,,32,,,,,
4/9/1998,1998,4,9,,5,,-1.5,,1.8,,16.2,,0,,0.6,,0.2,,0.8,,32,,,,,
4/10/1998,1998,4,10,,3.5,,-5.5,,-1,,19,,0,,0,,0,,0,,28,,,,,
4/11/1998,1998,4,11,,6,,-11,,-2.5,,20.5,,0,,0,,1.4,,1.4,,27,,,,,
4/12/1998,1998,4,12,,3,,-2,,0.5,,17.5,,0,,0,,6,,6,,27,,,,,
4/13/1998,1998,4,13,,6.5,,-11,,-2.3,,20.3,,0,,0,,0,,0,,29,,,,,
4/14/1998,1998,4,14,,8,,-11,,-1.5,,19.5,,0,,0,,0,,0,,24,,,,,
4/15/1998,1998,4,15,,8,,-7.5,,0.3,,17.7,,0,,0,,0,,0,,20,,,,,
4/16/1998,1998,4,16,,11,,-1,,5,,13,,0,,0,,0,,0,,15,,,,,
4/17/1998,1998,4,17,,12,,-2.5,,4.8,,13.2,,0,,0,,0,,0,,10,,,,,
4/18/1998,1998,4,18,,14,,3,,8.5,,9.5,,0,,1.6,,0,,1.6,,5,,,,,
4/19/1998,1998,4,19,,4,,0,,2,,16,,0,,2.2,,7.2,,9.4,,,M,,,,
4/20/1998,1998,4,20,,9.5,,-6,,1.8,,16.2,,0,,0,,0,,0,,2,,,,,
4/21/1998,1998,4,21,,9,,-2,,3.5,,14.5,,0,,0.4,,0,,0.4,,0,T,,,,
4/22/1998,1998,4,22,,9.5,,-6,,1.8,,16.2,,0,,0,,0,,0,,,M,,,,
4/23/1998,1998,4,23,,8,,-3,,2.5,,15.5,,0,,4.2,,0,,4.2,,0,T,,,,
4/24/1998,1998,4,24,,4,,0.5,,2.3,,15.7,,0,,6.2,,0,,6.2,,0,T,,,,
4/25/1998,1998,4,25,,9,,0.5,,4.8,,13.2,,0,,0.6,,0,,0.6,,0,T,,,,
4/26/1998,1998,4,26,,8,,1,,4.5,,13.5,,0,,0,T,0,,0,T,0,,,,,
4/27/1998,1998,4,27,,8,,1.5,,4.8,,13.2,,0,,0,,0,,0,,0,,,,,
4/28/1998,1998,4,28,,10.5,,-3,,3.8,,14.2,,0,,0,,0,,0,,0,,,,,
4/29/1998,1998,4,29,,12,,-5,,3.5,,14.5,,0,,0,,0,,0,,0,,,,,
4/30/1998,1998,4,30,,15.5,,0,,7.8,,10.2,,0,,0,,0,,0,,0,,,,,
5/1/1998,1998,5,1,,18.5,,0.5,,9.5,,8.5,,0,,0,T,0,,0,T,0,,,,,
5/2/1998,1998,5,2,,14.5,,1,,7.8,,10.2,,0,,0,,0,,0,,0,,,,,
5/3/1998,1998,5,3,,20,,2,,11,,7,,0,,0,,0,,0,,0,,,,,
5/4/1998,1998,5,4,,13,,4.5,,8.8,,9.2,,0,,4.4,,0,,4.4,,0,,,,,
5/5/1998,1998,5,5,,13,,-2,,5.5,,12.5,,0,,0,,0,,0,,0,,,,,
5/6/1998,1998,5,6,,13.5,,6,,9.8,,8.2,,0,,0,T,0,,0,T,0,,,,,
5/7/1998,1998,5,7,,10.5,,3,,6.8,,11.2,,0,,0,T,0,,0,T,0,,,,,
5/8/1998,1998,5,8,,10,,-4.5,,2.8,,15.2,,0,,0,,0,,0,,0,,,,,
5/9/1998,1998,5,9,,14.5,,-5,,4.8,,13.2,,0,,0,,0,,0,,0,,,,,
5/10/1998,1998,5,10,,19.5,,-1,,9.3,,8.7,,0,,0,,0,,0,,0,,,,,
5/11/1998,1998,5,11,,17,,-1,,8,,10,,0,,0.4,,0,,0.4,,0,,,,,
5/12/1998,1998,5,12,,10.5,,6.5,,8.5,,9.5,,0,,8.6,,0,,8.6,,0,,,,,
5/13/1998,1998,5,13,,8.5,,4,,6.3,,11.7,,0,,3.8,,0,,3.8,,0,,,,,
5/14/1998,1998,5,14,,9.5,,4,,6.8,,11.2,,0,,6.8,,0,,6.8,,0,,,,,
5/15/1998,1998,5,15,,15.5,,6,,10.8,,7.2,,0,,6.6,,0,,6.6,,0,,,,,
5/16/1998,1998,5,16,,18,,0,,9,,9,,0,,0,,0,,0,,0,,,,,
5/17/1998,1998,5,17,,21,,0,,10.5,,7.5,,0,,0,,0,,0,,0,,,,,
5/18/1998,1998,5,18,,20.5,,1,,10.8,,7.2,,0,,0.2,,0,,0.2,,0,,,,,
5/19/1998,1998,5,19,,18,,4,,11,,7,,0,,0,,0,,0,,0,,,,,
5/20/1998,1998,5,20,,18,,3.5,,10.8,,7.2,,0,,0,,0,,0,,0,,,,,
5/21/1998,1998,5,21,,23,,3.5,,13.3,,4.7,,0,,0,,0,,0,,0,,,,,
5/22/1998,1998,5,22,,19.5,,9,,14.3,,3.7,,0,,0,,0,,0,,0,,,,,
5/23/1998,1998,5,23,,20,,4,,12,,6,,0,,0,,0,,0,,0,,,,,
5/24/1998,1998,5,24,,21.5,,12.5,,17,,1,,0,,0,,0,,0,,0,,,,,
5/25/1998,1998,5,25,,21,,14.5,,17.8,,0.2,,0,,0.4,,0,,0.4,,0,,,,,
5/26/1998,1998,5,26,,30.5,,12,,21.3,,0,,3.3,,0,,0,,0,,0,,,,,
5/27/1998,1998,5,27,,29.5,,7.5,,18.5,,0,,0.5,,0,,0,,0,,0,,,,,
5/28/1998,1998,5,28,,29,,15,,22,,0,,4,,0,,0,,0,,0,,,,,
5/29/1998,1998,5,29,,31,,9.5,,20.3,,0,,2.3,,0,,0,,0,,0,,,,,
5/30/1998,1998,5,30,,29,,16.5,,22.8,,0,,4.8,,0,,0,,0,,0,,,,,
5/31/1998,1998,5,31,,16.5,,11.5,,14,,4,,0,,2.6,,0,,2.6,,0,,,,,
6/1/1998,1998,6,1,,19,,9.5,,14.3,,3.7,,0,,1.2,,0,,1.2,,0,,,,,
6/2/1998,1998,6,2,,21,,5,,13,,5,,0,,0,,0,,0,,0,,,,,
6/3/1998,1998,6,3,,21.5,,12.5,,17,,1,,0,,1.6,,0,,1.6,,0,,,,,
6/4/1998,1998,6,4,,22.5,,10.5,,16.5,,1.5,,0,,0,,0,,0,,0,,,,,
6/5/1998,1998,6,5,,24,,11,,17.5,,0.5,,0,,0,,0,,0,,0,,,,,
6/6/1998,1998,6,6,,26.5,,7,,16.8,,1.2,,0,,0,,0,,0,,0,,,,,
6/7/1998,1998,6,7,,29,,11.5,,20.3,,0,,2.3,,0,,0,,0,,0,,,,,
6/8/1998,1998,6,8,,30.5,,12.5,,21.5,,0,,3.5,,0.4,,0,,0.4,,0,,,,,
6/9/1998,1998,6,9,,21.5,,14,,17.8,,0.2,,0,,0,T,0,,0,T,0,,,,,
6/10/1998,1998,6,10,,19,,7,,13,,5,,0,,0,T,0,,0,T,0,,,,,
6/11/1998,1998,6,11,,13.5,,8,,10.8,,7.2,,0,,2.5,,0,,2.5,,0,,,,,
6/12/1998,1998,6,12,,19,,8,,13.5,,4.5,,0,,0,,0,,0,,0,,,,,
6/13/1998,1998,6,13,,21,,5,,13,,5,,0,,0.6,,0,,0.6,,0,,,,,
6/14/1998,1998,6,14,,15,,9.5,,12.3,,5.7,,0,,12.4,,0,,12.4,,0,,,,,
6/15/1998,1998,6,15,,15.5,,8,,11.8,,6.2,,0,,0.6,,0,,0.6,,0,,,,,
6/16/1998,1998,6,16,,20,,9,,14.5,,3.5,,0,,0,,0,,0,,0,,,,,
6/17/1998,1998,6,17,,21,,8,,14.5,,3.5,,0,,0.8,,0,,0.8,,0,,,,,
6/18/1998,1998,6,18,,23.5,,8,,15.8,,2.2,,0,,0,,0,,0,,0,,,,,
6/19/1998,1998,6,19,,25.5,,8.5,,17,,1,,0,,0,,0,,0,,0,,,,,
6/20/1998,1998,6,20,,24.5,,8.5,,16.5,,1.5,,0,,0,,0,,0,,0,,,,,
6/21/1998,1998,6,21,,21,,8,,14.5,,3.5,,0,,0.6,,0,,0.6,,0,,,,,
6/22/1998,1998,6,22,,18.5,,12,,15.3,,2.7,,0,,0,,0,,0,,0,,,,,
6/23/1998,1998,6,23,,17.5,,6,,11.8,,6.2,,0,,4.2,,0,,4.2,,0,,,,,
6/24/1998,1998,6,24,,12.5,,8,,10.3,,7.7,,0,,13.8,,0,,13.8,,0,,,,,
6/25/1998,1998,6,25,,16,,9,,12.5,,5.5,,0,,2.4,,0,,2.4,,0,,,,,
6/26/1998,1998,6,26,,22,,8.8,,15.4,,2.6,,0,,0,,0,,0,,0,,,,,
6/27/1998,1998,6,27,,25.5,,7,,16.3,,1.7,,0,,0,T,0,,0,T,0,,,,,
6/28/1998,1998,6,28,,27,,7.5,,17.3,,0.7,,0,,0,,0,,0,,0,,,,,
6/29/1998,1998,6,29,,29,,13,,21,,0,,3,,19.1,,0,,19.1,,0,,,,,
6/30/1998,1998,6,30,,28.5,,12,,20.3,,0,,2.3,,0,,0,,0,,0,,,,,
7/1/1998,1998,7,1,,24,,16.5,,20.3,,0,,2.3,,3,,0,,3,,0,,,,,
7/2/1998,1998,7,2,,27.5,,14.5,,21,,0,,3,,0,,0,,0,,0,,,,,
7/3/1998,1998,7,3,,28,,10.5,,19.3,,0,,1.3,,0,,0,,0,,0,,,,,
7/4/1998,1998,7,4,,27.5,,14.5,,21,,0,,3,,0,,0,,0,,0,,,,,
7/5/1998,1998,7,5,,26,,14,,20,,0,,2,,0.8,,0,,0.8,,0,,,,,
7/6/1998,1998,7,6,,23,,13,,18,,0,,0,,0,,0,,0,,0,,,,,
7/7/1998,1998,7,7,,20.5,,10,,15.3,,2.7,,0,,0,,0,,0,,0,,,,,
7/8/1998,1998,7,8,,23.5,,5.5,,14.5,,3.5,,0,,0,,0,,0,,0,,,,,
7/9/1998,1998,7,9,,25,,7.5,,16.3,,1.7,,0,,0,,0,,0,,0,,,,,
7/10/1998,1998,7,10,,22.5,,8.5,,15.5,,2.5,,0,,4.8,,0,,4.8,,0,,,,,
7/11/1998,1998,7,11,,22.5,,11,,16.8,,1.2,,0,,0,T,0,,0,T,0,,,,,
7/12/1998,1998,7,12,,21,,8,,14.5,,3.5,,0,,0,,0,,0,,0,,,,,
7/13/1998,1998,7,13,,13.5,,9,,11.3,,6.7,,0,,21.6,,0,,21.6,,0,,,,,
7/14/1998,1998,7,14,,16.5,,5.5,,11,,7,,0,,0,,0,,0,,0,,,,,
7/15/1998,1998,7,15,,20.5,,9,,14.8,,3.2,,0,,0,,0,,0,,0,,,,,
7/16/1998,1998,7,16,,20.5,,10.5,,15.5,,2.5,,0,,1.2,,0,,1.2,,0,,,,,
7/17/1998,1998,7,17,,19.5,,10,,14.8,,3.2,,0,,5.6,,0,,5.6,,0,,,,,
7/18/1998,1998,7,18,,23,,6,,14.5,,3.5,,0,,0,T,0,,0,T,0,,,,,
7/19/1998,1998,7,19,,19.5,,12.4,,16,,2,,0,,1.2,,0,,1.2,,0,,,,,
7/20/1998,1998,7,20,,24,,9.5,,16.8,,1.2,,0,,1.2,,0,,1.2,,0,,,,,
7/21/1998,1998,7,21,,23.5,,9.5,,16.5,,1.5,,0,,0.6,,0,,0.6,,0,,,,,
7/22/1998,1998,7,22,,22,,14.9,,18.5,,0,,0.5,,2,,0,,2,,0,,,,,
7/23/1998,1998,7,23,,20,,11.5,,15.8,,2.2,,0,,3.4,,0,,3.4,,0,,,,,
7/24/1998,1998,7,24,,19,,11.5,,15.3,,2.7,,0,,0,T,0,,0,T,0,,,,,
7/25/1998,1998,7,25,,21.5,,13.5,,17.5,,0.5,,0,,0,,0,,0,,0,,,,,
7/26/1998,1998,7,26,,23,,12,,17.5,,0.5,,0,,0,,0,,0,,0,,,,,
7/27/1998,1998,7,27,,25,,7,,16,,2,,0,,0,,0,,0,,0,,,,,
7/28/1998,1998,7,28,,22,,8,,15,,3,,0,,0,,0,,0,,0,,,,,
7/29/1998,1998,7,29,,20,,7.5,,13.8,,4.2,,0,,0.6,,0,,0.6,,0,,,,,
7/30/1998,1998,7,30,,22,,9,,15.5,,2.5,,0,,0,,0,,0,,0,,,,,
7/31/1998,1998,7,31,,24.5,,7,,15.8,,2.2,,0,,0,,0,,0,,0,,,,,
8/1/1998,1998,8,1,,21.5,,14.5,,18,,0,,0,,0,,0,,0,,0,,,,,
8/2/1998,1998,8,2,,24,,3.5,,13.8,,4.2,,0,,0,,0,,0,,0,,,,,
8/3/1998,1998,8,3,,27.5,,4.5,,16,,2,,0,,0,,0,,0,,0,,,,,
8/4/1998,1998,8,4,,23,,5,,14,,4,,0,,0,,0,,0,,0,,,,,
8/5/1998,1998,8,5,,22,,9.5,,15.8,,2.2,,0,,0,,0,,0,,0,,,,,
8/6/1998,1998,8,6,,18,,8.5,,13.3,,4.7,,0,,0,,0,,0,,0,,,,,
8/7/1998,1998,8,7,,19.5,,4,,11.8,,6.2,,0,,0.8,,0,,0.8,,0,,,,,
8/8/1998,1998,8,8,,18.5,,11,,14.8,,3.2,,0,,1.2,,0,,1.2,,0,,,,,
8/9/1998,1998,8,9,,19.5,,6,,12.8,,5.2,,0,,3,,0,,3,,0,,,,,
8/10/1998,1998,8,10,,15.5,,4,,9.8,,8.2,,0,,0,,0,,0,,0,,,,,
8/11/1998,1998,8,11,,19,,7.2,,13.1,,4.9,,0,,0.6,,0,,0.6,,0,,,,,
8/12/1998,1998,8,12,,19,,8.5,,13.8,,4.2,,0,,2.2,,0,,2.2,,0,,,,,
8/13/1998,1998,8,13,,23,,4.5,,13.8,,4.2,,0,,0,,0,,0,,0,,,,,
8/14/1998,1998,8,14,,22.5,,5.5,,14,,4,,0,,0,,0,,0,,0,,,,,
8/15/1998,1998,8,15,,24,,7.5,,15.8,,2.2,,0,,0,,0,,0,,0,,,,,
8/16/1998,1998,8,16,,23.5,,8,,15.8,,2.2,,0,,0,,0,,0,,0,,,,,
8/17/1998,1998,8,17,,24.5,,9,,16.8,,1.2,,0,,0,,0,,0,,0,,,,,
8/18/1998,1998,8,18,,19,,10.4,,14.7,,3.3,,0,,0,,0,,0,,0,,,,,
8/19/1998,1998,8,19,,19.5,,6.5,,13,,5,,0,,0,T,0,,0,T,0,,,,,
8/20/1998,1998,8,20,,19.5,,1.5,,10.5,,7.5,,0,,2.4,,0,,2.4,,0,,,,,
8/21/1998,1998,8,21,,18.5,,5,,11.8,,6.2,,0,,0,T,0,,0,T,0,,,,,
8/22/1998,1998,8,22,,16.5,,10,,13.3,,4.7,,0,,0,T,0,,0,T,0,,,,,
8/23/1998,1998,8,23,,19,,8.5,,13.8,,4.2,,0,,0,,0,,0,,0,,,,,
8/24/1998,1998,8,24,,15.5,,1.5,,8.5,,9.5,,0,,0,,0,,0,,0,,,,,
8/25/1998,1998,8,25,,15,,9.5,,12.3,,5.7,,0,,3.6,,0,,3.6,,0,,,,,
8/26/1998,1998,8,26,,13.5,,6.5,,10,,8,,0,,0.6,,0,,0.6,,0,,,,,
8/27/1998,1998,8,27,,15.5,,3.5,,9.5,,8.5,,0,,1.4,,0,,1.4,,0,,,,,
8/28/1998,1998,8,28,,13,,1.5,,7.3,,10.7,,0,,1.8,,0,,1.8,,0,,,,,
8/29/1998,1998,8,29,,17.5,,9,,13.3,,4.7,,0,,0,,0,,0,,0,,,,,
8/30/1998,1998,8,30,,16.5,,4.5,,10.5,,7.5,,0,,0,,0,,0,,0,,,,,
8/31/1998,1998,8,31,,13,,6,,9.5,,8.5,,0,,2.8,,0,,2.8,,0,,,,,
9/1/1998,1998,9,1,,15.5,,5,,10.3,,7.7,,0,,1,,0,,1,,0,,,,,
9/2/1998,1998,9,2,,13.8,,6.5,,10.2,,7.8,,0,,10.6,,0,,10.6,,0,,,,,
9/3/1998,1998,9,3,,12.5,,1,,6.8,,11.2,,0,,1.4,,0,,1.4,,0,,,,,
9/4/1998,1998,9,4,,14.5,,0.5,,7.5,,10.5,,0,,0,,0,,0,,0,,,,,
9/5/1998,1998,9,5,,17.5,,-1,,8.3,,9.7,,0,,0,,0,,0,,0,,,,,
9/6/1998,1998,9,6,,12,,9,,10.5,,7.5,,0,,7,,0,,7,,0,,,,,
9/7/1998,1998,9,7,,15,,6,,10.5,,7.5,,0,,0,,0,,0,,0,,,,,
9/8/1998,1998,9,8,,13.5,,5,,9.3,,8.7,,0,,0,,0,,0,,0,,,,,
9/9/1998,1998,9,9,,14,,-1.5,,6.3,,11.7,,0,,0,,0,,0,,0,,,,,
9/10/1998,1998,9,10,,14.1,,-1.5,,6.3,,11.7,,0,,2,,0,,2,,0,,,,,
9/11/1998,1998,9,11,,12.5,,6,,9.3,,8.7,,0,,0.6,,0,,0.6,,0,,,,,
9/12/1998,1998,9,12,,9,,5,,7,,11,,0,,1.8,,0,,1.8,,0,,,,,
9/13/1998,1998,9,13,,12.5,,3,,7.8,,10.2,,0,,0.4,,0,,0.4,,0,,,,,
9/14/1998,1998,9,14,,12,,2.5,,7.3,,10.7,,0,,0,,0,,0,,0,,,,,
9/15/1998,1998,9,15,,11,,1,,6,,12,,0,,0,,0,,0,,0,,,,,
9/16/1998,1998,9,16,,11,,-2,,4.5,,13.5,,0,,0,,0,,0,,0,,,,,
9/17/1998,1998,9,17,,13.5,,-4,,4.8,,13.2,,0,,0,,0,,0,,0,,,,,
9/18/1998,1998,9,18,,17,,-3.5,,6.8,,11.2,,0,,0,,0,,0,,0,,,,,
9/19/1998,1998,9,19,,18,,-2,,8,,10,,0,,0,,0,,0,,0,,,,,
9/20/1998,1998,9,20,,17.5,,0.5,,9,,9,,0,,0,,0,,0,,0,,,,,
9/21/1998,1998,9,21,,16,,0.5,,8.3,,9.7,,0,,0,,0,,0,,0,,,,,
9/22/1998,1998,9,22,,15.5,,-2,,6.8,,11.2,,0,,0,T,0,,0,T,0,,,,,
9/23/1998,1998,9,23,,10,,4,,7,,11,,0,,0.4,,0,,0.4,,0,,,,,
9/24/1998,1998,9,24,,11,,6.5,,8.8,,9.2,,0,,0,T,0,,0,T,0,,,,,
9/25/1998,1998,9,25,,12.5,,-2.5,,5,,13,,0,,0,,0,,0,,0,,,,,
9/26/1998,1998,9,26,,15.5,,5.5,,10.5,,7.5,,0,,0,T,0,,0,T,0,,,,,
9/27/1998,1998,9,27,,12,,5.5,,8.8,,9.2,,0,,0,T,0,,0,T,0,,,,,
9/28/1998,1998,9,28,,8,,-2,,3,,15,,0,,0,T,0,,0,T,0,,,,,
9/29/1998,1998,9,29,,7,,-6.5,,0.3,,17.7,,0,,2,,0,,2,,0,,,,,
9/30/1998,1998,9,30,,6,,2.5,,4.3,,13.7,,0,,5,,0,,5,,0,,,,,
10/1/1998,1998,10,1,,3.5,,1,,2.3,,15.7,,0,,15.2,,0,,15.2,,0,,,,,
10/2/1998,1998,10,2,,1,,-0.5,,0.3,,17.7,,0,,0,,6.2,,6.2,,0,,,,,
10/3/1998,1998,10,3,,1.1,,-1.5,,-0.2,,18.2,,0,,0,,5.2,,5.2,,3,,,,,
10/4/1998,1998,10,4,,4,,-1,,1.5,,16.5,,0,,0,,1,,1,,4,,,,,
10/5/1998,1998,10,5,,3,,-2,,0.5,,17.5,,0,,0,T,2.6,,2.6,,0,,,,,
10/6/1998,1998,10,6,,3,,0,,1.5,,16.5,,0,,0,,1.2,,1.2,,0,T,,,,
10/7/1998,1998,10,7,,1.5,,0,,0.8,,17.2,,0,,0,,0.4,,0.4,,0,,,,,
10/8/1998,1998,10,8,,1,,-2,,-0.5,,18.5,,0,,0,,0,T,0,T,0,,,,,
10/9/1998,1998,10,9,,-0.5,,-2.5,,-1.5,,19.5,,0,,0,,0,,0,,0,,,,,
10/10/1998,1998,10,10,,-1.5,,-3,,-2.3,,20.3,,0,,0,,0,,0,,0,,,,,
10/11/1998,1998,10,11,,-2.1,,-5,,-3.6,,21.6,,0,,0,,0,,0,,0,,,,,
10/12/1998,1998,10,12,,-1,,-3.5,,-2.3,,20.3,,0,,0,,0.4,,0.4,,0,,,,,
10/13/1998,1998,10,13,,0,,-3,,-1.5,,19.5,,0,,0,,1.4,,1.4,,0,T,,,,
10/14/1998,1998,10,14,,0.5,,-4,,-1.8,,19.8,,0,,0,,0,T,0,T,0,T,,,,
10/15/1998,1998,10,15,,6,,-1,,2.5,,15.5,,0,,0,,0,T,0,T,0,T,,,,
10/16/1998,1998,10,16,,6,,1,,3.5,,14.5,,0,,0.6,,0,T,0.6,,0,,,,,
10/17/1998,1998,10,17,,5,,-2,,1.5,,16.5,,0,,0,,0,,0,,0,,,,,
10/18/1998,1998,10,18,,4.5,,-1,,1.8,,16.2,,0,,0,,3.8,,3.8,,0,,,,,
10/19/1998,1998,10,19,,11.5,,1,,6.3,,11.7,,0,,0,,0,,0,,0,,,,,
10/20/1998,1998,10,20,,14.5,,7.9,,11.2,,6.8,,0,,0,,0,,0,,0,,,,,
10/21/1998,1998,10,21,,4.5,,1,,2.8,,15.2,,0,,4.6,,0,,4.6,,0,,,,,
10/22/1998,1998,10,22,,7,,0.5,,3.8,,14.2,,0,,3.2,,0,,3.2,,0,,,,,
10/23/1998,1998,10,23,,7.5,,1,,4.3,,13.7,,0,,0,,0,,0,,0,,,,,
10/24/1998,1998,10,24,,1,,-2.5,,-0.8,,18.8,,0,,0,,0,,0,,0,,,,,
10/25/1998,1998,10,25,,11,,-2,,4.5,,13.5,,0,,0,,0,,0,,0,,,,,
10/26/1998,1998,10,26,,5,,1.5,,3.3,,14.7,,0,,0,,0,,0,,0,,,,,
10/27/1998,1998,10,27,,-0.5,,-4.5,,-2.5,,20.5,,0,,0,,7,,7,,0,,,,,
10/28/1998,1998,10,28,,-1.5,,-4,,-2.8,,20.8,,0,,0,,0.4,,0.4,,7,,,,,
10/29/1998,1998,10,29,,-5,,-18,,-11.5,,29.5,,0,,0,,0,,0,,7,,,,,
10/30/1998,1998,10,30,,-9.5,,-18,,-13.8,,31.8,,0,,0,,1.8,,1.8,,7,,,,,
10/31/1998,1998,10,31,,-6,,-15,,-10.5,,28.5,,0,,0,,0,,0,,8,,,,,
11/1/1998,1998,11,1,,-3,,-8,,-5.5,,23.5,,0,,0,,0,T,0,T,8,,,,,
11/2/1998,1998,11,2,,-1.5,,-4,,-2.8,,20.8,,0,,0,,0.2,,0.2,,8,,,,,
11/3/1998,1998,11,3,,-1.5,,-3,,-2.3,,20.3,,0,,0,,0,T,0,T,6,,,,,
11/4/1998,1998,11,4,,-0.5,,-3,,-1.8,,19.8,,0,,0,,0.2,,0.2,,6,,,,,
11/5/1998,1998,11,5,,-1,,-3,,-2,,20,,0,,0,,0,,0,,6,,,,,
11/6/1998,1998,11,6,,-4,,-7,,-5.5,,23.5,,0,,0,T,0,,0,T,6,,,,,
11/7/1998,1998,11,7,,-6.5,,-8,,-7.3,,25.3,,0,,0,T,0.2,,0.2,,6,,,,,
11/8/1998,1998,11,8,,-5.5,,-9.5,,-7.5,,25.5,,0,,0,,1.2,,1.2,,6,,,,,
11/9/1998,1998,11,9,,-6.5,,-13,,-9.8,,27.8,,0,,0,,0,T,0,T,6,,,,,
11/10/1998,1998,11,10,,-12,,-22,,-17,,35,,0,,0,,0,T,0,T,6,,,,,
11/11/1998,1998,11,11,,-12,,-14,,-13,,31,,0,,0,,5,,5,,6,,,,,
11/12/1998,1998,11,12,,-12,,-22.8,,-17.4,,35.4,,0,,0,,0,,0,,8,,,,,
11/13/1998,1998,11,13,,-16.5,,-27,,-21.8,,39.8,,0,,0,,0,T,0,T,8,,,,,
11/14/1998,1998,11,14,,-12.5,,-24.7,,-18.6,,36.6,,0,,0,,2.4,,2.4,,8,,,,,
11/15/1998,1998,11,15,,-13.5,,-15.8,,-14.7,,32.7,,0,,0,,0,T,0,T,10,,,,,
11/16/1998,1998,11,16,,-20.5,,-29,,-24.8,,42.8,,0,,0,,0,,0,,10,,,,,
11/17/1998,1998,11,17,,-21.5,,-30.5,,-26,,44,,0,,0,,0.2,,0.2,,10,,,,,
11/18/1998,1998,11,18,,-23,,-32,,-27.5,,45.5,,0,,0,,0,,0,,10,,,,,
11/19/1998,1998,11,19,,-18,,-26.5,,-22.3,,40.3,,0,,0,,0.6,,0.6,,10,,,,,
11/20/1998,1998,11,20,,-11,,-24,,-17.5,,35.5,,0,,0,,2,,2,,10,,,,,
11/21/1998,1998,11,21,,-9.5,,-13,,-11.3,,29.3,,0,,0,,0.4,,0.4,,11,,,,,
11/22/1998,1998,11,22,,-9.5,,-12.5,,-11,,29,,0,,0,,0.4,,0.4,,11,,,,,
11/23/1998,1998,11,23,,-14.5,,-20,,-17.3,,35.3,,0,,0,,0,,0,,11,,,,,
11/24/1998,1998,11,24,,-12,,-20.5,,-16.3,,34.3,,0,,0,,1.8,,1.8,,11,,,,,
11/25/1998,1998,11,25,,-11,,-21,,-16,,34,,0,,0,,0,T,0,T,13,,,,,
11/26/1998,1998,11,26,,-9.5,,-15,,-12.3,,30.3,,0,,0,,0.8,,0.8,,13,,,,,
11/27/1998,1998,11,27,,-12,,-20,,-16,,34,,0,,0,,0.2,,0.2,,14,,,,,
11/28/1998,1998,11,28,,-15.5,,-24,,-19.8,,37.8,,0,,0,,1.2,,1.2,,14,,,,,
11/29/1998,1998,11,29,,-12.5,,-19,,-15.8,,33.8,,0,,0,,0.2,,0.2,,15,,,,,
11/30/1998,1998,11,30,,-16.4,,-18,,-17.2,,35.2,,0,,0,,0,,0,,15,,,,,
12/1/1998,1998,12,1,,-18.3,,-24.3,,-21.3,,39.3,,0,,,M,,M,0,,,,,,<31,
12/2/1998,1998,12,2,,-17.4,,-24.3,,-20.9,,38.9,,0,,,M,,M,0.5,,,,,,<31,
12/3/1998,1998,12,3,,-14.6,,-19.3,,-17,,35,,0,,,M,,M,0.5,,,,,,<31,
12/4/1998,1998,12,4,,-14.8,,-23.4,,-19.1,,37.1,,0,,,M,,M,0,,,,,,<31,
12/5/1998,1998,12,5,,-15.8,,-25.5,,-20.7,,38.7,,0,,,M,,M,0,,,,,,<31,
12/6/1998,1998,12,6,,-14,,-26.5,,-20.3,,38.3,,0,,,M,,M,0,,,,,,<31,
12/7/1998,1998,12,7,,-14.3,,-26.2,,-20.3,,38.3,,0,,,M,,M,2,,,,,,<31,
12/8/1998,1998,12,8,,-18.5,,-28.1,,-23.3,,41.3,,0,,,M,,M,,M,,,,,<31,
12/9/1998,1998,12,9,,-14.6,,-23.6,,-19.1,,37.1,,0,,,M,,M,1,,,,,,<31,
12/10/1998,1998,12,10,,2.7,,-14.6,,-6,,24,,0,,,M,,M,4,,,,25,,48,
12/11/1998,1998,12,11,,0,,-16.7,,-8.4,,26.4,,0,,,M,,M,0,,,,11,,39,
12/12/1998,1998,12,12,,-1.4,,-21.5,,-11.5,,29.5,,0,,,M,,M,0,,,,,,<31,
12/13/1998,1998,12,13,,-16.8,,-23.2,,-20,,38,,0,,,M,,M,0,,,,,,<31,
12/14/1998,1998,12,14,,-19.5,,-28.2,,-23.9,,41.9,,0,,,M,,M,0,,,,,,<31,
12/15/1998,1998,12,15,,-14.6,,-24.6,,-19.6,,37.6,,0,,,M,,M,0.5,,,,,,<31,
12/16/1998,1998,12,16,,-12.7,,-22.9,,-17.8,,35.8,,0,,,M,,M,1,,,,,,<31,
12/17/1998,1998,12,17,,-9.5,,-24.9,,-17.2,,35.2,,0,,,M,,M,1,,,,30,,32,
12/18/1998,1998,12,18,,-15.4,,-35.5,,-25.5,,43.5,,0,,,M,,M,0,,,,,,<31,
12/19/1998,1998,12,19,,-25.3,,-37.6,,-31.5,,49.5,,0,,,M,,M,0,,,,,,<31,
12/20/1998,1998,12,20,,-17.7,,-26.2,,-22,,40,,0,,,M,,M,1,,,,,,<31,
12/21/1998,1998,12,21,,-17.2,,-28.5,,-22.9,,40.9,,0,,,M,,M,0,,,,,,<31,
12/22/1998,1998,12,22,,-15.6,,-29.6,,-22.6,,40.6,,0,,,M,,M,0,,,,,,<31,
12/23/1998,1998,12,23,,-18.9,,-28,,-23.5,,41.5,,0,,,M,,M,0,,,,,,<31,
12/24/1998,1998,12,24,,-27.7,E,-35.7,,-31.7,E,49.7,E,0,E,,M,,M,0,,,,,,<31,
12/25/1998,1998,12,25,,-32.1,,-39.5,,-35.8,,53.8,,0,,,M,,M,0,,,,,,<31,
12/26/1998,1998,12,26,,-29.2,,-36.4,,-32.8,,50.8,,0,,,M,,M,0,,,,,,<31,
12/27/1998,1998,12,27,,-28,,-37.3,,-32.7,,50.7,,0,,,M,,M,0,,,,,,<31,
12/28/1998,1998,12,28,,-23.2,,-35.1,,-29.2,,47.2,,0,,,M,,M,0,,,,,,<31,
12/29/1998,1998,12,29,,-24.1,,-29.3,,-26.7,,44.7,,0,,,M,,M,3.5,,,,,,<31,
12/30/1998,1998,12,30,,-22.3,,-30.6,,-26.5,,44.5,,0,,,M,,M,1,,,,,,<31,
12/31/1998,1998,12,31,,-21.2,,-28.5,,-24.9,,42.9,,0,,,M,,M,3,,,,,,<31,
1/1/1999,1999,1,1,,-24.1,,-34,,-29.1,,47.1,,0,,,M,,M,0,,,,,,<31,
1/2/1999,1999,1,2,,-19.8,,-30.1,,-25,,43,,0,,,M,,M,4,,,,,,<31,
1/3/1999,1999,1,3,,-16.6,,-19.9,,-18.3,,36.3,,0,,,M,,M,4,,,,,,<31,
1/4/1999,1999,1,4,,-11.8,,-22.4,,-17.1,,35.1,,0,,,M,,M,1.5,,,,,,<31,
1/5/1999,1999,1,5,,-11.8,,-37,,-24.4,,42.4,,0,,,M,,M,2,,,,,,<31,
1/6/1999,1999,1,6,,-27.6,,-41.8,,-34.7,,52.7,,0,,,M,,M,0,,,,,,<31,
1/7/1999,1999,1,7,,-38.1,,-45.7,,-41.9,,59.9,,0,,,M,,M,0,,,,,,<31,
1/8/1999,1999,1,8,,-27.6,,-40.6,,-34.1,,52.1,,0,,,M,,M,7,,,,,,<31,
1/9/1999,1999,1,9,,-23.4,,-27.7,,-25.6,,43.6,,0,,,M,,M,2.5,,,,,,<31,
1/10/1999,1999,1,10,,-22.6,,-24,,-23.3,,41.3,,0,,,M,,M,0,,,,,,<31,
1/11/1999,1999,1,11,,-21.3,,-30.5,,-25.9,,43.9,,0,,,M,,M,0.5,,,,,,<31,
1/12/1999,1999,1,12,,-20.2,,-29.4,,-24.8,,42.8,,0,,,M,,M,1.5,,,,,,<31,
1/13/1999,1999,1,13,,-2.5,,-26.1,,-14.3,,32.3,,0,,,M,,M,0.5,,,,,,<31,
1/14/1999,1999,1,14,,-8.1,,-18.8,E,-13.5,E,31.5,E,0,E,,M,,M,0.5,,,,,,<31,
1/15/1999,1999,1,15,,-3.6,,-21.6,,-12.6,,30.6,,0,,,M,,M,0.5,,,,,,<31,
1/16/1999,1999,1,16,,-20.7,,-28.2,,-24.5,,42.5,,0,,,M,,M,1,,,,,,<31,
1/17/1999,1999,1,17,,-17.2,,-31,,-24.1,,42.1,,0,,,M,,M,0.5,,,,,,<31,
1/18/1999,1999,1,18,,-15.1,,-20.6,,-17.9,,35.9,,0,,,M,,M,0,,,,,,<31,
1/19/1999,1999,1,19,,-15.7,,-30.2,,-23,,41,,0,,,M,,M,0,,,,,,<31,
1/20/1999,1999,1,20,,-28.3,,-40.8,,-34.6,,52.6,,0,,,M,,M,2.5,,,,,,<31,
1/21/1999,1999,1,21,,-34.6,,-45.8,,-40.2,,58.2,,0,,,M,,M,2.5,,,,,,<31,
1/22/1999,1999,1,22,,-37.6,,-48.5,,-43.1,,61.1,,0,,,M,,M,2.5,,,,,,<31,
1/23/1999,1999,1,23,,-30.5,,-43.9,,-37.2,,55.2,,0,,,M,,M,0.5,,,,,,<31,
1/24/1999,1999,1,24,,-21,,-30.5,,-25.8,,43.8,,0,,,M,,M,2,,,,,,<31,
1/25/1999,1999,1,25,,-18.9,,-30.7,,-24.8,,42.8,,0,,,M,,M,1,,,,,,<31,
1/26/1999,1999,1,26,,-19,,-31.4,,-25.2,,43.2,,0,,,M,,M,1,,,,,,<31,
1/27/1999,1999,1,27,,-14.6,,-27.8,,-21.2,,39.2,,0,,,M,,M,3,,,,,,<31,
1/28/1999,1999,1,28,,-15,,-19.1,,-17.1,,35.1,,0,,,M,,M,0,,,,,,<31,
1/29/1999,1999,1,29,,-16,,-20.8,,-18.4,,36.4,,0,,,M,,M,0,,,,,,<31,
1/30/1999,1999,1,30,,-20.8,,-26.1,,-23.5,,41.5,,0,,,M,,M,0.5,,,,,,<31,
1/31/1999,1999,1,31,,-22.7,,-31.2,,-27,,45,,0,,,M,,M,1.5,,,,,,<31,
2/1/1999,1999,2,1,,-23.3,,-36.8,,-30.1,,48.1,,0,,,M,,M,2.5,,,,,,<31,
2/2/1999,1999,2,2,,-21.5,,-31.6,,-26.6,,44.6,,0,,,M,,M,0.5,,,,,,<31,
2/3/1999,1999,2,3,,-21.6,,-32.7,,-27.2,,45.2,,0,,,M,,M,2,,,,,,<31,
2/4/1999,1999,2,4,,-17.3,,-33.7,,-25.5,,43.5,,0,,,M,,M,26,,,,,,<31,
2/5/1999,1999,2,5,,-9.7,,-23,,-16.4,,34.4,,0,,,M,,M,0.5,,,,13,,46,
2/6/1999,1999,2,6,,-12.9,,-27.5,,-20.2,,38.2,,0,,,M,,M,0,,,,,,<31,
2/7/1999,1999,2,7,,-17.4,,-29.4,,-23.4,,41.4,,0,,,M,,M,0,,,,,,<31,
2/8/1999,1999,2,8,,-13.8,,-24,,-18.9,,36.9,,0,,,M,,M,0.5,,,,,,<31,
2/9/1999,1999,2,9,,-19.1,,-33.6,,-26.4,,44.4,,0,,,M,,M,0,,,,,,<31,
2/10/1999,1999,2,10,,-17.5,,-33,,-25.3,,43.3,,0,,,M,,M,0.5,,,,,,<31,
2/11/1999,1999,2,11,,-18.5,,-33.1,,-25.8,,43.8,,0,,,M,,M,3.5,,,,,,<31,
2/12/1999,1999,2,12,,-14.3,,-26.2,,-20.3,,38.3,,0,,,M,,M,2.5,,,,,,<31,
2/13/1999,1999,2,13,,-12.8,,-22.6,,-17.7,,35.7,,0,,,M,,M,0,,,,,,<31,
2/14/1999,1999,2,14,,-10.1,,-25.2,,-17.7,,35.7,,0,,,M,,M,0,,,,,,<31,
2/15/1999,1999,2,15,,-9.4,,-24.5,,-17,,35,,0,,,M,,M,0,,,,,,<31,
2/16/1999,1999,2,16,,-11.9,,-30,,-21,,39,,0,,,M,,M,1,,,,,,<31,
2/17/1999,1999,2,17,,-8.9,,-16.7,,-12.8,,30.8,,0,,,M,,M,0,,,,,,<31,
2/18/1999,1999,2,18,,-10.5,,-23.2,,-16.9,,34.9,,0,,,M,,M,0,,,,,,<31,
2/19/1999,1999,2,19,,-16.2,,-28.1,,-22.2,,40.2,,0,,,M,,M,,M,,,,,<31,
2/20/1999,1999,2,20,,-13.3,,-32.4,,-22.9,,40.9,,0,,,M,,M,0,,,,,,<31,
2/21/1999,1999,2,21,,-15.1,,-28.6,,-21.9,,39.9,,0,,,M,,M,2.5,,,,,,<31,
2/22/1999,1999,2,22,,-8.7,,-16.4,,-12.6,,30.6,,0,,,M,,M,2,,,,,,<31,
2/23/1999,1999,2,23,,-5.1,,-21.6,,-13.4,,31.4,,0,,,M,,M,2,,,,,,<31,
2/24/1999,1999,2,24,,-9.2,,-23,,-16.1,,34.1,,0,,,M,,M,0,,,,,,<31,
2/25/1999,1999,2,25,,-5.4,,-16.1,,-10.8,,28.8,,0,,,M,,M,4.5,,,,,,<31,
2/26/1999,1999,2,26,,-4.3,,-24.5,,-14.4,,32.4,,0,,,M,,M,0,,,,,,<31,
2/27/1999,1999,2,27,,-14.6,,-31.4,,-23,,41,,0,,,M,,M,0,,,,,,<31,
2/28/1999,1999,2,28,,-6.5,,-25.3,,-15.9,,33.9,,0,,,M,,M,0.5,,,,,,<31,
3/1/1999,1999,3,1,,-7.3,,-22.7,,-15,,33,,0,,,M,,M,0,,,,,,<31,
3/2/1999,1999,3,2,,-9.7,,-27.8,,-18.8,,36.8,,0,,,M,,M,0,,,,,,<31,
3/3/1999,1999,3,3,,-8.5,,-26.9,,-17.7,,35.7,,0,,,M,,M,0,,,,,,<31,
3/4/1999,1999,3,4,,-9.2,,-20.8,,-15,,33,,0,,,M,,M,0.5,,,,,,<31,
3/5/1999,1999,3,5,,-12.6,,-23.9,,-18.3,,36.3,,0,,,M,,M,1,,,,,,<31,
3/6/1999,1999,3,6,,-14.4,,-18.9,,-16.7,,34.7,,0,,,M,,M,1,,,,,,<31,
3/7/1999,1999,3,7,,-17.3,,-20.2,,-18.8,,36.8,,0,,,M,,M,0.5,,,,,,<31,
3/8/1999,1999,3,8,,-17.2,,-31.6,,-24.4,,42.4,,0,,,M,,M,1.5,,,,,,<31,
3/9/1999,1999,3,9,,-7.8,,-30.2,,-19,,37,,0,,,M,,M,0.5,,,,,,<31,
3/10/1999,1999,3,10,,1.1,,-17.8,,-8.4,,26.4,,0,,,M,,M,0.5,,,,,,<31,
3/11/1999,1999,3,11,,1.4,,-19.2,,-8.9,,26.9,,0,,,M,,M,0.5,,,,13,,33,
3/12/1999,1999,3,12,,2.2,,-14.1,,-6,,24,,0,,,M,,M,0,,,,11,,37,
3/13/1999,1999,3,13,,-1.4,,-16.6,E,-9,E,27,E,0,E,,M,,M,0,,,,,M,,M
3/14/1999,1999,3,14,,1.3,,-17.7,,-8.2,,26.2,,0,,,M,,M,0,,,,24,,33,
3/15/1999,1999,3,15,,-1.1,,-23.4,,-12.3,,30.3,,0,,,M,,M,0,,,,,,<31,
3/16/1999,1999,3,16,,1.1,,-25.6,,-12.3,,30.3,,0,,,M,,M,0,,,,26,,37,
3/17/1999,1999,3,17,,-0.2,,-26.3,,-13.3,,31.3,,0,,,M,,M,0,,,,,,<31,
3/18/1999,1999,3,18,,-1.9,,-27.5,,-14.7,,32.7,,0,,,M,,M,0,,,,,,<31,
3/19/1999,1999,3,19,,0.1,,-28.5,,-14.2,,32.2,,0,,,M,,M,0.5,,,,,,<31,
3/20/1999,1999,3,20,,4.7,,-11.6,,-3.5,,21.5,,0,,,M,,M,0,,,,,,<31,
3/21/1999,1999,3,21,,6.9,,-4,,1.5,,16.5,,0,,,M,,M,0,,,,,,<31,
3/22/1999,1999,3,22,,5.2,,-3.9,,0.7,,17.3,,0,,,M,,M,2,,,,,,<31,
3/23/1999,1999,3,23,,3.5,,-4.7,,-0.6,,18.6,,0,,,M,,M,0,,,,,,<31,
3/24/1999,1999,3,24,,6.8,,-5.2,,0.8,,17.2,,0,,,M,,M,0.5,,,,,,<31,
3/25/1999,1999,3,25,,4.9,,-8,,-1.6,,19.6,,0,,,M,,M,0,,,,25,,37,
3/26/1999,1999,3,26,,3.2,,-10.4,,-3.6,,21.6,,0,,,M,,M,0,,,,28,,37,
3/27/1999,1999,3,27,,3,,-6.3,,-1.7,,19.7,,0,,,M,,M,0,,,,23,,41,
3/28/1999,1999,3,28,,3.1,,-20.5,,-8.7,,26.7,,0,,,M,,M,0,,,,,,<31,
3/29/1999,1999,3,29,,-0.1,,-19.8,,-10,,28,,0,,,M,,M,0,,,,,,<31,
3/30/1999,1999,3,30,,-0.8,,-19.7,,-10.3,,28.3,,0,,,M,,M,0,,,,11,,32,
3/31/1999,1999,3,31,,2.1,,-12.9,,-5.4,,23.4,,0,,,M,,M,0,,,,,,<31,
4/1/1999,1999,4,1,,7,,-5,,1,,17,,0,,0,,0.6,,0.6,,50,,16,E,41,E
4/2/1999,1999,4,2,,5.1,,-8,,-1.5,,19.5,,0,,0,,0,T,0,T,50,,29,E,54,E
4/3/1999,1999,4,3,,4.5,,-15.5,,-5.5,,23.5,,0,,0,,0,T,0,T,50,,,,<31,
4/4/1999,1999,4,4,,4.7,,-15.5,,-5.4,,23.4,,0,,0,,0,,0,,50,,,,<31,
4/5/1999,1999,4,5,,4.2,,-15,,-5.4,,23.4,,0,,0,,0,,0,,50,,27,E,32,E
4/6/1999,1999,4,6,,4.7,,-9,,-2.2,,20.2,,0,,0,,1.4,,1.4,,50,,25,E,39,E
4/7/1999,1999,4,7,,4.2,,-10,,-2.9,,20.9,,0,,0,,1.7,,1.7,,50,,10,E,39,E
4/8/1999,1999,4,8,,2.2,,-6.6,,-2.2,,20.2,,0,,0,,0.5,,0.5,,51,,4,E,37,E
4/9/1999,1999,4,9,,7.3,,-13,,-2.9,,20.9,,0,,0,,0,T,0,T,52,,,,<31,
4/10/1999,1999,4,10,,6.2,,-15.3,,-4.6,,22.6,,0,,0,,0,T,0,T,52,,,,<31,
4/11/1999,1999,4,11,,6.3,,-0.6,,2.9,,15.1,,0,,0,,0,,0,,52,,17,E,33,E
4/12/1999,1999,4,12,,5.1,,-4.8,,0.2,,17.8,,0,,0,,0,T,0,T,49,,25,,48,
4/13/1999,1999,4,13,,4.6,,-7.2,,-1.3,,19.3,,0,,0,,0,,0,,49,,26,E,54,E
4/14/1999,1999,4,14,,7.8,,-7.8,,0,,18,,0,,0,,0,,0,,48,,,,<31,
4/15/1999,1999,4,15,,7.4,,-0.8,,3.3,,14.7,,0,,0,,0.8,,0.8,,48,,12,E,32,E
4/16/1999,1999,4,16,,13,,-0.2,,6.4,,11.6,,0,,0,,0,,0,,42,,,,<31,
4/17/1999,1999,4,17,,14.9,,-7,,4,,14,,0,,0,,0,,0,,31,,,,<31,
4/18/1999,1999,4,18,,15,,-6.3,,4.4,,13.6,,0,,0,,0,,0,,26,,,,<31,
4/19/1999,1999,4,19,,15.4,,-3.9,,5.8,,12.2,,0,,0,,0,,0,,21,,,,<31,
4/20/1999,1999,4,20,,16.4,,-2.9,,6.8,,11.2,,0,,0,,0,,0,,15,,,,<31,
4/21/1999,1999,4,21,,13.9,,-2.6,,5.7,,12.3,,0,,0,,0,,0,,8,,,,<31,
4/22/1999,1999,4,22,,11,,-2,,4.5,,13.5,,0,,0,,0,,0,T,1,,,,<31,
4/23/1999,1999,4,23,,7.6,,-1.2,,3.2,,14.8,,0,,0,,0,,0,,1,,22,E,54,E
4/24/1999,1999,4,24,,3.4,,-3.3,,0.1,,17.9,,0,,0.4,,1.6,,2,,0,T,24,E,32,E
4/25/1999,1999,4,25,,7.2,,0,,3.6,,14.4,,0,,0,,2.2,,2,,0,T,24,E,48,E
4/26/1999,1999,4,26,,3,,-1.2,,0.9,,17.1,,0,,0,,5.6,,5.6,,0,T,,,<31,
4/27/1999,1999,4,27,,5.1,,-2.4,,1.4,,16.6,,0,,0,,0.5,,0.5,,1,,,,<31,
4/28/1999,1999,4,28,,7.1,,-1.7,,2.7,,15.3,,0,,0,T,0.2,,0.2,,0,T,,,<31,
4/29/1999,1999,4,29,,10.2,,-0.3,,5,,13,,0,,0,,0,,0,,0,T,,,<31,
4/30/1999,1999,4,30,,13.3,,-2.2,,5.6,,12.4,,0,,0,,0,,0,,0,T,,,<31,
5/1/1999,1999,5,1,,9.5,,1.8,,5.7,,12.3,,0,,1.4,,0,T,1.4,,0,T,,,<31,
5/2/1999,1999,5,2,,7.7,,0.4,,4.1,,13.9,,0,,2.1,,0.5,,2.6,,0,T,24,E,37,E
5/3/1999,1999,5,3,,8.1,,-1.1,,3.5,,14.5,,0,,0.5,,0.7,,1.2,,0,,7,E,39,E
5/4/1999,1999,5,4,,3.2,,-2.4,,0.4,,17.6,,0,,0.6,,4.2,,4.8,,0,T,,,<31,
5/5/1999,1999,5,5,,8.5,,-1,,3.8,,14.2,,0,,0,,6.8,,6.8,,6,,6,E,32,E
5/6/1999,1999,5,6,,6,,1.3,,3.7,,14.3,,0,,0,,0,T,0,T,0,,6,E,50,E
5/7/1999,1999,5,7,,7.2,,-0.3,,3.5,,14.5,,0,,0,,6.8,,6.8,,1,,,,<31,
5/8/1999,1999,5,8,,3.8,,-0.8,,1.5,,16.5,,0,,3.4,,2,,5.4,,0,,,,<31,
5/9/1999,1999,5,9,,7.6,,0,,3.8,,14.2,,0,,3.6,,1.8,,5.4,,0,,,,<31,
5/10/1999,1999,5,10,,8.6,,-1.6,,3.5,,14.5,,0,,0.8,,0,,0.8,,0,,,,<31,
5/11/1999,1999,5,11,,10.9,,-2,,4.5,,13.5,,0,,0.2,,0,,0.2,,0,,9,E,37,E
5/12/1999,1999,5,12,,11.6,,5.2,,8.4,,9.6,,0,,1,,0,T,1,,0,,7,E,33,E
5/13/1999,1999,5,13,,13.6,,2.5,,8.1,,9.9,,0,,1.6,,0,T,1.6,,0,,11,E,33,E
5/14/1999,1999,5,14,,11.2,,-1.3,,5,,13,,0,,0.6,,0,,0.6,,0,,8,E,33,E
5/15/1999,1999,5,15,,11.3,,-1.6,,4.9,,13.1,,0,,0.4,,0,,0.4,,0,,2,E,39,E
5/16/1999,1999,5,16,,12.4,,1.3,,6.9,,11.1,,0,,0,,0,,0,,0,,,,<31,
5/17/1999,1999,5,17,,12.1,,2.4,,7.3,,10.7,,0,,0.6,,0,,0.6,,0,,20,E,33,E
5/18/1999,1999,5,18,,11.3,,3.4,,7.4,,10.6,,0,,6.8,,0,,6.8,,0,,9,E,35,E
5/19/1999,1999,5,19,,11.2,,0.9,,6.1,,11.9,,0,,1.8,,0,,1.8,,0,,,,<31,
5/20/1999,1999,5,20,,12,,0.2,,6.1,,11.9,,0,,0,T,0,,0,T,0,,24,E,37,E
5/21/1999,1999,5,21,,12.9,,5.2,,9.1,,8.9,,0,,3,,0,,3,,0,,,,<31,
5/22/1999,1999,5,22,,13.2,,2.5,,7.9,,10.1,,0,,2.6,,0,,2.6,,0,,21,E,39,E
5/23/1999,1999,5,23,,11.7,,0.3,,6,,12,,0,,1,,0,,1,,0,,,,<31,
5/24/1999,1999,5,24,,17.9,,7.3,,12.6,,5.4,,0,,2.2,,0,,2.2,,0,,25,E,39,E
5/25/1999,1999,5,25,,12.4,,0.7,,6.6,,11.4,,0,,0,T,0,,0,T,0,,21,E,56,E
5/26/1999,1999,5,26,,11.7,,2,,6.9,,11.1,,0,,0,,0,,0,,0,,22,E,37,E
5/27/1999,1999,5,27,,11.8,,0.4,,6.1,,11.9,,0,,0,T,0,,0,T,0,,24,E,32,E
5/28/1999,1999,5,28,,13.1,,1,,7.1,,10.9,,0,,0,T,0,,0,T,0,,27,E,54,E
5/29/1999,1999,5,29,,15.9,,-2,,7,,11,,0,,0,,0,,0,,0,,,,<31,
5/30/1999,1999,5,30,,16.1,,5.9,,11,,7,,0,,0,T,0,,0,T,0,,,,<31,
5/31/1999,1999,5,31,,10.2,,4.4,,7.3,,10.7,,0,,6,,0,,6,,0,,26,E,35,E
6/1/1999,1999,6,1,,17.4,,4.8,,11.1,,6.9,,0,,0,T,0,,0,T,0,,,,<31,
6/2/1999,1999,6,2,,13.8,,6,,9.9,,8.1,,0,,0.4,,0,,0.4,,0,,25,E,35,E
6/3/1999,1999,6,3,,11.9,,6.3,,9.1,,8.9,,0,,1,,0,,1,,0,,26,E,32,E
6/4/1999,1999,6,4,,15.2,,5,,10.1,,7.9,,0,,0,T,0,,0,T,0,,5,E,39,E
6/5/1999,1999,6,5,,13.6,,6.6,,10.1,,7.9,,0,,0.6,,0,,0.6,,0,,4,E,59,E
6/6/1999,1999,6,6,,15.2,,3.7,,9.5,,8.5,,0,,0,T,0,,0,T,0,,,,<31,
6/7/1999,1999,6,7,,22.4,,0.2,,11.3,,6.7,,0,,0,,0,,0,,0,,35,E,32,E
6/8/1999,1999,6,8,,22.6,,5.9,,14.3,,3.7,,0,,0.2,,0,,0.2,,0,,35,E,37,E
6/9/1999,1999,6,9,,22,,6.2,,14.1,,3.9,,0,,0.2,,0,,0.2,,0,,,,<31,
6/10/1999,1999,6,10,,24.9,,6.8,,15.9,,2.1,,0,,3.4,,0,,3.4,,0,,28,E,35,E
6/11/1999,1999,6,11,,25,,9.3,,17.2,,0.8,,0,,3.4,,0,,3.4,,0,,7,E,35,E
6/12/1999,1999,6,12,,22.5,,9,,15.8,,2.2,,0,,0,,0,,0,,0,,,,<31,
6/13/1999,1999,6,13,,25.6,,11.5,,18.6,,0,,0.6,,1.4,,0,,1.4,,0,,21,E,46,E
6/14/1999,1999,6,14,,26,,7.6,,16.8,,1.2,,0,,0,T,0,,0,T,0,,20,E,35,E
6/15/1999,1999,6,15,,27.9,,12.9,,20.4,,0,,2.4,,1.8,,0,,1.8,,0,,,,<31,
6/16/1999,1999,6,16,,29.3,,14.8,,22.1,,0,,4.1,,0.8,,0,,0.8,,0,,11,E,41,E
6/17/1999,1999,6,17,,22.5,,9,,15.8,,2.2,,0,,0.6,,0,,0.6,,0,,,,<31,
6/18/1999,1999,6,18,,24.6,,5.8,,15.2,,2.8,,0,,0,,0,,0,,0,,,,<31,
6/19/1999,1999,6,19,,20.6,,7.8,,14.2,,3.8,,0,,17.6,,0,,17.6,,0,,,,<31,
6/20/1999,1999,6,20,,13.7,,3.2,,8.5,,9.5,,0,,0,,0,,0,,0,,,,<31,
6/21/1999,1999,6,21,,10.9,,6.8,,8.9,,9.1,,0,,13.2,,0,,13.2,,0,,,,<31,
6/22/1999,1999,6,22,,13.8,,8.1,,11,,7,,0,,8,,0,,8,,0,,,,<31,
6/23/1999,1999,6,23,,17,,8.8,,12.9,,5.1,,0,,4,,0,,4,,0,,,,<31,
6/24/1999,1999,6,24,,19.4,,8.2,,13.8,,4.2,,0,,0.4,,0,,0.4,,0,,,,<31,
6/25/1999,1999,6,25,,21,,4.5,,12.8,,5.2,,0,,0,,0,,0,,0,,,,<31,
6/26/1999,1999,6,26,,18,,6.8,,12.4,,5.6,,0,,3.2,,0,,3.2,,0,,28,E,33,E
6/27/1999,1999,6,27,,21.9,,6.5,,14.2,,3.8,,0,,0.4,,0,,0.4,,0,,,,<31,
6/28/1999,1999,6,28,,21.8,,8,,14.9,,3.1,,0,,0,,0,,0,,0,,,,<31,
6/29/1999,1999,6,29,,17.5,,11,,14.3,,3.7,,0,,0,,0,,0,,0,,,,<31,
6/30/1999,1999,6,30,,14.9,,8.4,,11.7,,6.3,,0,,5,,0,,5,,0,,,,<31,
7/1/1999,1999,7,1,,16.9,,6.4,,11.7,,6.3,,0,,0,,0,,0,,0,,,,<31,
7/2/1999,1999,7,2,,23.6,,3.8,,13.7,,4.3,,0,,0,,0,,0,,0,,30,E,37,E
7/3/1999,1999,7,3,,22,,7.8,,14.9,,3.1,,0,,0,T,0,,0,T,0,,7,E,35,E
7/4/1999,1999,7,4,,15.8,,4.2,,10,,8,,0,,6.2,,0,,6.2,,0,,4,E,54,E
7/5/1999,1999,7,5,,22.7,,8,,15.4,,2.6,,0,,0,,0,,0,,0,,,,<31,
7/6/1999,1999,7,6,,26.1,,8.4,,17.3,,0.7,,0,,0,,0,,0,,0,,,,<31,
7/7/1999,1999,7,7,,26,,9,,17.5,,0.5,,0,,0,,0,,0,,0,,,,<31,
7/8/1999,1999,7,8,,25.1,,7.8,,16.5,,1.5,,0,,0,,0,,0,,0,,25,E,37,E
7/9/1999,1999,7,9,,24.7,,7.4,,16.1,,1.9,,0,,0,,0,,0,,0,,,,<31,
7/10/1999,1999,7,10,,24.6,,8.5,,16.6,,1.4,,0,,0,T,0,,0,T,0,,,,<31,
7/11/1999,1999,7,11,,22.4,,14.1,,18.3,,0,,0.3,,0,,0,,0,,0,,24,E,33,E
7/12/1999,1999,7,12,,18.4,,10.8,,14.6,,3.4,,0,,0,T,0,,0,T,0,,26,E,44,E
7/13/1999,1999,7,13,,24.9,,8.7,,16.8,,1.2,,0,,1.6,,0,,1.6,,0,,29,E,37,E
7/14/1999,1999,7,14,,17.9,,9.6,,13.8,,4.2,,0,,0.4,,0,,0.4,,0,,,,<31,
7/15/1999,1999,7,15,,24.9,,5.7,,15.3,,2.7,,0,,0,,0,,0,,0,,,,<31,
7/16/1999,1999,7,16,,29.8,,9,,19.4,,0,,1.4,,0,T,0,,0,T,0,,12,E,37,E
7/17/1999,1999,7,17,,30,,12.5,,21.3,,0,,3.3,,0,,0,,0,,0,,,,<31,
7/18/1999,1999,7,18,,25.3,,10.3,,17.8,,0.2,,0,,0,,0,,0,,0,,27,E,48,E
7/19/1999,1999,7,19,,18.4,,6.1,,12.3,,5.7,,0,,0,T,0,,0,T,0,,,,<31,
7/20/1999,1999,7,20,,23.4,,6.5,,15,,3,,0,,0,,0,,0,,0,,25,E,39,E
7/21/1999,1999,7,21,,22.2,,15.1,,18.7,,0,,0.7,,0,,0,,0,,0,,25,E,50,E
7/22/1999,1999,7,22,,20.5,,9.8,,15.2,,2.8,,0,,1.8,,0,,1.8,,0,,28,E,46,E
7/23/1999,1999,7,23,,18.3,,3.2,,10.8,,7.2,,0,,0,T,0,,0,T,0,,29,E,33,E
7/24/1999,1999,7,24,,18.6,,5.7,,12.2,,5.8,,0,,0.4,,0,,0.4,,0,,28,E,32,E
7/25/1999,1999,7,25,,16.4,,4.1,,10.3,,7.7,,0,,0,,0,,0,,0,,,,<31,
7/26/1999,1999,7,26,,17.2,,10,,13.6,,4.4,,0,,3.4,,0,,3.4,,0,,26,E,35,E
7/27/1999,1999,7,27,,19,,9.6,,14.3,,3.7,,0,,4.2,,0,,4.2,,0,,,,<31,
7/28/1999,1999,7,28,,15.9,,9.5,,12.7,,5.3,,0,,5,,0,,5,,0,,,,<31,
7/29/1999,1999,7,29,,19.6,,5,,12.3,,5.7,,0,,0,,0,,0,,0,,32,E,32,E
7/30/1999,1999,7,30,,21.8,,2.4,,12.1,,5.9,,0,,0,,0,,0,,0,,,,<31,
7/31/1999,1999,7,31,,25.1,,10.5,,17.8,,0.2,,0,,0,,0,,0,,0,,,,<31,
8/1/1999,1999,8,1,,26.6,,11,,18.8,,0,,0.8,,0,,0,,0,,0,,,,<31,
8/2/1999,1999,8,2,,29.9,,9.4,,19.7,,0,,1.7,,0,,0,,0,,0,,,,<31,
8/3/1999,1999,8,3,,31,,11.4,,21.2,,0,,3.2,,0,,0,,0,,0,,,,<31,
8/4/1999,1999,8,4,,32,,9.9,,21,,0,,3,,0,,0,,0,,0,,,,<31,
8/5/1999,1999,8,5,,32,,10.7,,21.4,,0,,3.4,,0,,0,,0,,0,,,,<31,
8/6/1999,1999,8,6,,32,,14.8,,23.4,,0,,5.4,,0,,0,,0,,0,,,,<31,
8/7/1999,1999,8,7,,25.1,,15.3,,20.2,,0,,2.2,,0.2,,0,,0.2,,0,,24,E,37,E
8/8/1999,1999,8,8,,22.5,,11.1,,16.8,,1.2,,0,,4.4,,0,,4.4,,0,,20,E,37,E
8/9/1999,1999,8,9,,17.5,,11.4,,14.5,,3.5,,0,,9.2,,0,,9.2,,0,,,,<31,
8/10/1999,1999,8,10,,19.3,,7.1,,13.2,,4.8,,0,,0.2,,0,,0.2,,0,,,,<31,
8/11/1999,1999,8,11,,20.3,,10.6,,15.5,,2.5,,0,,0,,0,,0,,0,,,,<31,
8/12/1999,1999,8,12,,22.8,,5,,13.9,,4.1,,0,,0,,0,,0,,0,,,,<31,
8/13/1999,1999,8,13,,21,,10.5,,15.8,,2.2,,0,,0,T,0,,0,T,0,,,,<31,
8/14/1999,1999,8,14,,22,,12.5,,17.3,,0.7,,0,,0,,0,,0,,0,,,,<31,
8/15/1999,1999,8,15,,22.8,,10.6,,16.7,,1.3,,0,,0,,0,,0,,0,,,,<31,
8/16/1999,1999,8,16,,22.1,,12.4,,17.3,,0.7,,0,,0,T,0,,0,T,0,,,,<31,
8/17/1999,1999,8,17,,20.3,,8.8,,14.6,,3.4,,0,,0,T,0,,0,T,0,,,,<31,
8/18/1999,1999,8,18,,22,,5.8,,13.9,,4.1,,0,,0,,0,,0,,0,,,,<31,
8/19/1999,1999,8,19,,22,,4.9,,13.5,,4.5,,0,,0,,0,,0,,0,,,,<31,
8/20/1999,1999,8,20,,22.4,,6.3,,14.4,,3.6,,0,,0,,0,,0,,0,,,,<31,
8/21/1999,1999,8,21,,14.1,,10,,12.1,,5.9,,0,,15.6,,0,,15.6,,0,,,,<31,
8/22/1999,1999,8,22,,17.1,,6.2,,11.7,,6.3,,0,,0.2,,0,,0.2,,0,,27,E,39,E
8/23/1999,1999,8,23,,16.7,,3,,9.9,,8.1,,0,,0,,0,,0,,0,,28,,48,
8/24/1999,1999,8,24,,13.5,,4.4,,9,,9,,0,,11.6,,0,,11.6,,0,,,,<31,
8/25/1999,1999,8,25,,14.1,,2.4,,8.3,,9.7,,0,,0.2,,0,,0.2,,0,,27,,48,
8/26/1999,1999,8,26,,14.9,,4.1,,9.5,,8.5,,0,,0,T,0,,0,T,0,,25,E,39,E
8/27/1999,1999,8,27,,15,,0.8,,7.9,,10.1,,0,,0,T,0,,0,,0,,11,E,32,E
8/28/1999,1999,8,28,,14.5,,8.8,,11.7,,6.3,,0,,4.4,,0,,4.4,,0,,11,E,33,E
8/29/1999,1999,8,29,,13.4,,7,,10.2,,7.8,,0,,0,,0,,0,,0,,,,<31,
8/30/1999,1999,8,30,,15,,3.7,,9.4,,8.6,,0,,0,,0,,0,,0,,,,<31,
8/31/1999,1999,8,31,,13.5,,0.7,,7.1,,10.9,,0,,0.4,,0,,0.4,,0,,,,<31,
9/1/1999,1999,9,1,,16.5,,3.4,,10,,8,,0,,0,T,0,,0,T,0,,,,<31,
9/2/1999,1999,9,2,,15.9,,4.9,,10.4,,7.6,,0,,0,,0,,0,,0,,,,<31,
9/3/1999,1999,9,3,,16.8,,10.4,,13.6,,4.4,,0,,0.6,,0,,0.6,,0,,,,<31,
9/4/1999,1999,9,4,,17,,2.7,,9.9,,8.1,,0,,0,,0,,0,,0,,,,<31,
9/5/1999,1999,9,5,,16.7,,0.9,,8.8,,9.2,,0,,0,T,0,,0,T,0,,12,E,39,E
9/6/1999,1999,9,6,,12.4,,8.4,,10.4,,7.6,,0,,5.4,,0,,5.4,,0,,,,<31,
9/7/1999,1999,9,7,,13.4,,7.9,,10.7,,7.3,,0,,8,,0,,8,,0,,,,<31,
9/8/1999,1999,9,8,,12.5,,7.5,,10,,8,,0,,0.4,,0,,0.4,,0,,,,<31,
9/9/1999,1999,9,9,,13.4,,7.8,,10.6,,7.4,,0,,3.4,,0,,3.4,,0,,27,E,46,E
9/10/1999,1999,9,10,,12.1,,4.4,,8.3,,9.7,,0,,6,,0,,6,,0,,28,E,41,E
9/11/1999,1999,9,11,,14.1,,0.8,,7.5,,10.5,,0,,0,,0,,0,,0,,,,<31,
9/12/1999,1999,9,12,,14.9,,4.3,,9.6,,8.4,,0,,0,,0,,0,,0,,,,<31,
9/13/1999,1999,9,13,,19.9,,2.1,,11,,7,,0,,0,,0,,0,,0,,,,<31,
9/14/1999,1999,9,14,,16.2,,1.1,,8.7,,9.3,,0,,0,,0,,0,,0,,,,<31,
9/15/1999,1999,9,15,,12,,7.2,,9.6,,8.4,,0,,7,,0,,7,,0,,,,<31,
9/16/1999,1999,9,16,,13.2,,3.3,,8.3,,9.7,,0,,2.6,,0,,2.6,,0,,,,<31,
9/17/1999,1999,9,17,,13.1,,1.2,,7.2,,10.8,,0,,0,,0,,0,,0,,,,<31,
9/18/1999,1999,9,18,,15.2,,8.5,,11.9,,6.1,,0,,1,,0,,1,,0,,,,<31,
9/19/1999,1999,9,19,,16.7,,9.5,,13.1,,4.9,,0,,0,T,0,,0,T,0,,27,E,52,E
9/20/1999,1999,9,20,,15,,3,,9,,9,,0,,0,,0,,0,,0,,24,E,33,E
9/21/1999,1999,9,21,,13.8,,6.7,,10.3,,7.7,,0,,0,,0,,0,,0,,23,E,33,E
9/22/1999,1999,9,22,,11,,6.3,,8.7,,9.3,,0,,4.6,,0,,4.6,,0,,9,E,46,E
9/23/1999,1999,9,23,,11.1,,5.8,,8.5,,9.5,,0,,0,,0,,0,,0,,25,E,54,E
9/24/1999,1999,9,24,,9.9,,6.4,,8.2,,9.8,,0,,0,,0,,0,,0,,24,E,56,E
9/25/1999,1999,9,25,,9.3,,-0.9,,4.2,,13.8,,0,,0,,0,,0,,0,,21,E,35,E
9/26/1999,1999,9,26,,8.5,,0,,4.3,,13.7,,0,,0,T,0,,0,T,0,,28,E,54,E
9/27/1999,1999,9,27,,9.2,,-6.2,,1.5,,16.5,,0,,0,,0,,0,,0,,,,<31,
9/28/1999,1999,9,28,,6.9,,-3.4,,1.8,,16.2,,0,,0,T,0,T,0,T,0,,,,<31,
9/29/1999,1999,9,29,,3.2,,-0.6,,1.3,,16.7,,0,,0,T,0.3,,0.3,,0,,,,<31,
9/30/1999,1999,9,30,,3,,-2.9,,0.1,,17.9,,0,,0,,0,T,0,T,0,,33,E,32,E
10/1/1999,1999,10,1,,-1,,-4.9,,-3,,21,,0,,0,,0.8,,0.8,,0,,,,<31,
10/2/1999,1999,10,2,,1,,-2.5,,-0.8,,18.8,,0,,0,,1.3,,1.3,,0,,,,<31,
10/3/1999,1999,10,3,,7,,0.8,,3.9,,14.1,,0,,0.8,,0,T,0.8,,0,,,,<31,
10/4/1999,1999,10,4,,8.4,,0,,4.2,,13.8,,0,,0,,0,,0,,0,,,,<31,
10/5/1999,1999,10,5,,6,,0,,3,,15,,0,,0,,0,,0,,0,,,,<31,
10/6/1999,1999,10,6,,6.9,,-2,,2.5,,15.5,,0,,0.4,,0,,0.4,,0,,,,<31,
10/7/1999,1999,10,7,,7.8,,-0.8,,3.5,,14.5,,0,,4,,0,,4,,0,,,,<31,
10/8/1999,1999,10,8,,5.7,,-2.2,,1.8,,16.2,,0,,0,T,0,,0,T,0,,,,<31,
10/9/1999,1999,10,9,,8,,-5.4,,1.3,,16.7,,0,,0,,0,,0,,0,,,,<31,
10/10/1999,1999,10,10,,6.9,,-3.6,,1.7,,16.3,,0,,0,,0,,0,,0,,,,<31,
10/11/1999,1999,10,11,,6.4,,-4,,1.2,,16.8,,0,,0,,0,,0,,0,,,,<31,
10/12/1999,1999,10,12,,6,,-1.6,,2.2,,15.8,,0,,0,,0,,0,,0,,,,<31,
10/13/1999,1999,10,13,,3.9,,0.5,,2.2,,15.8,,0,,0,T,2.6,,2.6,,0,,,,<31,
10/14/1999,1999,10,14,,3.1,,-1.1,,1,,17,,0,,0,T,1.4,,1.4,,0,,,,<31,
10/15/1999,1999,10,15,,3.8,,-6.3,,-1.3,,19.3,,0,,0,,0,T,0,T,0,,,,<31,
10/16/1999,1999,10,16,,8.5,,-1,,3.8,,14.2,,0,,0,,2.4,,2.4,,2,,11,E,41,E
10/17/1999,1999,10,17,,9.9,,0.2,,5.1,,12.9,,0,,0,,0,,0,,0,,,,<31,
10/18/1999,1999,10,18,,12.9,,-0.2,,6.4,,11.6,,0,,0.4,,0,,0.4,,0,,,,<31,
10/19/1999,1999,10,19,,12,,6.1,,9.1,,8.9,,0,,0,,0,T,0,T,0,,24,E,59,E
10/20/1999,1999,10,20,,8.2,,-3.8,,2.2,,15.8,,0,,0,T,0,T,0,T,0,,30,E,52,E
10/21/1999,1999,10,21,,2.5,,-3,,-0.3,,18.3,,0,,0,,4.4,,2.6,,0,,18,E,46,E
10/22/1999,1999,10,22,,6.2,,-0.5,,2.9,,15.1,,0,,0,T,0,,0,T,3,,,,<31,
10/23/1999,1999,10,23,,6.8,,0.6,,3.7,,14.3,,0,,1.8,,0,,1.8,,0,,9,E,32,E
10/24/1999,1999,10,24,,5.9,,-2.2,,1.9,,16.1,,0,,0,,0,,0,,0,,,,<31,
10/25/1999,1999,10,25,,2.6,,-5.5,,-1.5,,19.5,,0,,0,,0,T,0,T,0,,11,E,37,E
10/26/1999,1999,10,26,,4.8,,-7,,-1.1,,19.1,,0,,0,,0,,0,,0,,,,<31,
10/27/1999,1999,10,27,,1.9,,-7.6,,-2.9,,20.9,,0,,0,,0,,0,,0,,,,<31,
10/28/1999,1999,10,28,,2.8,,-4.8,,-1,,19,,0,,0,,0,T,0,T,0,,11,E,41,E
10/29/1999,1999,10,29,,-1,,-7.1,,-4.1,,22.1,,0,,0,,0.5,,0,T,0,,,,<31,
10/30/1999,1999,10,30,,1,,-8,,-3.5,,21.5,,0,,0,,0.8,,0.8,,0,,,,<31,
10/31/1999,1999,10,31,,1,,-12.8,,-5.9,,23.9,,0,,0,,0,,0,,2,,16,E,32,E
11/1/1999,1999,11,1,,7.3,,0.5,,3.9,,14.1,,0,,0,,0,,0,,2,,,,,
11/2/1999,1999,11,2,,3.1,,-5,,-1,,19,,0,,0.2,,2.4,,2.4,,1,,,,,
11/3/1999,1999,11,3,,-1.2,,-13,,-7.1,,25.1,,0,,0,,0.2,,0.2,,1,,,,,
11/4/1999,1999,11,4,,-3.1,,-14.3,,-8.7,,26.7,,0,,0,,0,,0,,3,,,,,
11/5/1999,1999,11,5,,-1.8,,-13,,-7.4,,25.4,,0,,0,,0,,0,,3,,,,,
11/6/1999,1999,11,6,,-9.2,,-18.1,,-13.7,,31.7,,0,,0,,0,,0,,2,,,,,
11/7/1999,1999,11,7,,-9.7,,-16.4,,-13.1,,31.1,,0,,0,,0,T,0,T,2,,,,,
11/8/1999,1999,11,8,,-9.2,,-15.6,,-12.4,,30.4,,0,,0,,0,T,0,T,2,,,,,
11/9/1999,1999,11,9,,-6.2,,-12.1,,-9.2,,27.2,,0,,0,,1.6,,1.2,,2,,,,,
11/10/1999,1999,11,10,,-5.6,,-7.5,,-6.6,,24.6,,0,,0,T,0,T,0,T,4,,,,,
11/11/1999,1999,11,11,,-4.8,,-7.5,,-6.2,,24.2,,0,,0,T,0,T,0,T,4,,,,,
11/12/1999,1999,11,12,,-3.7,,-15,,-9.4,,27.4,,0,,0,,0,,0,,4,,,,,
11/13/1999,1999,11,13,,-10.8,,-17.9,,-14.4,,32.4,,0,,0,,0,,0,,4,,,,,
11/14/1999,1999,11,14,,-6.5,,-16,,-11.3,,29.3,,0,,0,,1.2,,0.6,,4,,,,,
11/15/1999,1999,11,15,,-9,,-13,,-11,,29,,0,,0,,4.2,,4.4,,4,,,,,
11/16/1999,1999,11,16,,-12.3,,-14.2,,-13.3,,31.3,,0,,0,,6.2,,5,,12,,,,,
11/17/1999,1999,11,17,,-13,,-23.5,,-18.3,,36.3,,0,,0,,0,T,0,T,15,,,,,
11/18/1999,1999,11,18,,-19,,-25,,-22,,40,,0,,0,,0,T,0,T,14,,,,,
11/19/1999,1999,11,19,,-11.5,,-20,,-15.8,,33.8,,0,,0,,4,,4.6,,13,,,,,
11/20/1999,1999,11,20,,-7.8,,-21.5,,-14.7,,32.7,,0,,0,,4,,2.6,,17,,,,,
11/21/1999,1999,11,21,,-16,,-24.5,,-20.3,,38.3,,0,,0,,0,,0,,22,,,,,
11/22/1999,1999,11,22,,-16.2,,-26.9,,-21.6,,39.6,,0,,0,,1.5,,1.2,,22,,,,,
11/23/1999,1999,11,23,,-17.3,,-25.4,,-21.4,,39.4,,0,,0,,0,,0,,23,,,,,
11/24/1999,1999,11,24,,-11.2,,-24,,-17.6,,35.6,,0,,0,,3.2,,2.8,,23,,,,,
11/25/1999,1999,11,25,,-9.8,,-21.7,,-15.8,,33.8,,0,,0,,5.5,,3.3,,28,,,,,
11/26/1999,1999,11,26,,-14.1,,-26.5,,-20.3,,38.3,,0,,0,,0.6,,0.3,,29,,,,,
11/27/1999,1999,11,27,,-16.5,,-27.3,,-21.9,,39.9,,0,,0,,0.4,,0.2,,29,,,,,
11/28/1999,1999,11,28,,-14.7,,-17.4,,-16.1,,34.1,,0,,0,,6.2,,2.4,,30,,,,,
11/29/1999,1999,11,29,,-15.2,,-18,,-16.6,,34.6,,0,,0,,1,,1,,35,,,,,
11/30/1999,1999,11,30,,-13.2,,-20,,-16.6,,34.6,,0,,0,,3.6,,3.2,,36,,,,,
12/1/1999,1999,12,1,,-12.5,,-17.1,,-14.8,,32.8,,0,,0,,2.1,,2,,33,,,,<31,
12/2/1999,1999,12,2,,-12.5,,-25.8,,-19.2,,37.2,,0,,0,,0,T,0,T,32,,,,<31,
12/3/1999,1999,12,3,,-17,,-27.5,,-22.3,,40.3,,0,,0,,1,,0.6,,32,,,,<31,
12/4/1999,1999,12,4,,-10.3,,-17,,-13.7,,31.7,,0,,0,,1.2,,0.8,,31,,,,<31,
12/5/1999,1999,12,5,,-10.9,,-18.5,,-14.7,,32.7,,0,,0,,0,T,0,T,32,,,,<31,
12/6/1999,1999,12,6,,-12.5,,-16.5,,-14.5,,32.5,,0,,0,,2,,1.8,,31,,,,<31,
12/7/1999,1999,12,7,,-5.2,,-15.3,,-10.3,,28.3,,0,,0,,0.2,,0.2,,32,,,,<31,
12/8/1999,1999,12,8,,-8.8,,-20.4,,-14.6,,32.6,,0,,0,,0,,0,,31,,,,<31,
12/9/1999,1999,12,9,,-11.6,,-20,,-15.8,,33.8,,0,,0,,6.5,,3.2,,31,,,,<31,
12/10/1999,1999,12,10,,-14.8,,-19,,-16.9,,34.9,,0,,0,,1.2,,0.4,,36,,,,<31,
12/11/1999,1999,12,11,,-14.7,,-21.5,,-18.1,,36.1,,0,,0,,1.2,,0.2,,37,,,,<31,
12/12/1999,1999,12,12,,-15.4,,-26.3,,-20.9,,38.9,,0,,0,,0.4,,0,T,37,,,,<31,
12/13/1999,1999,12,13,,-18.5,,-27,,-22.8,,40.8,,0,,0,,0,T,0,T,37,,,,<31,
12/14/1999,1999,12,14,,-19.8,,-22.3,,-21.1,,39.1,,0,,0,,0,T,0,T,36,,,,<31,
12/15/1999,1999,12,15,,-21.7,,-27,,-24.4,,42.4,,0,,0,,3.4,,2.9,,36,,,,<31,
12/16/1999,1999,12,16,,-21.2,,-32.1,,-26.7,,44.7,,0,,0,,3.4,,2.8,,39,,,,<31,
12/17/1999,1999,12,17,,-25,,-34.8,,-29.9,,47.9,,0,,0,,2.8,,1,,40,,,,<31,
12/18/1999,1999,12,18,,-25,,-35.5,,-30.3,,48.3,,0,,0,,0,T,0,T,40,,,,<31,
12/19/1999,1999,12,19,,-19.2,,-36.1,,-27.7,,45.7,,0,,0,,2.6,,2.4,,40,,,,<31,
12/20/1999,1999,12,20,,-12.9,,-20.1,,-16.5,,34.5,,0,,0,,0,T,0,T,41,,,,<31,
12/21/1999,1999,12,21,,5.8,,-15.7,,-5,,23,,0,,0,,0,,0,,41,,,,<31,
12/22/1999,1999,12,22,,-0.4,,-8,,-4.2,,22.2,,0,,0,,0,,0,,36,,,,<31,
12/23/1999,1999,12,23,,0.9,,-11.6,,-5.4,,23.4,,0,,0,,0,,0,,36,,,,<31,
12/24/1999,1999,12,24,,8,,-8,,0,,18,,0,,0,,0,,0,,35,,24,E,65,E
12/25/1999,1999,12,25,,-1.2,,-8.2,,-4.7,,22.7,,0,,0,,2.7,,2.6,,25,,,,<31,
12/26/1999,1999,12,26,,8.4,,-7.9,,0.3,,17.7,,0,,0,,0,,0,,29,,,,<31,
12/27/1999,1999,12,27,,8.4,,-2.8,,2.8,,15.2,,0,,1.4,,0,T,1.4,,27,,,,<31,
12/28/1999,1999,12,28,,4.2,,-2.4,,0.9,,17.1,,0,,0.8,,0,T,0.8,,21,,27,E,41,E
12/29/1999,1999,12,29,,-0.2,,-5.2,,-2.7,,20.7,,0,,0,,1.8,,1.8,,32,,,,<31,
12/30/1999,1999,12,30,,-5.2,,-20.4,,-12.8,,30.8,,0,,0,,3.6,,2.2,,23,,,,<31,
12/31/1999,1999,12,31,,-20.4,,-37.5,,-29,,47,,0,,0,,0,,0,,24,,,,<31,
1/1/2000,2000,1,1,,-33.8,,-40.3,,-37.1,,55.1,,0,,0,,0,T,0,T,24,,,,<31,
1/2/2000,2000,1,2,,-35,,-41.3,,-38.2,,56.2,,0,,0,,0,,0,,23,,,,<31,
1/3/2000,2000,1,3,,-31.7,,-39.6,,-35.7,,53.7,,0,,0,,0,T,0,T,23,,,,<31,
1/4/2000,2000,1,4,,-22.2,,-31.7,,-27,,45,,0,,0,,2.6,,2.4,,23,,,,<31,
1/5/2000,2000,1,5,,-20,,-28.6,,-24.3,,42.3,,0,,0,,2.2,,0.4,,26,,,,<31,
1/6/2000,2000,1,6,,-14.3,,-20,,-17.2,,35.2,,0,,0,,9,,7.2,,28,,,,<31,
1/7/2000,2000,1,7,,-14.1,,-22.8,,-18.5,,36.5,,0,,0,,0,T,0,T,36,,,,<31,
1/8/2000,2000,1,8,,-10.8,,-23.2,,-17,,35,,0,,0,,5.8,,5.4,,36,,,,<31,
1/9/2000,2000,1,9,,-18.1,,-30.8,,-24.5,,42.5,,0,,0,,0.4,,0,T,41,,,,<31,
1/10/2000,2000,1,10,,-18.5,,-24.6,,-21.6,,39.6,,0,,0,,1,,0.9,,41,,,,<31,
1/11/2000,2000,1,11,,-23.1,,-34.5,,-28.8,,46.8,,0,,0,,0,T,0,T,42,,,,<31,
1/12/2000,2000,1,12,,-24.8,,-31.7,,-28.3,,46.3,,0,,0,,0,,0,,40,,,,<31,
1/13/2000,2000,1,13,,-31.7,,-42.5,,-37.1,,55.1,,0,,0,,0,T,0,T,40,,,,<31,
1/14/2000,2000,1,14,,-41,,-48.2,,-44.6,,62.6,,0,,0,,0,,0,,40,,,,<31,
1/15/2000,2000,1,15,,-40.6,,-51.2,,-45.9,,63.9,,0,,0,,0,,0,,40,,,,<31,
1/16/2000,2000,1,16,,-37.4,,-43,,-40.2,,58.2,,0,,0,,0,,0,,40,,,,<31,
1/17/2000,2000,1,17,,-38,,-46.9,,-42.5,,60.5,,0,,0,,0,,0,,40,,,,<31,
1/18/2000,2000,1,18,,-27.5,,-41.7,,-34.6,,52.6,,0,,0,,0.4,,0,T,40,,,,<31,
1/19/2000,2000,1,19,,-20.4,,-28.8,,-24.6,,42.6,,0,,0,,0,T,0,T,40,,,,<31,
1/20/2000,2000,1,20,,-17.9,,-28.8,,-23.4,,41.4,,0,,0,,0,T,0,T,39,,,,<31,
1/21/2000,2000,1,21,,-19,,-28.9,,-24,,42,,0,,0,,0,,0,,40,,,,<31,
1/22/2000,2000,1,22,,-16.8,,-25.5,,-21.2,,39.2,,0,,0,,0,T,0,T,40,,,,<31,
1/23/2000,2000,1,23,,-16.4,,-28,,-22.2,,40.2,,0,,0,,0,T,0,T,40,,,,<31,
1/24/2000,2000,1,24,,-17.9,,-28.1,,-23,,41,,0,,0,,0,,0,,38,,,,<31,
1/25/2000,2000,1,25,,-23.3,,-33.5,,-28.4,,46.4,,0,,0,,0,,0,,38,,,,<31,
1/26/2000,2000,1,26,,-20.4,,-29.6,,-25,,43,,0,,0,,0,T,0,T,38,,,,<31,
1/27/2000,2000,1,27,,1.5,,-23.7,,-11.1,,29.1,,0,,0,,0,,0,,38,,12,E,32,E
1/28/2000,2000,1,28,,3.3,,-8.1,,-2.4,,20.4,,0,,0,,0.2,,0.2,,36,,24,E,44,E
1/29/2000,2000,1,29,,1.1,,-10,,-4.5,,22.5,,0,,0,,0,T,0,T,36,,,,<31,
1/30/2000,2000,1,30,,1.4,,-11,,-4.8,,22.8,,0,,0,,0,T,0,T,36,,,,<31,
1/31/2000,2000,1,31,,-0.7,,-17.4,,-9.1,,27.1,,0,,0,,0,,0,,35,,,,<31,
2/1/2000,2000,2,1,,-11.5,,-18.8,,-15.2,,33.2,,0,,0,,0,,0,,35,,,,,
2/2/2000,2000,2,2,,-14.6,,-23.7,,-19.2,,37.2,,0,,0,,0,,0,,35,,,,,
2/3/2000,2000,2,3,,-11.6,,-23.6,,-17.6,,35.6,,0,,0,,0,,0,,35,,,,,
2/4/2000,2000,2,4,,-14,,-26.9,,-20.5,,38.5,,0,,0,,0,,0,,35,,,,,
2/5/2000,2000,2,5,,-12.8,,-23.2,,-18,,36,,0,,0,,0,,0,,35,,,,,
2/6/2000,2000,2,6,,-10.2,,-21.6,,-15.9,,33.9,,0,,0,,0,,0,,35,,,,,
2/7/2000,2000,2,7,,-11.2,,-26.1,,-18.7,,36.7,,0,,0,,1.5,,0.4,,35,,,,,
2/8/2000,2000,2,8,,-8,,-21.4,,-14.7,,32.7,,0,,0,,3.5,,2,,43,,,,,
2/9/2000,2000,2,9,,-19.6,,-32.6,,-26.1,,44.1,,0,,0,,0,,0,,42,,,,,
2/10/2000,2000,2,10,,-17.3,,-36.2,,-26.8,,44.8,,0,,0,,0,T,0,T,41,,,,,
2/11/2000,2000,2,11,,-13,,-20.4,,-16.7,,34.7,,0,,0,,0,T,0,T,40,,,,,
2/12/2000,2000,2,12,,-12,,-24.2,,-18.1,,36.1,,0,,0,,0,T,0,T,39,,,,,
2/13/2000,2000,2,13,,-12.5,,-29.2,,-20.9,,38.9,,0,,0,,0,,0,,40,,,,,
2/14/2000,2000,2,14,,-11.1,,-25.7,,-18.4,,36.4,,0,,0,,0,T,0,T,38,,,,,
2/15/2000,2000,2,15,,-10.6,,-14.9,,-12.8,,30.8,,0,,0,,0,T,0,T,38,,,,,
2/16/2000,2000,2,16,,-12,,-26,,-19,,37,,0,,0,,0,T,0,T,38,,,,,
2/17/2000,2000,2,17,,-11.5,,-26,,-18.8,,36.8,,0,,0,,0,T,0,T,38,,,,,
2/18/2000,2000,2,18,,-1.2,,-15.6,,-8.4,,26.4,,0,,0,,0.5,,0.2,,37,,,,,
2/19/2000,2000,2,19,,2,,-2.8,,-0.4,,18.4,,0,,0,,0,T,0,T,37,,,,,
2/20/2000,2000,2,20,,2.1,,-9.2,,-3.6,,21.6,,0,,0,,0,,0,,37,,,,,
2/21/2000,2000,2,21,,-1.1,,-10.6,,-5.9,,23.9,,0,,0,,7.2,,4,,37,,,,,
2/22/2000,2000,2,22,,-1.7,,-11.3,,-6.5,,24.5,,0,,0,,0,T,0,T,43,,,,,
2/23/2000,2000,2,23,,-4.5,,-15.3,,-9.9,,27.9,,0,,0,,2.4,,1.8,,46,,,,,
2/24/2000,2000,2,24,,-7.3,,-22.8,,-15.1,,33.1,,0,,0,,0,T,0,T,46,,,,,
2/25/2000,2000,2,25,,-6.1,,-20.1,,-13.1,,31.1,,0,,0,,0,T,0,T,46,,,,,
2/26/2000,2000,2,26,,-6.7,,-19.3,,-13,,31,,0,,0,,0,,0,,46,,,,,
2/27/2000,2000,2,27,,-4.8,,-19.5,,-12.2,,30.2,,0,,0,,0,,0,,45,,,,,
2/28/2000,2000,2,28,,-4.2,,-25.7,,-15,,33,,0,,0,,0,,0,,45,,,,,
2/29/2000,2000,2,29,,-3.4,,-23.6,,-13.5,,31.5,,0,,0,,0,,0,,44,,,,,
3/1/2000,2000,3,1,,-2.6,,-18.2,,-10.4,,28.4,,0,,0,,0,T,0,T,43,,,,<31,
3/2/2000,2000,3,2,,2.8,,-10.1,,-3.7,,21.7,,0,,0,,0,,0,,43,,,,<31,
3/3/2000,2000,3,3,,2.6,,-3.3,,-0.4,,18.4,,0,,0,,1,,0.8,,42,,,,<31,
3/4/2000,2000,3,4,,1.2,,-13.5,,-6.2,,24.2,,0,,0,,0,,0,,42,,,,<31,
3/5/2000,2000,3,5,,-0.8,,-15.5,,-8.2,,26.2,,0,,0,,0,,0,,42,,,,<31,
3/6/2000,2000,3,6,,-2.6,,-16.5,,-9.6,,27.6,,0,,0,,0,T,0,T,42,,,,<31,
3/7/2000,2000,3,7,,-5,,-21.5,,-13.3,,31.3,,0,,0,,0,T,0,T,42,,,,<31,
3/8/2000,2000,3,8,,-4.3,,-29,,-16.7,,34.7,,0,,0,,0,,0,,42,,,,<31,
3/9/2000,2000,3,9,,-4.9,,-29,,-17,,35,,0,,0,,0,,0,,42,,,,<31,
3/10/2000,2000,3,10,,-10.5,,-16.2,,-13.4,,31.4,,0,,0,,0,,0,,42,,,,<31,
3/11/2000,2000,3,11,,-13.2,,-18.4,,-15.8,,33.8,,0,,0,,0,T,0,T,41,,,,<31,
3/12/2000,2000,3,12,,-10.8,,-14.8,,-12.8,,30.8,,0,,0,,1.2,,0.6,,41,,,,<31,
3/13/2000,2000,3,13,,-7.4,,-16.1,,-11.8,,29.8,,0,,0,,1.2,,0.8,,42,,,,<31,
3/14/2000,2000,3,14,,-8.6,,-28.5,,-18.6,,36.6,,0,,0,,0,T,0,T,42,,,,<31,
3/15/2000,2000,3,15,,-3.3,,-24,,-13.7,,31.7,,0,,0,,0,T,0,T,42,,,,<31,
3/16/2000,2000,3,16,,-1.2,,-9.7,,-5.5,,23.5,,0,,0,,0,T,0,T,42,,,,<31,
3/17/2000,2000,3,17,,4.8,,-15.1,,-5.2,,23.2,,0,,0,,0,,0,,42,,,,<31,
3/18/2000,2000,3,18,,1.8,,-5.7,,-2,,20,,0,,0,,0,T,0,T,41,,,,<31,
3/19/2000,2000,3,19,,4.3,,-10.6,,-3.2,,21.2,,0,,0,,0,T,0,T,40,,,,<31,
3/20/2000,2000,3,20,,5.4,,-3.2,,1.1,,16.9,,0,,0,,0,,0,,40,,,,<31,
3/21/2000,2000,3,21,,3.7,,-4.2,,-0.3,,18.3,,0,,0,,0,T,0,T,40,,,,<31,
3/22/2000,2000,3,22,,5.9,,-11,,-2.6,,20.6,,0,,0,,0,,0,,38,,,,<31,
3/23/2000,2000,3,23,,4.1,,-10.4,,-3.2,,21.2,,0,,0,,0,T,0,T,38,,,,<31,
3/24/2000,2000,3,24,,3.3,,-8.6,,-2.7,,20.7,,0,,0,,0,T,0,T,38,,,,<31,
3/25/2000,2000,3,25,,6.8,,-3.5,,1.7,,16.3,,0,,0,,0,,0,,37,,,,<31,
3/26/2000,2000,3,26,,5.7,,-0.1,,2.8,,15.2,,0,,0,T,0,T,0,T,36,,,,<31,
3/27/2000,2000,3,27,,7.3,,-2.1,,2.6,,15.4,,0,,0,,0,,0,,33,,,,<31,
3/28/2000,2000,3,28,,2.1,,-5.8,,-1.9,,19.9,,0,,0,,0,T,0,T,31,,27,E,43,E
3/29/2000,2000,3,29,,3.9,,-13.9,,-5,,23,,0,,0,,0,,0,,30,,,,<31,
3/30/2000,2000,3,30,,5.8,,-0.5,,2.7,,15.3,,0,,0,,0,T,0,T,30,,28,E,50,E
3/31/2000,2000,3,31,,2.8,,-2.4,,0.2,,17.8,,0,,1.7,,4.5,,5.8,,30,,,,<31,
4/1/2000,2000,4,1,,6.3,,-9.5,,-1.6,,19.6,,0,,0,,0,T,0,T,31,,,,<31,
4/2/2000,2000,4,2,,2.1,,-8,,-3,,21,,0,,0,,2.7,,1.9,,30,,,,<31,
4/3/2000,2000,4,3,,5.6,,-1.3,,2.2,,15.8,,0,,0,,3.4,,2.8,,33,,,,<31,
4/4/2000,2000,4,4,,3.1,,-5,,-1,,19,,0,,0,,0,T,0,T,28,,,,<31,
4/5/2000,2000,4,5,,-1.7,,-9.2,,-5.5,,23.5,,0,,0,,10.5,,6.2,,34,,,,<31,
4/6/2000,2000,4,6,,-5.9,,-12,,-9,,27,,0,,0,,0.4,,0.4,,32,,,,<31,
4/7/2000,2000,4,7,,-5.4,,-14.7,,-10.1,,28.1,,0,,0,,9.8,,8,,32,,,,<31,
4/8/2000,2000,4,8,,0,,-10.8,,-5.4,,23.4,,0,,0,,5.5,,4,,47,,,,<31,
4/9/2000,2000,4,9,,2.9,,-12.4,,-4.8,,22.8,,0,,0,,0,T,0,T,33,,,,<31,
4/10/2000,2000,4,10,,4.2,,-17.5,,-6.7,,24.7,,0,,0,,0,,0,,31,,,,<31,
4/11/2000,2000,4,11,,1.8,,-14,,-6.1,,24.1,,0,,0,,0,,0,,30,,,,<31,
4/12/2000,2000,4,12,,-2.5,,-8.7,,-5.6,,23.6,,0,,0,,0,T,0,T,30,,,,<31,
4/13/2000,2000,4,13,,-1.1,,-17.1,,-9.1,,27.1,,0,,0,,0,,0,,29,,,,<31,
4/14/2000,2000,4,14,,4.8,,-23,,-9.1,,27.1,,0,,0,,0,,0,,29,,,,<31,
4/15/2000,2000,4,15,,2.5,,-12.3,,-4.9,,22.9,,0,,0,,0,T,0,T,29,,,,<31,
4/16/2000,2000,4,16,,0.3,,-5.9,,-2.8,,20.8,,0,,0,,2,,1.2,,29,,,,<31,
4/17/2000,2000,4,17,,4.3,,-13.1,,-4.4,,22.4,,0,,0,,0,T,0,T,29,,,,<31,
4/18/2000,2000,4,18,,6.4,,-0.2,,3.1,,14.9,,0,,0,,0,,0,,28,,,,<31,
4/19/2000,2000,4,19,,6.9,,-2.6,,2.2,,15.8,,0,,0,,0,,0,,19,,24,E,35,E
4/20/2000,2000,4,20,,10,,-4.6,,2.7,,15.3,,0,,0,,0,,0,,12,,,,<31,
4/21/2000,2000,4,21,,9.5,,-1.1,,4.2,,13.8,,0,,0,T,0,,0,T,17,,,,<31,
4/22/2000,2000,4,22,,9.2,,-7.5,,0.9,,17.1,,0,,0,,0,,0,,17,,,,<31,
4/23/2000,2000,4,23,,8.8,,-5.1,,1.9,,16.1,,0,,0,,0,,0,,14,,,,<31,
4/24/2000,2000,4,24,,6.8,,-7.6,,-0.4,,18.4,,0,,0,,0,T,0,T,12,,,,<31,
4/25/2000,2000,4,25,,10,,-9.6,,0.2,,17.8,,0,,0,,0,,0,,10,,,,<31,
4/26/2000,2000,4,26,,12.1,,0.8,,6.5,,11.5,,0,,0,T,0,,0,T,10,,,,<31,
4/27/2000,2000,4,27,,9.3,,-4.6,,2.4,,15.6,,0,,0,,0,,0,,9,,10,E,37,E
4/28/2000,2000,4,28,,6.9,,1.9,,4.4,,13.6,,0,,7.3,,0,,7.3,,8,,7,E,39,E
4/29/2000,2000,4,29,,9.2,,-2.6,,3.3,,14.7,,0,,0,,0,,0,,4,,24,E,33,E
4/30/2000,2000,4,30,,10.5,,-1.3,,4.6,,13.4,,0,,0,,0,,0,,2,,,,<31,
5/1/2000,2000,5,1,,10.8,,2.2,,6.5,,11.5,,0,,0,,0,,0,,0,,23,E,39,E
5/2/2000,2000,5,2,,10.9,,-3,,4,,14,,0,,0,,0,,0,,0,,,,<31,
5/3/2000,2000,5,3,,11,,-2.5,,4.3,,13.7,,0,,0,T,0,,0,T,0,,9,E,54,E
5/4/2000,2000,5,4,,9.5,,0.3,,4.9,,13.1,,0,,4.2,,2.6,,10.2,,0,,,,<31,
5/5/2000,2000,5,5,,11.5,,-2.3,,4.6,,13.4,,0,,0.2,,0,,0.2,,0,,,,<31,
5/6/2000,2000,5,6,,13.5,,-1,,6.3,,11.7,,0,,0,T,0,,0,T,0,,,,<31,
5/7/2000,2000,5,7,,14.8,,-1.2,,6.8,,11.2,,0,,0,,0,,0,,0,,,,<31,
5/8/2000,2000,5,8,,17.2,,-3,,7.1,,10.9,,0,,0,,0,,0,,0,,,,<31,
5/9/2000,2000,5,9,,13.9,,-2.4,,5.8,,12.2,,0,,0,,0,,0,,0,,35,E,39,E
5/10/2000,2000,5,10,,10.8,,2.8,,6.8,,11.2,,0,,0,,0,,0,,0,,,,<31,
5/11/2000,2000,5,11,,14.7,,-2.5,,6.1,,11.9,,0,,0,,0,,0,,0,,,,<31,
5/12/2000,2000,5,12,,8.7,,1.3,,5,,13,,0,,1.2,,0,,1.2,,0,,,,<31,
5/13/2000,2000,5,13,,8.8,,-1.1,,3.9,,14.1,,0,,1.8,,0,,1.8,,0,,,,<31,
5/14/2000,2000,5,14,,4.2,,-1.6,,1.3,,16.7,,0,,1.2,,4,,4,,0,,,,<31,
5/15/2000,2000,5,15,,1.3,,-4,,-1.4,,19.4,,0,,0,,0,T,0,T,0,,8,E,32,E
5/16/2000,2000,5,16,,5,,-3.6,,0.7,,17.3,,0,,0,,0,T,0,T,0,,12,E,33,E
5/17/2000,2000,5,17,,10.5,,0,,5.3,,12.7,,0,,0,,0,T,0,T,0,,,,<31,
5/18/2000,2000,5,18,,13.4,,3.5,,8.5,,9.5,,0,,0,T,0,,0,T,0,,28,E,33,E
5/19/2000,2000,5,19,,9.5,,-1.4,,4.1,,13.9,,0,,0,T,0,,0,T,0,,33,E,33,E
5/20/2000,2000,5,20,,11.4,,0.6,,6,,12,,0,,0,,0,,0,,0,,,,<31,
5/21/2000,2000,5,21,,13.4,,-1.7,,5.9,,12.1,,0,,0,,0,,0,,0,,,,<31,
5/22/2000,2000,5,22,,13.1,,6,,9.6,,8.4,,0,,1.4,,0,,1.4,,0,,25,E,43,E
5/23/2000,2000,5,23,,11.8,,-1.7,,5.1,,12.9,,0,,0,T,0,T,0,T,0,,,,<31,
5/24/2000,2000,5,24,,9.9,,-2.9,,3.5,,14.5,,0,,1,,0,,1,,0,,,,<31,
5/25/2000,2000,5,25,,9.4,,2,,5.7,,12.3,,0,,2.8,,0,,2.8,,0,,,,<31,
5/26/2000,2000,5,26,,13.4,,0.8,,7.1,,10.9,,0,,0,T,0,,0,T,0,,9,E,46,E
5/27/2000,2000,5,27,,14.1,,5,,9.6,,8.4,,0,,0,,0,,0,,0,,9,E,33,E
5/28/2000,2000,5,28,,15.8,,5.9,,10.9,,7.1,,0,,0,,0,,0,,0,,12,E,33,E
5/29/2000,2000,5,29,,13.5,,7,,10.3,,7.7,,0,,0,,0,,0,,0,,,,<31,
5/30/2000,2000,5,30,,15.5,,5.1,,10.3,,7.7,,0,,1.2,,0,,1.2,,0,,,,<31,
5/31/2000,2000,5,31,,17.3,,1.8,,9.6,,8.4,,0,,0,,0,,0,,0,,,,<31,
6/1/2000,2000,6,1,,16.7,,7.6,,12.2,,5.8,,0,,1,,0,,1,,0,,,,<31,
6/2/2000,2000,6,2,,18.3,,5,,11.7,,6.3,,0,,0,T,0,,0,T,0,,,,<31,
6/3/2000,2000,6,3,,22,,3.1,,12.6,,5.4,,0,,0,,0,,0,,0,,,,<31,
6/4/2000,2000,6,4,,23,,2.8,,12.9,,5.1,,0,,0,,0,,0,,0,,9,E,41,E
6/5/2000,2000,6,5,,12.7,,6.5,,9.6,,8.4,,0,,0,T,0,,0,T,0,,12,E,41,E
6/6/2000,2000,6,6,,12.9,,6.1,,9.5,,8.5,,0,,0,T,0,,0,T,0,,,,<31,
6/7/2000,2000,6,7,,14.5,,7,,10.8,,7.2,,0,,0,,0,,0,,0,,,,<31,
6/8/2000,2000,6,8,,17,,9.1,,13.1,,4.9,,0,,1.2,,0,,1.2,,0,,,,<31,
6/9/2000,2000,6,9,,15,,6.8,,10.9,,7.1,,0,,0,,0,,0,,0,,9,E,32,E
6/10/2000,2000,6,10,,15.5,,9.6,,12.6,,5.4,,0,,0,,0,,0,,0,,,,<31,
6/11/2000,2000,6,11,,15.3,,6.6,,11,,7,,0,,0.4,,0,,0.4,,0,,,,<31,
6/12/2000,2000,6,12,,18.2,,9.4,,13.8,,4.2,,0,,0.6,,0,,0.6,,0,,,,<31,
6/13/2000,2000,6,13,,20.4,,7.9,,14.2,,3.8,,0,,0,T,0,,0,T,0,,24,E,39,E
6/14/2000,2000,6,14,,19.8,,5.6,,12.7,,5.3,,0,,0,,0,,0,,0,,27,E,41,E
6/15/2000,2000,6,15,,20,,5.4,,12.7,,5.3,,0,,0,,0,,0,,0,,,,<31,
6/16/2000,2000,6,16,,17.6,,4.3,,11,,7,,0,,1.2,,0,,1.2,,0,,,,<31,
6/17/2000,2000,6,17,,18.7,,8.4,,13.6,,4.4,,0,,0,T,0,,0,T,0,,27,E,33,E
6/18/2000,2000,6,18,,17.9,,2.7,,10.3,,7.7,,0,,0,T,0,,0,T,0,,23,E,32,E
6/19/2000,2000,6,19,,17.3,,5,,11.2,,6.8,,0,,0,,0,,0,,0,,24,E,39,E
6/20/2000,2000,6,20,,18.3,,10,,14.2,,3.8,,0,,0,,0,,0,,0,,26,E,32,E
6/21/2000,2000,6,21,,17,,1.2,,9.1,,8.9,,0,,0,,0,,0,,0,,,,<31,
6/22/2000,2000,6,22,,13,,6.4,,9.7,,8.3,,0,,2,,0,,2,,0,,,,<31,
6/23/2000,2000,6,23,,20,,7.6,,13.8,,4.2,,0,,0.8,,0,,0.8,,0,,,,<31,
6/24/2000,2000,6,24,,23.1,,1.9,,12.5,,5.5,,0,,0.2,,0,,0.2,,0,,33,E,44,E
6/25/2000,2000,6,25,,26.8,,7.6,,17.2,,0.8,,0,,0,,0,,0,,0,,,,<31,
6/26/2000,2000,6,26,,27.4,,9.2,,18.3,,0,,0.3,,0,,0,,0,,0,,,,<31,
6/27/2000,2000,6,27,,26,,9.6,,17.8,,0.2,,0,,6,,0,,6,,0,,6,E,33,E
6/28/2000,2000,6,28,,23,,12,,17.5,,0.5,,0,,0,,0,,0,,0,,,,<31,
6/29/2000,2000,6,29,,16.8,,6.8,,11.8,,6.2,,0,,1.8,,0,,1.8,,0,,,,<31,
6/30/2000,2000,6,30,,20.2,,7.8,,14,,4,,0,,0,T,0,,0,T,0,,,,<31,
7/1/2000,2000,7,1,,19.8,,10.1,,15,,3,,0,,1.2,,0,,1.2,,0,,,,<31,
7/2/2000,2000,7,2,,22,,9.4,,15.7,,2.3,,0,,13,,0,,13,,0,,,,<31,
7/3/2000,2000,7,3,,22.9,,7.4,,15.2,,2.8,,0,,0,,0,,0,,0,,30,E,48,E
7/4/2000,2000,7,4,,22.4,,12.4,,17.4,,0.6,,0,,0,,0,,0,,0,,,,<31,
7/5/2000,2000,7,5,,26.5,,8.2,,17.4,,0.6,,0,,0,,0,,0,,0,,,,<31,
7/6/2000,2000,7,6,,21.2,,14,,17.6,,0.4,,0,,0.7,,0,,0.7,,0,,26,E,35,E
7/7/2000,2000,7,7,,20.1,,11.8,,16,,2,,0,,0,,0,,0,,0,,,,<31,
7/8/2000,2000,7,8,,22.6,,11.6,,17.1,,0.9,,0,,0,,0,,0,,0,,27,E,32,E
7/9/2000,2000,7,9,,22.6,,11,,16.8,,1.2,,0,,0,T,0,,0,T,0,,,,<31,
7/10/2000,2000,7,10,,22.8,,10,,16.4,,1.6,,0,,0.2,,0,,0.2,,0,,,,<31,
7/11/2000,2000,7,11,,19.1,,10.1,,14.6,,3.4,,0,,9.5,,0,,9.5,,0,,,,<31,
7/12/2000,2000,7,12,,19.4,,3,,11.2,,6.8,,0,,0,,0,,0,,0,,,,<31,
7/13/2000,2000,7,13,,20.8,,11,,15.9,,2.1,,0,,0,,0,,0,,0,,,,<31,
7/14/2000,2000,7,14,,23.5,,9.2,,16.4,,1.6,,0,,0,T,0,,0,T,0,,27,E,32,E
7/15/2000,2000,7,15,,16.2,,9.2,,12.7,,5.3,,0,,12.8,,0,,12.8,,0,,,,<31,
7/16/2000,2000,7,16,,20.6,,7.4,,14,,4,,0,,0,,0,,0,,0,,,,<31,
7/17/2000,2000,7,17,,19.6,,9.6,,14.6,,3.4,,0,,0.4,,0,,0.4,,0,,,,<31,
7/18/2000,2000,7,18,,23,,12.3,,17.7,,0.3,,0,,0,T,0,,0,T,0,,,,<31,
7/19/2000,2000,7,19,,21.2,,11.4,,16.3,,1.7,,0,,1.8,,0,,1.8,,0,,,,<31,
7/20/2000,2000,7,20,,14.8,,10,,12.4,,5.6,,0,,3,,0,,3,,0,,,,<31,
7/21/2000,2000,7,21,,21.2,,8.6,,14.9,,3.1,,0,,0,,0,,0,,0,,,,<31,
7/22/2000,2000,7,22,,23.8,,7.2,,15.5,,2.5,,0,,0,,0,,0,,0,,,,<31,
7/23/2000,2000,7,23,,21,,8.2,,14.6,,3.4,,0,,2,,0,,2,,0,,,,<31,
7/24/2000,2000,7,24,,20,,6.4,,13.2,,4.8,,0,,0,T,0,,0,T,0,,,,<31,
7/25/2000,2000,7,25,,18.9,,12,,15.5,,2.5,,0,,4.8,,0,,4.8,,0,,28,E,76,E
7/26/2000,2000,7,26,,20.5,,6.8,,13.7,,4.3,,0,,1,,0,,1,,0,,,,<31,
7/27/2000,2000,7,27,,20.2,,10,,15.1,,2.9,,0,,7,,0,,7,,0,,,,<31,
7/28/2000,2000,7,28,,15.6,,10.7,,13.2,,4.8,,0,,9,,0,,9,,0,,,,<31,
7/29/2000,2000,7,29,,16.8,,8.7,,12.8,,5.2,,0,,5.9,,0,,5.9,,0,,27,E,33,E
7/30/2000,2000,7,30,,22.4,,11.2,,16.8,,1.2,,0,,0,,0,,0,,0,,,,<31,
7/31/2000,2000,7,31,,24,,12.8,,18.4,,0,,0.4,,4.2,,0,,4.2,,0,,,,<31,
8/1/2000,2000,8,1,,20.4,,11.7,,16.1,,1.9,,0,,1.6,,0,,1.6,,0,,31,E,39,E
8/2/2000,2000,8,2,,24,,5.8,,14.9,,3.1,,0,,0,,0,,0,,0,,,,<31,
8/3/2000,2000,8,3,,26,,7.8,,16.9,,1.1,,0,,0,,0,,0,,0,,,,<31,
8/4/2000,2000,8,4,,29.2,,10.1,,19.7,,0,,1.7,,0,,0,,0,,0,,,,<31,
8/5/2000,2000,8,5,,24,,12.7,,18.4,,0,,0.4,,0,T,0,,0,T,0,,27,E,46,E
8/6/2000,2000,8,6,,21.4,,6,,13.7,,4.3,,0,,3,,0,,3,,0,,,,<31,
8/7/2000,2000,8,7,,13.3,,8.9,,11.1,,6.9,,0,,2.8,,0,,2.8,,0,,,,<31,
8/8/2000,2000,8,8,,15.2,,6.8,,11,,7,,0,,0,T,0,,0,T,0,,8,E,33,E
8/9/2000,2000,8,9,,12,,6.2,,9.1,,8.9,,0,,3.4,,0,,3.4,,0,,,,<31,
8/10/2000,2000,8,10,,15.2,,5.2,,10.2,,7.8,,0,,0.6,,0,,0.6,,0,,,,<31,
8/11/2000,2000,8,11,,18.4,,1.5,,10,,8,,0,,0,T,0,,0,T,0,,28,E,39,E
8/12/2000,2000,8,12,,16.8,,6.8,,11.8,,6.2,,0,,4.4,,0,,4.4,,0,,14,E,39,E
8/13/2000,2000,8,13,,17.1,,2.3,,9.7,,8.3,,0,,1.2,,0,,1.2,,0,,,,<31,
8/14/2000,2000,8,14,,16.2,,7.2,,11.7,,6.3,,0,,0,T,0,,0,T,0,,25,E,33,E
8/15/2000,2000,8,15,,12.4,,6.4,,9.4,,8.6,,0,,2.2,,0,,2.2,,0,,,,<31,
8/16/2000,2000,8,16,,10.6,,5.2,,7.9,,10.1,,0,,4,,0,,4,,0,,,,<31,
8/17/2000,2000,8,17,,14.2,,6,,10.1,,7.9,,0,,3.2,,0,,3.2,,0,,,,<31,
8/18/2000,2000,8,18,,16.7,,4.2,,10.5,,7.5,,0,,1.6,,0,,1.6,,0,,,,<31,
8/19/2000,2000,8,19,,15.2,,4,,9.6,,8.4,,0,,0.6,,0,,0.6,,0,,24,E,52,E
8/20/2000,2000,8,20,,15.4,,8.4,,11.9,,6.1,,0,,1.2,,0,,1.2,,0,,,,<31,
8/21/2000,2000,8,21,,14.1,,3.6,,8.9,,9.1,,0,,3.7,,0,,3.7,,0,,,,<31,
8/22/2000,2000,8,22,,17.4,,8.1,,12.8,,5.2,,0,,2.4,,0,,2.4,,0,,23,E,32,E
8/23/2000,2000,8,23,,15.5,,4,,9.8,,8.2,,0,,0.2,,0,,0.2,,0,,24,E,41,E
8/24/2000,2000,8,24,,15,,0.5,,7.8,,10.2,,0,,0,,0,,0,,0,,,,<31,
8/25/2000,2000,8,25,,12.2,,8.1,,10.2,,7.8,,0,,4.7,,0,,4.7,,0,,,,<31,
8/26/2000,2000,8,26,,13.2,,4.8,,9,,9,,0,,2.8,,0,,2.8,,0,,29,E,33,E
8/27/2000,2000,8,27,,14.4,,5.9,,10.2,,7.8,,0,,0.6,,0,,0.6,,0,,,,<31,
8/28/2000,2000,8,28,,13,,5.8,,9.4,,8.6,,0,,3,,0,,3,,0,,,,<31,
8/29/2000,2000,8,29,,12.8,,4.2,,8.5,,9.5,,0,,0,,0,,0,,0,,,,<31,
8/30/2000,2000,8,30,,9.6,,5.2,,7.4,,10.6,,0,,8,,0,,8,,0,,,,<31,
8/31/2000,2000,8,31,,8.8,,2.2,,5.5,,12.5,,0,,3,,0,,3,,0,,,,<31,
9/1/2000,2000,9,1,,8.2,,0.3,,4.3,,13.7,,0,,0,,0,,0,,0,,10,E,39,E
9/2/2000,2000,9,2,,9,,1.1,,5.1,,12.9,,0,,2.5,,0,,2.5,,0,,,,<31,
9/3/2000,2000,9,3,,13.6,,1.2,,7.4,,10.6,,0,,0,,0,,0,,0,,,,<31,
9/4/2000,2000,9,4,,12,,6,,9,,9,,0,,8.6,,0,,8.6,,0,,,,<31,
9/5/2000,2000,9,5,,15.2,,6.5,,10.9,,7.1,,0,,1,,0,,1,,0,,26,E,41,E
9/6/2000,2000,9,6,,15.4,,3.6,,9.5,,8.5,,0,,0.8,,0,,0.8,,0,,21,E,39,E
9/7/2000,2000,9,7,,13,,3,,8,,10,,0,,0,T,0,,0,T,0,,,,<31,
9/8/2000,2000,9,8,,12.2,,-0.9,,5.7,,12.3,,0,,0,T,0,,0,T,0,,,,<31,
9/9/2000,2000,9,9,,9.4,,4.4,,6.9,,11.1,,0,,4.4,,0,,4.4,,0,,,,<31,
9/10/2000,2000,9,10,,13.2,,1,,7.1,,10.9,,0,,0,,0,,0,,0,,,,<31,
9/11/2000,2000,9,11,,13,,4.4,,8.7,,9.3,,0,,15,,0,,15,,0,,,,<31,
9/12/2000,2000,9,12,,12.8,,5.2,,9,,9,,0,,0,T,0,,0,T,0,,,,<31,
9/13/2000,2000,9,13,,11.8,,0,,5.9,,12.1,,0,,2.2,,0,,2.2,,0,,,,<31,
9/14/2000,2000,9,14,,14,,6.6,,10.3,,7.7,,0,,1,,0,,1,,0,,24,E,59,E
9/15/2000,2000,9,15,,11.7,,4.8,,8.3,,9.7,,0,,0,T,0,,0,T,0,,24,E,44,E
9/16/2000,2000,9,16,,8.2,,4.8,,6.5,,11.5,,0,,6.2,,0,,6.2,,0,,,,<31,
9/17/2000,2000,9,17,,15.5,,6.6,,11.1,,6.9,,0,,4.9,,0,,4.9,,0,,24,E,54,E
9/18/2000,2000,9,18,,12.3,,1.6,,7,,11,,0,,2.2,,0,,2.2,,0,,33,E,32,E
9/19/2000,2000,9,19,,11.2,,-2.4,,4.4,,13.6,,0,,0,,0,,0,,0,,,,<31,
9/20/2000,2000,9,20,,9,,-0.9,,4.1,,13.9,,0,,0,,0,,0,,0,,,,<31,
9/21/2000,2000,9,21,,12.4,,-2.1,,5.2,,12.8,,0,,0,,0,,0,,0,,,,<31,
9/22/2000,2000,9,22,,17.2,,-1.3,,8,,10,,0,,0,,0,,0,,0,,,,<31,
9/23/2000,2000,9,23,,18.8,,2,,10.4,,7.6,,0,,0,,0,,0,,0,,,,<31,
9/24/2000,2000,9,24,,17.2,,4.5,,10.9,,7.1,,0,,0,,0,,0,,0,,,,<31,
9/25/2000,2000,9,25,,10.4,,6.8,,8.6,,9.4,,0,,10.3,,0,,10.3,,0,,,,<31,
9/26/2000,2000,9,26,,14,,6.8,,10.4,,7.6,,0,,1.9,,0,,1.9,,0,,,,<31,
9/27/2000,2000,9,27,,14.5,,4.5,,9.5,,8.5,,0,,0,T,0,,0,T,0,,,,<31,
9/28/2000,2000,9,28,,10.8,,4.2,,7.5,,10.5,,0,,0.2,,0,,0.2,,0,,,,<31,
9/29/2000,2000,9,29,,10.7,,1.2,,6,,12,,0,,5.9,,0.2,,6,,0,,32,E,33,E
9/30/2000,2000,9,30,,1.7,,-2.6,,-0.5,,18.5,,0,,0,,0,,0,,0,,27,E,48,E
10/1/2000,2000,10,1,,-0.8,,-4,,-2.4,,20.4,,0,,0,,0,,0,,0,,27,E,39,E
10/2/2000,2000,10,2,,-0.5,,-11,,-5.8,,23.8,,0,,0,,0,,0,,0,,,,<31,
10/3/2000,2000,10,3,,1.8,,-7.6,,-2.9,,20.9,,0,,0,,0,,0,,0,,,,<31,
10/4/2000,2000,10,4,,2.9,,-14.1,,-5.6,,23.6,,0,,0,,0,,0,,0,,,,<31,
10/5/2000,2000,10,5,,0.8,,-9.8,,-4.5,,22.5,,0,,0.2,,0,T,0.2,,0,,,,<31,
10/6/2000,2000,10,6,,13.8,,-3.8,,5,,13,,0,,0,,0,,0,,0,,,,<31,
10/7/2000,2000,10,7,,15,,4,,9.5,,8.5,,0,,0,T,0,,0,T,0,,12,E,32,E
10/8/2000,2000,10,8,,11.2,,-0.6,,5.3,,12.7,,0,,0,T,0,,0,T,0,,,,<31,
10/9/2000,2000,10,9,,8.4,,-3,,2.7,,15.3,,0,,0,,0,T,0,T,0,,,,<31,
10/10/2000,2000,10,10,,9.4,,-1.1,,4.2,,13.8,,0,,0,,0,,0,,0,,,,<31,
10/11/2000,2000,10,11,,11.8,,3.2,,7.5,,10.5,,0,,0,T,0,,0,T,0,,,,<31,
10/12/2000,2000,10,12,,8.4,,2.8,,5.6,,12.4,,0,,2.4,,0,,2.4,,0,,,,<31,
10/13/2000,2000,10,13,,9.2,,0.7,,5,,13,,0,,6.8,,1,,7.4,,0,,25,E,33,E
10/14/2000,2000,10,14,,9,,-2.1,,3.5,,14.5,,0,,0,,0,,0,,0,,,,<31,
10/15/2000,2000,10,15,,8,,-0.8,,3.6,,14.4,,0,,0.6,,0,T,0.6,,0,,9,E,32,E
10/16/2000,2000,10,16,,7.7,,-4,,1.9,,16.1,,0,,0,,0,,0,,0,,,,<31,
10/17/2000,2000,10,17,,3.7,,-5.1,,-0.7,,18.7,,0,,0,,0,,0,,0,,,,<31,
10/18/2000,2000,10,18,,2,,-7,,-2.5,,20.5,,0,,0,,0.8,,0.4,,0,,,,<31,
10/19/2000,2000,10,19,,2.8,,-1,,0.9,,17.1,,0,,0,,3,,2.2,,3,,,,<31,
10/20/2000,2000,10,20,,2.6,,-0.5,,1.1,,16.9,,0,,0,,2.8,,2.2,,0,,,,<31,
10/21/2000,2000,10,21,,4.3,,-5.2,,-0.5,,18.5,,0,,0,,4,,3.2,,4,,,,<31,
10/22/2000,2000,10,22,,3.2,,-3.8,,-0.3,,18.3,,0,,0.4,,1.3,,1.1,,2,,,,<31,
10/23/2000,2000,10,23,,8,,-3,,2.5,,15.5,,0,,0,,0,,0,,0,T,,,<31,
10/24/2000,2000,10,24,,6.2,,-3.4,,1.4,,16.6,,0,,0,,0,,0,,0,T,,,<31,
10/25/2000,2000,10,25,,4,,-5.1,,-0.6,,18.6,,0,,0,,0,,0,,0,T,,,<31,
10/26/2000,2000,10,26,,0.4,,-8.8,,-4.2,,22.2,,0,,0,,0.4,,0.4,,0,T,,,<31,
10/27/2000,2000,10,27,,-1.8,,-9,,-5.4,,23.4,,0,,0,,1,,0.6,,0,T,,,<31,
10/28/2000,2000,10,28,,-0.6,,-8.1,,-4.4,,22.4,,0,,0,,5.8,,3.2,,1,,11,E,41,E
10/29/2000,2000,10,29,,-6.4,,-15.1,,-10.8,,28.8,,0,,0,,2.4,,2.4,,10,,,,<31,
10/30/2000,2000,10,30,,-9.2,,-24,,-16.6,,34.6,,0,,0,,6.5,,4.4,,12,,,,<31,
10/31/2000,2000,10,31,,-5.2,,-15.4,,-10.3,,28.3,,0,,0,,0.7,,0.7,,12,,,,<31,
11/1/2000,2000,11,1,,1.7,,-12,,-5.2,,23.2,,0,,0,,0,,0,,12,,,,<31,
11/2/2000,2000,11,2,,-7.5,,-19,,-13.3,,31.3,,0,,0,,2,,1.6,,12,,,,<31,
11/3/2000,2000,11,3,,-2.7,,-9,,-5.9,,23.9,,0,,0,,11.8,,9.9,,18,,,,<31,
11/4/2000,2000,11,4,,-3.2,,-10,,-6.6,,24.6,,0,,0,,3.4,,1.6,,26,,30,E,33,E
11/5/2000,2000,11,5,,-3.2,,-8.4,,-5.8,,23.8,,0,,0,,0,T,0,T,24,,,,<31,
11/6/2000,2000,11,6,,-4.8,,-11.7,,-8.3,,26.3,,0,,0,,5,,3.3,,23,,,,<31,
11/7/2000,2000,11,7,,-10.4,,-14.4,,-12.4,,30.4,,0,,0,,2.7,,1.3,,24,,,,<31,
11/8/2000,2000,11,8,,-8.3,,-11.4,,-9.9,,27.9,,0,,0,,0,T,0,T,24,,,,<31,
11/9/2000,2000,11,9,,-8.4,,-23.1,,-15.8,,33.8,,0,,0,,0,T,0,T,23,,,,<31,
11/10/2000,2000,11,10,,-13.1,,-22.8,,-18,,36,,0,,0,,1,,0.6,,23,,,,<31,
11/11/2000,2000,11,11,,1.1,,-18.2,,-8.6,,26.6,,0,,0,,0,T,0,T,22,,,,<31,
11/12/2000,2000,11,12,,2.2,,-4,,-0.9,,18.9,,0,,0.7,,0,T,1.2,,21,,,,<31,
11/13/2000,2000,11,13,,1.4,,-9.5,,-4.1,,22.1,,0,,0,,0,,0,,18,,,,<31,
11/14/2000,2000,11,14,,-1.8,,-15.2,,-8.5,,26.5,,0,,0,,0,,0,,18,,,,<31,
11/15/2000,2000,11,15,,-6.5,,-19,,-12.8,,30.8,,0,,0,,0,T,0,T,18,,,,<31,
11/16/2000,2000,11,16,,-7,,-18.8,,-12.9,,30.9,,0,,0,,0,T,0,T,19,,,,<31,
11/17/2000,2000,11,17,,0.4,,-10,,-4.8,,22.8,,0,,0,,0,T,0,T,19,,,,<31,
11/18/2000,2000,11,18,,-5.2,,-16.2,,-10.7,,28.7,,0,,0,,0,,0,,19,,,,<31,
11/19/2000,2000,11,19,,-10.8,,-21,,-15.9,,33.9,,0,,0,,0,,0,,19,,,,<31,
11/20/2000,2000,11,20,,-13.2,,-21,,-17.1,,35.1,,0,,0,,0,T,0,T,19,,,,<31,
11/21/2000,2000,11,21,,-9.5,,-15.2,,-12.4,,30.4,,0,,0,,0,T,0,T,18,,,,<31,
11/22/2000,2000,11,22,,2.4,,-14.6,,-6.1,,24.1,,0,,2.2,,0,T,2.2,,19,,,,<31,
11/23/2000,2000,11,23,,3.2,,-6,,-1.4,,19.4,,0,,0,T,0,T,0,T,19,,24,E,43,E
11/24/2000,2000,11,24,,2.4,,-10.9,,-4.3,,22.3,,0,,0,,0,,0,,18,,,,<31,
11/25/2000,2000,11,25,,-7.2,,-12.8,,-10,,28,,0,,0,,0.9,,1.3,,18,,,,<31,
11/26/2000,2000,11,26,,-8.5,,-15.4,,-12,,30,,0,,0,,0,,0,,19,,,,<31,
11/27/2000,2000,11,27,,-13.2,,-19.3,,-16.3,,34.3,,0,,0,,0,T,0,T,19,,,,<31,
11/28/2000,2000,11,28,,-13.9,,-22.8,,-18.4,,36.4,,0,,0,,0,T,0,T,19,,,,<31,
11/29/2000,2000,11,29,,-16.8,,-25.4,,-21.1,,39.1,,0,,0,,0,T,0,T,19,,,,<31,
11/30/2000,2000,11,30,,-15.7,,-22,,-18.9,,36.9,,0,,0,,0,T,0.4,,20,,,,<31,
12/1/2000,2000,12,1,,-12.2,,-20.6,,-16.4,,34.4,,0,,0,,2.5,,2,,22,,,,,
12/2/2000,2000,12,2,,-8.2,,-16,,-12.1,,30.1,,0,,0,,2.5,,1.1,,23,,,,,
12/3/2000,2000,12,3,,-8,,-23,,-15.5,,33.5,,0,,0,,0,T,0,T,25,,,,,
12/4/2000,2000,12,4,,-15.3,,-24.6,,-20,,38,,0,,0,,0,T,0,T,24,,,,,
12/5/2000,2000,12,5,,-9.7,,-17.2,,-13.5,,31.5,,0,,0,,5.7,,6.7,,26,,,,,
12/6/2000,2000,12,6,,-1.6,,-12.8,,-7.2,,25.2,,0,,0,,0,,0,,31,,,,,
12/7/2000,2000,12,7,,-10,,-21.6,,-15.8,,33.8,,0,,0,,0,,0,,31,,,,,
12/8/2000,2000,12,8,,-10.5,,-18.2,,-14.4,,32.4,,0,,0,,0,T,0,T,29,,,,,
12/9/2000,2000,12,9,,-10.8,,-23.2,,-17,,35,,0,,0,,0,T,0.4,,29,,,,,
12/10/2000,2000,12,10,,-18.2,,-24.3,,-21.3,,39.3,,0,,0,,0,T,0.2,,29,,,,,
12/11/2000,2000,12,11,,-16.8,,-22.5,,-19.7,,37.7,,0,,0,,1.6,,1.4,,29,,,,,
12/12/2000,2000,12,12,,-15.3,,-21.8,,-18.6,,36.6,,0,,0,,0.4,,0.6,,29,,,,,
12/13/2000,2000,12,13,,-20.2,,-28.8,,-24.5,,42.5,,0,,0,,1,,1.2,,32,,,,,
12/14/2000,2000,12,14,,-26.2,,-40.2,,-33.2,,51.2,,0,,0,,0,T,0,T,33,,,,,
12/15/2000,2000,12,15,,-34.7,,-41.8,,-38.3,,56.3,,0,,0,,0,T,0,T,33,,,,,
12/16/2000,2000,12,16,,-30,,-43,,-36.5,,54.5,,0,,0,,1.7,,2.6,,33,,,,,
12/17/2000,2000,12,17,,-26.7,,-38,,-32.4,,50.4,,0,,0,,0,T,0,T,34,,,,,
12/18/2000,2000,12,18,,-20.4,,-27.5,,-24,,42,,0,,0,,5.6,,5.4,,33,,,,,
12/19/2000,2000,12,19,,-19.1,,-26.9,,-23,,41,,0,,0,,0,,0,,38,,,,,
12/20/2000,2000,12,20,,-19.9,,-28.8,,-24.4,,42.4,,0,,0,,0,T,0,T,38,,,,,
12/21/2000,2000,12,21,,-19.8,,-23.5,,-21.7,,39.7,,0,,0,,0,T,0,T,38,,,,,
12/22/2000,2000,12,22,,-19.2,,-24,,-21.6,,39.6,,0,,0,,0,T,0,T,38,,,,,
12/23/2000,2000,12,23,,-19.9,,-23.9,,-21.9,,39.9,,0,,0,,0,T,0,T,36,,,,,
12/24/2000,2000,12,24,,-17.2,,-21.5,,-19.4,,37.4,,0,,0,,1.3,,1,,36,,,,,
12/25/2000,2000,12,25,,-14.6,,-20,,-17.3,,35.3,,0,,0,,6.5,,4.6,,37,,,,,
12/26/2000,2000,12,26,,-15.1,,-28.6,,-21.9,,39.9,,0,,0,,0,T,0,T,44,,,,,
12/27/2000,2000,12,27,,-25,,-31,,-28,,46,,0,,0,,0,,0,,43,,,,,
12/28/2000,2000,12,28,,-19.9,,-32,,-26,,44,,0,,0,,0.7,,0.6,,43,,,,,
12/29/2000,2000,12,29,,-18.2,,-24.5,,-21.4,,39.4,,0,,0,,0,T,0,T,42,,,,,
12/30/2000,2000,12,30,,-14.9,,-21.9,,-18.4,,36.4,,0,,0,,0,T,0,T,42,,,,,
12/31/2000,2000,12,31,,-14.1,,-24.7,,-19.4,,37.4,,0,,0,,0,T,0,T,42,,,,,
1/1/2001,2001,1,1,,-16.1,,-27,,-21.6,,39.6,,0,,0,,0,T,0,T,42,,,,,
1/2/2001,2001,1,2,,-11.6,,-22.2,,-16.9,,34.9,,0,,0,,0.8,,0.8,,41,,,,,
1/3/2001,2001,1,3,,-2.4,,-14,,-8.2,,26.2,,0,,0,,6.6,,5.4,,46,,,,,
1/4/2001,2001,1,4,,-1.8,,-15.5,,-8.7,,26.7,,0,,0,,0,T,0,T,46,,,,,
1/5/2001,2001,1,5,,-7.1,,-12.8,,-10,,28,,0,,0,,2.5,,1.5,,45,,,,,
1/6/2001,2001,1,6,,-5.7,,-20.4,,-13.1,,31.1,,0,,0,,0,T,0,T,46,,,,,
1/7/2001,2001,1,7,,-4,,-13.2,,-8.6,,26.6,,0,,0,,0,,0,,45,,,,,
1/8/2001,2001,1,8,,-7.4,,-15,,-11.2,,29.2,,0,,0,,0,T,0.2,,45,,,,,
1/9/2001,2001,1,9,,-9.6,,-24.6,,-17.1,,35.1,,0,,0,,0.2,,0.2,,45,,,,,
1/10/2001,2001,1,10,,-8.7,,-24,,-16.4,,34.4,,0,,0,,3.6,,3.6,,44,,,,,
1/11/2001,2001,1,11,,-8.2,,-27.2,,-17.7,,35.7,,0,,0,,0.4,,0.2,,47,,,,,
1/12/2001,2001,1,12,,-17.1,,-32,,-24.6,,42.6,,0,,0,,0,T,0,T,46,,,,,
1/13/2001,2001,1,13,,-14.8,,-23.2,,-19,,37,,0,,0,,0,T,0,T,46,,,,,
1/14/2001,2001,1,14,,-19.7,,-30,,-24.9,,42.9,,0,,0,,0,,0,,46,,,,,
1/15/2001,2001,1,15,,-13.4,,-20,,-16.7,,34.7,,0,,0,,0,T,0,T,46,,,,,
1/16/2001,2001,1,16,,-10.6,,-23.1,,-16.9,,34.9,,0,,0,,0,,0,,43,,,,,
1/17/2001,2001,1,17,,-12.4,,-25,,-18.7,,36.7,,0,,0,,3,,2.6,,44,,,,,
1/18/2001,2001,1,18,,-15.8,,-24.6,,-20.2,,38.2,,0,,0,,0,T,0,T,47,,,,,
1/19/2001,2001,1,19,,-14,,-25.2,,-19.6,,37.6,,0,,0,,0,T,0,T,47,,,,,
1/20/2001,2001,1,20,,-19.7,,-28.6,,-24.2,,42.2,,0,,0,,0,,0,,47,,,,,
1/21/2001,2001,1,21,,-17.3,,-25.2,,-21.3,,39.3,,0,,0,,0,T,0,T,47,,,,,
1/22/2001,2001,1,22,,-16.2,,-21.9,,-19.1,,37.1,,0,,0,,0,,0,,47,,,,,
1/23/2001,2001,1,23,,-11,,-18.9,,-15,,33,,0,,0,,0,,0,,44,,,,,
1/24/2001,2001,1,24,,-8.6,,-24.6,,-16.6,,34.6,,0,,0,,0.8,,0.6,,48,,,,,
1/25/2001,2001,1,25,,-10,,-24,,-17,,35,,0,,0,,0,,0,,46,,,,,
1/26/2001,2001,1,26,,-17.3,,-26,,-21.7,,39.7,,0,,0,,0,,0,,46,,,,,
1/27/2001,2001,1,27,,-4.2,,-19.6,,-11.9,,29.9,,0,,0,,0.2,,0.2,,46,,,,,
1/28/2001,2001,1,28,,-2.4,,-12.2,,-7.3,,25.3,,0,,0,,0,T,0,T,46,,,,,
1/29/2001,2001,1,29,,-3.5,,-11.6,,-7.6,,25.6,,0,,0,,4.4,,2.2,,50,,,,,
1/30/2001,2001,1,30,,-5.8,,-10.6,,-8.2,,26.2,,0,,0,,0,,0,,47,,,,,
1/31/2001,2001,1,31,,-0.7,,-10,,-5.4,,23.4,,0,,0,,4.4,,4.4,,48,,,,,
2/1/2001,2001,2,1,,0.8,,-12.6,,-5.9,,23.9,,0,,0,,0,,0,,48,,,,<31,
2/2/2001,2001,2,2,,-4.2,,-13,,-8.6,,26.6,,0,,0,,3.6,,1.9,,47,,,,<31,
2/3/2001,2001,2,3,,-0.8,,-8.8,,-4.8,,22.8,,0,,0,,0,T,0,T,49,,,,<31,
2/4/2001,2001,2,4,,-8.8,,-25.5,,-17.2,,35.2,,0,,0,,0,,0,,49,,,,<31,
2/5/2001,2001,2,5,,-13.2,,-29,,-21.1,,39.1,,0,,0,,0,,0,,49,,,,<31,
2/6/2001,2001,2,6,,-16.6,,-31.4,,-24,,42,,0,,0,,0,,0,,48,,,,<31,
2/7/2001,2001,2,7,,-15.5,,-33,,-24.3,,42.3,,0,,0,,0,T,0,T,48,,,,<31,
2/8/2001,2001,2,8,,-14,,-18.5,,-16.3,,34.3,,0,,0,,2.2,,1,,50,,,,<31,
2/9/2001,2001,2,9,,-13.4,,-23.9,,-18.7,,36.7,,0,,0,,0.2,,0,T,50,,,,<31,
2/10/2001,2001,2,10,,-14.2,,-32.4,,-23.3,,41.3,,0,,0,,0,,0,,50,,,,<31,
2/11/2001,2001,2,11,,-19.2,,-37.8,,-28.5,,46.5,,0,,0,,0,,0,,50,,,,<31,
2/12/2001,2001,2,12,,-11.2,,-22.8,,-17,,35,,0,,0,,0,,0,,50,,,,<31,
2/13/2001,2001,2,13,,-5.8,,-13.8,,-9.8,,27.8,,0,,0,,8.9,,6.1,,49,,31,E,33,E
2/14/2001,2001,2,14,,-7.2,,-21.5,,-14.4,,32.4,,0,,0,,1,,0.4,,57,,,,<31,
2/15/2001,2001,2,15,,-13.2,,-31,,-22.1,,40.1,,0,,0,,0,,0,,57,,,,<31,
2/16/2001,2001,2,16,,-16.7,,-31.8,,-24.3,,42.3,,0,,0,,0,,0,,56,,,,<31,
2/17/2001,2001,2,17,,-13.7,,-32.9,,-23.3,,41.3,,0,,0,,0,,0,,56,,,,<31,
2/18/2001,2001,2,18,,-15.8,,-33.6,,-24.7,,42.7,,0,,0,,0,,0,,55,,,,<31,
2/19/2001,2001,2,19,,-11.7,,-34,,-22.9,,40.9,,0,,0,,0,,0,,54,,,,<31,
2/20/2001,2001,2,20,,-15.1,,-34,,-24.6,,42.6,,0,,0,,0,,0,,54,,,,<31,
2/21/2001,2001,2,21,,-9.6,,-27.8,,-18.7,,36.7,,0,,0,,0,,0,,54,,,,<31,
2/22/2001,2001,2,22,,-5.2,,-26.6,,-15.9,,33.9,,0,,0,,0,,0,,54,,,,<31,
2/23/2001,2001,2,23,,-14.1,,-30.8,,-22.5,,40.5,,0,,0,,0,T,0,T,54,,,,<31,
2/24/2001,2001,2,24,,-17.5,,-32.2,,-24.9,,42.9,,0,,0,,0,T,0,T,53,,,,<31,
2/25/2001,2001,2,25,,-23.4,,-40.4,,-31.9,,49.9,,0,,0,,0.4,,0.2,,53,,,,<31,
2/26/2001,2001,2,26,,-18.4,,-31.5,,-25,,43,,0,,0,,0,,0,,53,,,,<31,
2/27/2001,2001,2,27,,6.3,,-18.9,,-6.3,,24.3,,0,,0,,0,T,0,T,53,,19,E,33,E
2/28/2001,2001,2,28,,1.3,,-13.2,,-6,,24,,0,,0,,0,,0,,52,,,,<31,
3/1/2001,2001,3,1,,1.1,,-16.1,,-7.5,,25.5,,0,,0,,0,,0,,52,,,,<31,
3/2/2001,2001,3,2,,-1.1,,-4.7,,-2.9,,20.9,,0,,0,,0.8,,0.5,,52,,,,<31,
3/3/2001,2001,3,3,,-1.1,,-13.2,,-7.2,,25.2,,0,,0,,0,T,0,T,53,,,,<31,
3/4/2001,2001,3,4,,-2.3,,-15.6,,-9,,27,,0,,0,,0,,0,,53,,,,<31,
3/5/2001,2001,3,5,,-4.9,,-23,,-14,,32,,0,,0,,0,,0,,53,,,,<31,
3/6/2001,2001,3,6,,1.5,,-16.1,,-7.3,,25.3,,0,,0,,0,T,0,T,52,,,,<31,
3/7/2001,2001,3,7,,7,,-4.5,,1.3,,16.7,,0,,0,,0,T,0,T,52,,26,E,39,E
3/8/2001,2001,3,8,,3.4,,-10.6,,-3.6,,21.6,,0,,0,,0,,0,,49,,,,<31,
3/9/2001,2001,3,9,,2.8,,-12.6,,-4.9,,22.9,,0,,0,,0,T,0,T,49,,,,<31,
3/10/2001,2001,3,10,,6.2,,-3.8,,1.2,,16.8,,0,,0,T,0,T,0,T,48,,22,E,33,E
3/11/2001,2001,3,11,,7.3,,-3,,2.2,,15.8,,0,,0,T,0,T,0,T,45,,21,E,95,E
3/12/2001,2001,3,12,,4.1,,-4.8,,-0.4,,18.4,,0,,0,,0,,0,,44,,27,E,67,E
3/13/2001,2001,3,13,,2.8,,-15.2,,-6.2,,24.2,,0,,0,,0,,0,,44,,,,<31,
3/14/2001,2001,3,14,,4.6,,-15.1,,-5.3,,23.3,,0,,0,,0,,0,,43,,,,<31,
3/15/2001,2001,3,15,,3.4,,-20.5,,-8.6,,26.6,,0,,0,,0,,0,,43,,,,<31,
3/16/2001,2001,3,16,,3.8,,-8.3,,-2.3,,20.3,,0,,0,,0,,0,,43,,,,<31,
3/17/2001,2001,3,17,,-2.8,,-16.8,,-9.8,,27.8,,0,,0,,3.2,,1.8,,44,,12,E,33,E
3/18/2001,2001,3,18,,-11,,-21.9,,-16.5,,34.5,,0,,0,,4.7,,2.5,,47,,12,E,33,E
3/19/2001,2001,3,19,,-18.6,,-26,,-22.3,,40.3,,0,,0,,1,,0.8,,47,,,,<31,
3/20/2001,2001,3,20,,-16.7,,-29.3,,-23,,41,,0,,0,,0,T,0,T,48,,,,<31,
3/21/2001,2001,3,21,,-14,,-38,,-26,,44,,0,,0,,0,T,0,T,46,,,,<31,
3/22/2001,2001,3,22,,-12.7,,-37.9,,-25.3,,43.3,,0,,0,,0,,0,,46,,,,<31,
3/23/2001,2001,3,23,,-13.3,,-37.7,,-25.5,,43.5,,0,,0,,0,,0,,46,,,,<31,
3/24/2001,2001,3,24,,-9.9,,-28.6,,-19.3,,37.3,,0,,0,,0,T,0,T,46,,,,<31,
3/25/2001,2001,3,25,,-5.4,,-18.8,,-12.1,,30.1,,0,,0,,1.4,,0.9,,47,,,,<31,
3/26/2001,2001,3,26,,4.5,,-19.6,,-7.6,,25.6,,0,,0,,0,T,0,T,47,,,,<31,
3/27/2001,2001,3,27,,2.8,,-16.5,,-6.9,,24.9,,0,,0,,0,T,0,T,47,,,,<31,
3/28/2001,2001,3,28,,1.6,,-7.7,,-3.1,,21.1,,0,,0,,2.6,,2.2,,48,,26,E,41,E
3/29/2001,2001,3,29,,3.9,,-18.5,,-7.3,,25.3,,0,,0,,0,,0,,48,,,,<31,
3/30/2001,2001,3,30,,3.2,,-18,,-7.4,,25.4,,0,,0,,0,T,0,T,48,,,,<31,
3/31/2001,2001,3,31,,4.9,,-5.5,,-0.3,,18.3,,0,,0,,0.6,,0.4,,49,,24,E,33,E
4/1/2001,2001,4,1,,1.8,,-14.8,,-6.5,,24.5,,0,,0,,0,,0,,0,,,,<31,
4/2/2001,2001,4,2,,3.7,,-20.1,,-8.2,,26.2,,0,,0,,0,,0,,0,,,,<31,
4/3/2001,2001,4,3,,8.2,,-17.1,,-4.5,,22.5,,0,,0,,0,,0,,0,,,,<31,
4/4/2001,2001,4,4,,6.4,,-0.5,,3,,15,,0,,0,,0,T,0,T,0,,,,<31,
4/5/2001,2001,4,5,,4.8,,-9.5,,-2.4,,20.4,,0,,0,,0,T,0,T,0,,,,<31,
4/6/2001,2001,4,6,,4.6,,-14.8,,-5.1,,23.1,,0,,0,,0.7,,0.6,,0,,,,<31,
4/7/2001,2001,4,7,,3.8,,-8.8,,-2.5,,20.5,,0,,0,,0,T,0,T,0,,,,<31,
4/8/2001,2001,4,8,,3.1,,-14.2,,-5.6,,23.6,,0,,0,,0,T,0,T,0,,,,<31,
4/9/2001,2001,4,9,,3.9,,-9.2,,-2.7,,20.7,,0,,0,,0,T,0,T,0,,,,<31,
4/10/2001,2001,4,10,,7.1,,-14.1,,-3.5,,21.5,,0,,0,,0,,0,,0,,,,<31,
4/11/2001,2001,4,11,,9.2,,-11.4,,-1.1,,19.1,,0,,0,,0,,0,,0,,,,<31,
4/12/2001,2001,4,12,,8.8,,2.6,,5.7,,12.3,,0,,9.6,,0,T,9.6,,0,,,,<31,
4/13/2001,2001,4,13,,7.2,,-9.9,,-1.4,,19.4,,0,,0,,0,,0,,0,,,,<31,
4/14/2001,2001,4,14,,9.2,,-11.4,,-1.1,,19.1,,0,,0,,0,,0,,0,,,,<31,
4/15/2001,2001,4,15,,12.4,,-11.6,,0.4,,17.6,,0,,0,,0,,0,,0,,,,<31,
4/16/2001,2001,4,16,,11,,6.9,,9,,9,,0,,5.2,,0,,5.2,,0,,,,<31,
4/17/2001,2001,4,17,,10.9,,-6.8,,2.1,,15.9,,0,,0,T,0,,0,,0,,,,<31,
4/18/2001,2001,4,18,,6.1,,1.5,,3.8,,14.2,,0,,3.4,,0,,3.4,,0,,,,<31,
4/19/2001,2001,4,19,,4.2,,-2.8,,0.7,,17.3,,0,,0,T,0,T,0,T,0,,,,<31,
4/20/2001,2001,4,20,,3.8,,-12,,-4.1,,22.1,,0,,0,,0,,0,,0,,,,<31,
4/21/2001,2001,4,21,,7.2,,-9.6,,-1.2,,19.2,,0,,0,,0,,0,,0,,,,<31,
4/22/2001,2001,4,22,,8.9,,-6.6,,1.2,,16.8,,0,,0,,0,,0,,0,,12,E,44,E
4/23/2001,2001,4,23,,10,,0.2,,5.1,,12.9,,0,,0,,0,T,0,T,0,,,,<31,
4/24/2001,2001,4,24,,8.1,,0.6,,4.4,,13.6,,0,,0.2,,0.7,,0.9,,0,,26,E,50,E
4/25/2001,2001,4,25,,8,,-3.5,,2.3,,15.7,,0,,0,,0,,0,,0,,,,<31,
4/26/2001,2001,4,26,,9.7,,-5.5,,2.1,,15.9,,0,,0.6,,0,,0.6,,0,,18,E,33,E
4/27/2001,2001,4,27,,10,,-1,,4.5,,13.5,,0,,0,T,0,,0,T,0,,,,<31,
4/28/2001,2001,4,28,,8.5,,-0.9,,3.8,,14.2,,0,,0,,0,T,0,T,0,,,,<31,
4/29/2001,2001,4,29,,8.2,,-4.4,,1.9,,16.1,,0,,0,T,0,T,0,T,0,T,,,<31,
4/30/2001,2001,4,30,,9.7,,-1.5,,4.1,,13.9,,0,,0,,0,,0,,0,T,,,<31,
5/1/2001,2001,5,1,,10.3,,-2,,4.2,,13.8,,0,,0,T,0.3,,0.3,,0,,24,E,41,E
5/2/2001,2001,5,2,,6.3,,2,,4.2,,13.8,,0,,0,,0,T,0,T,0,,26,E,37,E
5/3/2001,2001,5,3,,10.5,,1.7,,6.1,,11.9,,0,,0,,0,,0,,0,,12,E,39,E
5/4/2001,2001,5,4,,9.4,,-1.5,,4,,14,,0,,0,,0,T,0,T,0,,,,<31,
5/5/2001,2001,5,5,,8.1,,-2.4,,2.9,,15.1,,0,,0,,0,,0,,0,,15,E,41,E
5/6/2001,2001,5,6,,10.5,,-5.1,,2.7,,15.3,,0,,0,,0,,0,,0,,,,<31,
5/7/2001,2001,5,7,,11.6,,2.1,,6.9,,11.1,,0,,0.2,,0,T,0.5,,0,,24,E,52,E
5/8/2001,2001,5,8,,10.2,,-2.2,,4,,14,,0,,0,,0,T,0.5,,0,,28,,41,
5/9/2001,2001,5,9,,10,,-0.5,,4.8,,13.2,,0,,0,,0,T,0,T,0,,30,E,37,E
5/10/2001,2001,5,10,,9.8,,-3,,3.4,,14.6,,0,,0,,0,,0,,0,,,,<31,
5/11/2001,2001,5,11,,11.5,,-1,,5.3,,12.7,,0,,0,,0,,0,,0,,,,<31,
5/12/2001,2001,5,12,,13.3,,-2.1,,5.6,,12.4,,0,,0,,0,,0,,0,,,,<31,
5/13/2001,2001,5,13,,9.5,,0.7,,5.1,,12.9,,0,,14.2,,1.2,,17.1,,0,,,,<31,
5/14/2001,2001,5,14,,9.4,,1.8,,5.6,,12.4,,0,,3.6,,0,T,3.6,,0,,,,<31,
5/15/2001,2001,5,15,,12.3,,0.8,,6.6,,11.4,,0,,8.6,,0,,8.6,,0,,24,E,41,E
5/16/2001,2001,5,16,,10.2,,0.4,,5.3,,12.7,,0,,3.2,,0,,3.2,,0,,,,<31,
5/17/2001,2001,5,17,,10.5,,-1.8,,4.4,,13.6,,0,,0,,0,,0,,0,,,,<31,
5/18/2001,2001,5,18,,12.6,,3.2,,7.9,,10.1,,0,,0,,0,,0,,0,,,,<31,
5/19/2001,2001,5,19,,12.8,,-0.3,,6.3,,11.7,,0,,0.3,,0,T,0.3,,0,,30,E,41,E
5/20/2001,2001,5,20,,14.5,,-0.8,,6.9,,11.1,,0,,0,,0,,0,,0,,,,<31,
5/21/2001,2001,5,21,,14.3,,5.1,,9.7,,8.3,,0,,0.2,,0,,0.2,,0,,,,<31,
5/22/2001,2001,5,22,,16.5,,1.9,,9.2,,8.8,,0,,0.4,,0,,0.4,,0,,,,<31,
5/23/2001,2001,5,23,,11.2,,2.4,,6.8,,11.2,,0,,0,,0,,0,,0,,,,<31,
5/24/2001,2001,5,24,,11.5,,-1.2,,5.2,,12.8,,0,,0,,0,T,0,T,0,,,,<31,
5/25/2001,2001,5,25,,14.1,,-2.8,,5.7,,12.3,,0,,0,,0,,0,,0,,,,<31,
5/26/2001,2001,5,26,,14.6,,1.5,,8.1,,9.9,,0,,0,T,0,,0,T,0,,6,E,41,E
5/27/2001,2001,5,27,,12.1,,4.8,,8.5,,9.5,,0,,11.8,,0,,11.8,,0,,8,E,61,E
5/28/2001,2001,5,28,,8,,3.9,,6,,12,,0,,5.8,,0,,5.8,,0,,,,<31,
5/29/2001,2001,5,29,,13.8,,2.9,,8.4,,9.6,,0,,0.7,,0,,0.7,,0,,,,<31,
5/30/2001,2001,5,30,,17.9,,6,,12,,6,,0,,0.4,,0,,0.4,,0,,,,<31,
5/31/2001,2001,5,31,,14.3,,4.8,,9.6,,8.4,,0,,3.4,,0,,3.4,,0,,,,<31,
6/1/2001,2001,6,1,,12.8,,6.8,,9.8,,8.2,,0,,7.2,,0,,7.2,,0,,,,<31,
6/2/2001,2001,6,2,,9.5,,5.4,,7.5,,10.5,,0,,26,,0,,26,,0,,,,<31,
6/3/2001,2001,6,3,,13.6,,2.9,,8.3,,9.7,,0,,8.1,,0,,8.1,,0,,,,<31,
6/4/2001,2001,6,4,,18.2,,2,,10.1,,7.9,,0,,0,,0,,0,,0,,,,<31,
6/5/2001,2001,6,5,,17.9,,5.2,,11.6,,6.4,,0,,9.3,,0,,9.3,,0,,7,E,35,E
6/6/2001,2001,6,6,,17,,8.1,,12.6,,5.4,,0,,9.8,,0,,9.8,,0,,,,<31,
6/7/2001,2001,6,7,,20,,2.8,,11.4,,6.6,,0,,0,,0,,0,,0,,,,<31,
6/8/2001,2001,6,8,,20.5,,6.2,,13.4,,4.6,,0,,0,,0,,0,,0,,,,<31,
6/9/2001,2001,6,9,,20.8,,9.7,,15.3,,2.7,,0,,0,,0,,0,,0,,,,<31,
6/10/2001,2001,6,10,,19.4,,9.8,,14.6,,3.4,,0,,2.1,,0,,2.1,,0,,3,E,46,E
6/11/2001,2001,6,11,,22.2,,5,,13.6,,4.4,,0,,0,T,0,,0,T,0,,,,<31,
6/12/2001,2001,6,12,,25.6,,3.5,,14.6,,3.4,,0,,0,T,0,,0,T,0,,,,<31,
6/13/2001,2001,6,13,,25.3,,8.5,,16.9,,1.1,,0,,0,T,0,,0,T,0,,12,E,46,E
6/14/2001,2001,6,14,,19.9,,9,,14.5,,3.5,,0,,1.8,,0,,1.8,,0,,,,<31,
6/15/2001,2001,6,15,,22.1,,5.9,,14,,4,,0,,1.2,,0,,1.2,,0,,,,<31,
6/16/2001,2001,6,16,,20.7,,12.6,,16.7,,1.3,,0,,0,,0,,0,,0,,8,E,32,E
6/17/2001,2001,6,17,,22.9,,5.9,,14.4,,3.6,,0,,0,,0,,0,,0,,,,<31,
6/18/2001,2001,6,18,,23.8,,6.2,,15,,3,,0,,0,,0,,0,,0,,,,<31,
6/19/2001,2001,6,19,,23.6,,8.1,,15.9,,2.1,,0,,0,,0,,0,,0,,,,<31,
6/20/2001,2001,6,20,,21.7,,7.9,,14.8,,3.2,,0,,0,T,0,,0,T,0,,,,<31,
6/21/2001,2001,6,21,,21.2,,8,,14.6,,3.4,,0,,0,,0,,0,,0,,,,<31,
6/22/2001,2001,6,22,,18.4,,9.8,,14.1,,3.9,,0,,8.2,,0,,8.2,,0,,33,E,48,E
6/23/2001,2001,6,23,,10.4,,4.2,,7.3,,10.7,,0,,11.4,,0,,11.4,,0,,9,E,44,E
6/24/2001,2001,6,24,,9.6,,2.8,,6.2,,11.8,,0,,0,T,0,,0,T,0,,,,<31,
6/25/2001,2001,6,25,,13.3,,6,,9.7,,8.3,,0,,0,,0,,0,,0,,,,<31,
6/26/2001,2001,6,26,,16.9,,3.2,,10.1,,7.9,,0,,0,T,0,,0,T,0,,12,,39,
6/27/2001,2001,6,27,,18.5,,7.1,,12.8,,5.2,,0,,0,T,0,,0,T,0,,11,E,37,E
6/28/2001,2001,6,28,,18.1,,12,,15.1,,2.9,,0,,0.8,,0,,0.8,,0,,8,E,33,E
6/29/2001,2001,6,29,,20.7,,9.5,,15.1,,2.9,,0,,5.4,,0,,5.4,,0,,12,E,41,E
6/30/2001,2001,6,30,,20.7,,8.3,,14.5,,3.5,,0,,0.3,,0,,0.3,,0,,,,<31,
7/1/2001,2001,7,1,,20.7,,6.8,,13.8,,4.2,,0,,0.5,,0,,0.5,,0,,,,<31,
7/2/2001,2001,7,2,,21.1,,6.7,,13.9,,4.1,,0,,0.4,,0,,0.4,,0,,15,E,37,E
7/3/2001,2001,7,3,,21.7,,8.8,,15.3,,2.7,,0,,0,T,0,,0,T,0,,,,<31,
7/4/2001,2001,7,4,,18.7,,11.4,,15.1,,2.9,,0,,3.2,,0,,3.2,,0,,27,E,37,E
7/5/2001,2001,7,5,,17.4,,10.6,,14,,4,,0,,0,,0,,0,,0,,25,E,37,E
7/6/2001,2001,7,6,,16.1,,9,,12.6,,5.4,,0,,0,T,0,,0,T,0,,,,<31,
7/7/2001,2001,7,7,,16.5,,9.5,,13,,5,,0,,0.6,,0,,0.6,,0,,,,<31,
7/8/2001,2001,7,8,,17.3,,3.2,,10.3,,7.7,,0,,0,,0,,0,,0,,,,<31,
7/9/2001,2001,7,9,,15.7,,8.3,,12,,6,,0,,7.9,,0,,7.9,,0,,29,E,32,E
7/10/2001,2001,7,10,,17.4,,3.9,,10.7,,7.3,,0,,1.6,,0,,1.6,,0,,,,<31,
7/11/2001,2001,7,11,,17.8,,8.4,,13.1,,4.9,,0,,2.9,,0,,2.9,,0,,,,<31,
7/12/2001,2001,7,12,,21.3,,4.2,,12.8,,5.2,,0,,0,,0,,0,,0,,,,<31,
7/13/2001,2001,7,13,,17.9,,10.2,,14.1,,3.9,,0,,0,T,0,,0,T,0,,,,<31,
7/14/2001,2001,7,14,,19.2,,8.4,,13.8,,4.2,,0,,0.6,,0,,0.6,,0,,,,<31,
7/15/2001,2001,7,15,,18.8,,10.8,,14.8,,3.2,,0,,8.9,,0,,8.9,,0,,,,<31,
7/16/2001,2001,7,16,,14.7,,10.8,,12.8,,5.2,,0,,9.2,,0,,9.2,,0,,,,<31,
7/17/2001,2001,7,17,,18.2,,9.5,,13.9,,4.1,,0,,1.6,,0,,1.6,,0,,,,<31,
7/18/2001,2001,7,18,,15.8,,7.5,,11.7,,6.3,,0,,3.8,,0,,3.8,,0,,,,<31,
7/19/2001,2001,7,19,,26.8,,12,,19.4,,0,,1.4,,1,,0,,1,,0,,,,<31,
7/20/2001,2001,7,20,,29.9,,9.9,,19.9,,0,,1.9,,0,,0,,0,,0,,,,<31,
7/21/2001,2001,7,21,,31.3,,13.8,,22.6,,0,,4.6,,0,,0,,0,,0,,,,<31,
7/22/2001,2001,7,22,,27.2,,12.2,,19.7,,0,,1.7,,9.2,,0,,9.2,,0,,,,<31,
7/23/2001,2001,7,23,,19.5,,11.6,,15.6,,2.4,,0,,0,T,0,,0,T,0,,,,<31,
7/24/2001,2001,7,24,,17.8,,10.5,,14.2,,3.8,,0,,0.8,,0,,0.8,,0,,,,<31,
7/25/2001,2001,7,25,,20.4,,9.2,,14.8,,3.2,,0,,0.6,,0,,0.6,,0,,,,<31,
7/26/2001,2001,7,26,,19.7,,6.9,,13.3,,4.7,,0,,0,,0,,0,,0,,,,<31,
7/27/2001,2001,7,27,,21.4,,9,,15.2,,2.8,,0,,3.2,,0,,3.2,,0,,,,<31,
7/28/2001,2001,7,28,,21.2,,7.9,,14.6,,3.4,,0,,0,T,0,,0,T,0,,33,E,33,E
7/29/2001,2001,7,29,,18.3,,8.2,,13.3,,4.7,,0,,0,T,0,,0,T,0,,28,E,41,E
7/30/2001,2001,7,30,,21.9,,8,,15,,3,,0,,0,T,0,,0,T,0,,,,<31,
7/31/2001,2001,7,31,,19.9,,4,,12,,6,,0,,0,,0,,0,,0,,,,<31,
8/1/2001,2001,8,1,,20.2,,11,,15.6,,2.4,,0,,0,,0,,0,,0,,,,<31,
8/2/2001,2001,8,2,,21.6,,10,,15.8,,2.2,,0,,1.8,,0,,1.8,,0,,,,<31,
8/3/2001,2001,8,3,,19.4,,10.2,,14.8,,3.2,,0,,12.9,,0,,12.9,,0,,9,E,52,E
8/4/2001,2001,8,4,,17.3,,11,,14.2,,3.8,,0,,3.6,,0,,3.6,,0,,,,<31,
8/5/2001,2001,8,5,,20.2,,11.5,,15.9,,2.1,,0,,4.7,,0,,4.7,,0,,32,E,41,E
8/6/2001,2001,8,6,,20.9,,9.7,,15.3,,2.7,,0,,0,T,0,,0,T,0,,,,<31,
8/7/2001,2001,8,7,,20.5,,8.9,,14.7,,3.3,,0,,0,,0,,0,,0,,,,<31,
8/8/2001,2001,8,8,,23.9,,7,,15.5,,2.5,,0,,0,,0,,0,,0,,,,<31,
8/9/2001,2001,8,9,,25.7,,7.4,,16.6,,1.4,,0,,0,,0,,0,,0,,,,<31,
8/10/2001,2001,8,10,,26.5,,8.2,,17.4,,0.6,,0,,0,,0,,0,,0,,,,<31,
8/11/2001,2001,8,11,,25.2,,8.2,,16.7,,1.3,,0,,0,,0,,0,,0,,,,<31,
8/12/2001,2001,8,12,,23.9,,9.4,,16.7,,1.3,,0,,0,,0,,0,,0,,,,<31,
8/13/2001,2001,8,13,,25.3,,7,,16.2,,1.8,,0,,0,,0,,0,,0,,,,<31,
8/14/2001,2001,8,14,,27.3,,7.6,,17.5,,0.5,,0,,0,,0,,0,,0,,,,<31,
8/15/2001,2001,8,15,,27.6,,7.9,,17.8,,0.2,,0,,0,,0,,0,,0,,,,<31,
8/16/2001,2001,8,16,,29.4,,9.4,,19.4,,0,,1.4,,0,,0,,0,,0,,,,<31,
8/17/2001,2001,8,17,,20.3,,6.1,,13.2,,4.8,,0,,0.8,,0,,0.8,,0,,,,<31,
8/18/2001,2001,8,18,,18.1,,8.8,,13.5,,4.5,,0,,6.3,,0,,6.3,,0,,,,<31,
8/19/2001,2001,8,19,,18.3,,10.2,,14.3,,3.7,,0,,1.8,,0,,1.8,,0,,,,<31,
8/20/2001,2001,8,20,,19,,9,,14,,4,,0,,0,,0,,0,,0,,,,<31,
8/21/2001,2001,8,21,,14.8,,6.6,,10.7,,7.3,,0,,1.4,,0,,1.4,,0,,9,E,61,E
8/22/2001,2001,8,22,,10.8,,6.6,,8.7,,9.3,,0,,0,T,0,,0,T,0,,,,<31,
8/23/2001,2001,8,23,,14.6,,7.9,,11.3,,6.7,,0,,0,T,0,,0,T,0,,,,<31,
8/24/2001,2001,8,24,,16.4,,1.9,,9.2,,8.8,,0,,0,T,0,,0,T,0,,,,<31,
8/25/2001,2001,8,25,,17.4,,2,,9.7,,8.3,,0,,0,,0,,0,,0,,,,<31,
8/26/2001,2001,8,26,,17.9,,6.8,,12.4,,5.6,,0,,2.4,,0,,2.4,,0,,29,E,32,E
8/27/2001,2001,8,27,,18.2,,10.1,,14.2,,3.8,,0,,6.8,,0,,6.8,,0,,24,E,46,E
8/28/2001,2001,8,28,,17.4,,2.4,,9.9,,8.1,,0,,0,,0,,0,,0,,,,<31,
8/29/2001,2001,8,29,,17.9,,3.6,,10.8,,7.2,,0,,0,,0,,0,,0,,,,<31,
8/30/2001,2001,8,30,,17.5,,8.9,,13.2,,4.8,,0,,2.2,,0,,2.2,,0,,,,<31,
8/31/2001,2001,8,31,,17.8,,9.4,,13.6,,4.4,,0,,0,T,0,,0,T,0,,,,<31,
9/1/2001,2001,9,1,,16.4,,2,,9.2,,8.8,,0,,0,T,0,,0,T,0,,,,<31,
9/2/2001,2001,9,2,,16,,2.8,,9.4,,8.6,,0,,0,,0,,0,,0,,,,<31,
9/3/2001,2001,9,3,,10.4,,1.2,,5.8,,12.2,,0,,1.6,,0,,1.6,,0,,,,<31,
9/4/2001,2001,9,4,,15.1,,5.6,,10.4,,7.6,,0,,0.6,,0,,0.6,,0,,,,<31,
9/5/2001,2001,9,5,,11.1,,1.8,,6.5,,11.5,,0,,12.4,,0,,12.4,,0,,,,<31,
9/6/2001,2001,9,6,,12,,3.6,,7.8,,10.2,,0,,1.4,,0,,1.4,,0,,28,E,35,E
9/7/2001,2001,9,7,,11.6,,2.2,,6.9,,11.1,,0,,3.7,,0,,3.7,,0,,18,E,41,E
9/8/2001,2001,9,8,,12.1,,6.7,,9.4,,8.6,,0,,2.2,,0,,2.2,,0,,30,E,48,E
9/9/2001,2001,9,9,,10.7,,4.8,,7.8,,10.2,,0,,4.9,,0,,4.9,,0,,,,<31,
9/10/2001,2001,9,10,,11.1,,2,,6.6,,11.4,,0,,0,,0,,0,,0,,,,<31,
9/11/2001,2001,9,11,,12.5,,-2.1,,5.2,,12.8,,0,,0,,0,,0,,0,,,,<31,
9/12/2001,2001,9,12,,12.1,,6.2,,9.2,,8.8,,0,,0,,0,,0,,0,,,,<31,
9/13/2001,2001,9,13,,17.1,,9.6,,13.4,,4.6,,0,,0,,0,,0,,0,,,,<31,
9/14/2001,2001,9,14,,19.8,,9.9,,14.9,,3.1,,0,,0,,0,,0,,0,,,,<31,
9/15/2001,2001,9,15,,16.9,,3,,10,,8,,0,,0,,0,,0,,0,,,,<31,
9/16/2001,2001,9,16,,13.5,,6.8,,10.2,,7.8,,0,,0,T,0,,0,T,0,,,,<31,
9/17/2001,2001,9,17,,17.3,,2.1,,9.7,,8.3,,0,,3.1,,0,,3.1,,0,,,,<31,
9/18/2001,2001,9,18,,12.2,,6.6,,9.4,,8.6,,0,,8.7,,0,,8.7,,0,,,,<31,
9/19/2001,2001,9,19,,6.8,,3.8,,5.3,,12.7,,0,,0.6,,0,,0.6,,0,,,,<31,
9/20/2001,2001,9,20,,10.5,,3.8,,7.2,,10.8,,0,,0,T,0,,0,T,0,,,,<31,
9/21/2001,2001,9,21,,9.2,,5,,7.1,,10.9,,0,,0.9,,0,,0.9,,0,,10,E,41,E
9/22/2001,2001,9,22,,11.9,,5.8,,8.9,,9.1,,0,,1.8,,0,,1.8,,0,,,,<31,
9/23/2001,2001,9,23,,12.1,,3.4,,7.8,,10.2,,0,,1.8,,0,,1.8,,0,,24,E,50,E
9/24/2001,2001,9,24,,11.5,,-0.8,,5.4,,12.6,,0,,0,T,0,,0,T,0,,,,<31,
9/25/2001,2001,9,25,,12.3,,4,,8.2,,9.8,,0,,0,T,0,,0,T,0,,,,<31,
9/26/2001,2001,9,26,,11.5,,4.2,,7.9,,10.1,,0,,0.8,,0,,0.8,,0,,,,<31,
9/27/2001,2001,9,27,,11.7,,-1,,5.4,,12.6,,0,,1,,0,,1,,0,,,,<31,
9/28/2001,2001,9,28,,10.5,,-2.8,,3.9,,14.1,,0,,0,T,0,,0,T,0,,,,<31,
9/29/2001,2001,9,29,,8.3,,1.3,,4.8,,13.2,,0,,0.3,,0,,0.3,,0,,,,<31,
9/30/2001,2001,9,30,,10.2,,3.1,,6.7,,11.3,,0,,1.1,,0,,1.1,,0,,,,<31,
10/1/2001,2001,10,1,,10.2,,-1.6,,4.3,,13.7,,0,,0,,0,,0,,0,,25,E,37,E
10/2/2001,2001,10,2,,10.2,,2.2,,6.2,,11.8,,0,,0,,0,,0,,0,,28,E,33,E
10/3/2001,2001,10,3,,10.1,,-4.4,,2.9,,15.1,,0,,0,,0,,0,,0,,,,<31,
10/4/2001,2001,10,4,,11.5,,-4.1,,3.7,,14.3,,0,,0,,0,,0,,0,,,,<31,
10/5/2001,2001,10,5,,11.7,,-1.7,,5,,13,,0,,0,,0,,0,,0,,,,<31,
10/6/2001,2001,10,6,,11.9,,-2.2,,4.9,,13.1,,0,,0.4,,0,,0.4,,0,,24,E,46,E
10/7/2001,2001,10,7,,5.7,,-2,,1.9,,16.1,,0,,0,T,0,,0,T,0,,,,<31,
10/8/2001,2001,10,8,,6.6,,0.8,,3.7,,14.3,,0,,3,,0,,3,,0,,,,<31,
10/9/2001,2001,10,9,,6.1,,-2.1,,2,,16,,0,,0.3,,0,,0.3,,0,,,,<31,
10/10/2001,2001,10,10,,9.8,,1.4,,5.6,,12.4,,0,,0,,0,,0,,0,,,,<31,
10/11/2001,2001,10,11,,8.5,,-2.4,,3.1,,14.9,,0,,0,,0,,0,,0,,,,<31,
10/12/2001,2001,10,12,,4.8,,0.5,,2.7,,15.3,,0,,0.4,,0,T,9.5,,0,,10,E,32,E
10/13/2001,2001,10,13,,5.1,,-2.1,,1.5,,16.5,,0,,0,,0,,0,,0,,25,E,32,E
10/14/2001,2001,10,14,,3.8,,-4.1,,-0.2,,18.2,,0,,0,,0,T,0,T,0,,,,<31,
10/15/2001,2001,10,15,,0,,-9,,-4.5,,22.5,,0,,0,,2.3,,3.4,,0,,9,E,57,E
10/16/2001,2001,10,16,,0,,-1.8,,-0.9,,18.9,,0,,0,,4.6,,4.1,,10,,10,E,39,E
10/17/2001,2001,10,17,,1.6,,-3.9,,-1.2,,19.2,,0,,0,,2.8,,1.4,,14,,,,<31,
10/18/2001,2001,10,18,,4.9,,0.6,,2.8,,15.2,,0,,0.8,,0,T,0.8,,10,,,,<31,
10/19/2001,2001,10,19,,4,,0.6,,2.3,,15.7,,0,,1.6,,0,,1.6,,3,,,,<31,
10/20/2001,2001,10,20,,3.3,,-2.1,,0.6,,17.4,,0,,0,,0,T,0,T,2,,,,<31,
10/21/2001,2001,10,21,,0.4,,-3.2,,-1.4,,19.4,,0,,0,,0,T,0,T,0,T,,,<31,
10/22/2001,2001,10,22,,-2.6,,-5.1,,-3.9,,21.9,,0,,0,,2.8,,2.1,,2,,,,<31,
10/23/2001,2001,10,23,,-2.2,,-5.2,,-3.7,,21.7,,0,,0,,0.2,,0.2,,5,,,,<31,
10/24/2001,2001,10,24,,-2.1,,-4.7,,-3.4,,21.4,,0,,0,,2.3,,1.4,,5,,,,<31,
10/25/2001,2001,10,25,,-3.7,,-5.6,,-4.7,,22.7,,0,,0,,0.4,,0.4,,6,,,,<31,
10/26/2001,2001,10,26,,-3.9,,-6.6,,-5.3,,23.3,,0,,0,,11.3,,6.5,,6,,9,E,52,E
10/27/2001,2001,10,27,,-5.2,,-7.2,,-6.2,,24.2,,0,,0,,0.2,,0.2,,12,,,,<31,
10/28/2001,2001,10,28,,-5,,-8.5,,-6.8,,24.8,,0,,0,,0.2,,0.2,,11,,14,E,32,E
10/29/2001,2001,10,29,,-4,,-12.5,,-8.3,,26.3,,0,,0,,4,,2.8,,10,,,,<31,
10/30/2001,2001,10,30,,-9.4,,-15.1,,-12.3,,30.3,,0,,0,,0,T,0,T,13,,,,<31,
10/31/2001,2001,10,31,,-3.3,,-15.5,,-9.4,,27.4,,0,,0,,3.8,,3,,15,,,,<31,
11/1/2001,2001,11,1,,-6.4,,-16.4,,-11.4,,29.4,,0,,0,,0,T,0,T,15,,,,<31,
11/2/2001,2001,11,2,,-2.3,,-10.7,,-6.5,,24.5,,0,,0,,0,T,0,T,14,,,,<31,
11/3/2001,2001,11,3,,1.9,,-13.6,,-5.9,,23.9,,0,,0,,0.6,,0.6,,14,,11,E,59,E
11/4/2001,2001,11,4,,-4.5,,-16.5,,-10.5,,28.5,,0,,0,,0,,0,,11,,,,<31,
11/5/2001,2001,11,5,,-10.8,,-18.1,,-14.5,,32.5,,0,,0,,0.4,,0.4,,11,,,,<31,
11/6/2001,2001,11,6,,-8.3,,-14.8,,-11.6,,29.6,,0,,0,,0,T,0,T,11,,,,<31,
11/7/2001,2001,11,7,,-9,,-12.1,,-10.6,,28.6,,0,,0,,3,,4.2,,10,,,,<31,
11/8/2001,2001,11,8,,-9.7,,-19.3,,-14.5,,32.5,,0,,0,,0.2,,0.2,,17,,,,<31,
11/9/2001,2001,11,9,,-11,,-19.7,,-15.4,,33.4,,0,,0,,0,,0,,16,,,,<31,
11/10/2001,2001,11,10,,-10.5,,-22.5,,-16.5,,34.5,,0,,0,,0.5,,0.4,,16,,,,<31,
11/11/2001,2001,11,11,,-8,,-12.8,,-10.4,,28.4,,0,,0,,0.9,,1.1,,17,,,,<31,
11/12/2001,2001,11,12,,-9,,-13.6,,-11.3,,29.3,,0,,0,,5.9,,5.4,,17,,,,<31,
11/13/2001,2001,11,13,,-7.5,,-10.5,,-9,,27,,0,,0,,2.5,,2,,22,,,,<31,
11/14/2001,2001,11,14,,-4.1,,-15.8,,-10,,28,,0,,0,,5.6,,6.2,,26,,,,<31,
11/15/2001,2001,11,15,,-8.3,,-17.8,,-13.1,,31.1,,0,,0,,4.5,,4.4,,26,,,,<31,
11/16/2001,2001,11,16,,-14.8,,-23.2,,-19,,37,,0,,0,,0,,0,,31,,,,<31,
11/17/2001,2001,11,17,,-7.2,,-23.2,,-15.2,,33.2,,0,,0,,0,,0,,30,,,,<31,
11/18/2001,2001,11,18,,-9.3,,-15.5,,-12.4,,30.4,,0,,0,,0,,0,,29,,,,<31,
11/19/2001,2001,11,19,,-9.2,,-19,,-14.1,,32.1,,0,,0,,0.2,,0.2,,28,,,,<31,
11/20/2001,2001,11,20,,-4.7,,-11.7,,-8.2,,26.2,,0,,0,,4.1,,3.3,,27,,,,<31,
11/21/2001,2001,11,21,,-4.2,,-9.3,,-6.8,,24.8,,0,,0,,2.6,,2.2,,30,,,,<31,
11/22/2001,2001,11,22,,-5,,-9,,-7,,25,,0,,0,,0,T,0,T,31,,,,<31,
11/23/2001,2001,11,23,,-3.8,,-11,,-7.4,,25.4,,0,,0,,1,,1.1,,32,,,,<31,
11/24/2001,2001,11,24,,-10.3,,-13.5,,-11.9,,29.9,,0,,0,,0.9,,0.8,,32,,,,<31,
11/25/2001,2001,11,25,,-12.9,,-30.8,,-21.9,,39.9,,0,,0,,0,T,0,T,33,,,,<31,
11/26/2001,2001,11,26,,-27.4,,-33.9,,-30.7,,48.7,,0,,0,,0,T,0,T,31,,,,<31,
11/27/2001,2001,11,27,,-26.2,,-35.2,,-30.7,,48.7,,0,,0,,0.4,,0.4,,31,,,,<31,
11/28/2001,2001,11,28,,-25.3,,-33.6,,-29.5,,47.5,,0,,0,,0.5,,0.4,,31,,,,<31,
11/29/2001,2001,11,29,,-19.7,,-29.7,,-24.7,,42.7,,0,,0,,6,,6.2,,32,,,,<31,
11/30/2001,2001,11,30,,-18.6,,-30,,-24.3,,42.3,,0,,0,,2.2,,2.6,,37,,,,<31,
12/1/2001,2001,12,1,,-21.5,,-28.4,,-25,,43,,0,,0,,5.1,,5,,38,,,,,
12/2/2001,2001,12,2,,-21.2,,-35,,-28.1,,46.1,,0,,0,,1.9,,1.5,,44,,,,,
12/3/2001,2001,12,3,,-31.2,,-40.2,,-35.7,,53.7,,0,,0,,0,T,0,T,43,,,,,
12/4/2001,2001,12,4,,-24.4,,-32.6,,-28.5,,46.5,,0,,0,,0.4,,0.4,,43,,,,,
12/5/2001,2001,12,5,,-22.3,,-27.4,,-24.9,,42.9,,0,,0,,2.2,,2.1,,43,,,,,
12/6/2001,2001,12,6,,-18.9,,-26.3,,-22.6,,40.6,,0,,0,,3.6,,3.2,,44,,,,,
12/7/2001,2001,12,7,,-18.9,,-30,,-24.5,,42.5,,0,,0,,13.8,,9,,46,,,,,
12/8/2001,2001,12,8,,-15,,-25.8,,-20.4,,38.4,,0,,0,,0.2,,0.2,,58,,,,,
12/9/2001,2001,12,9,,-16.3,,-30.8,,-23.6,,41.6,,0,,0,,3.5,,2.3,,58,,,,,
12/10/2001,2001,12,10,,-15.7,,-20.2,,-18,,36,,0,,0,,3.9,,2.1,,62,,,,,
12/11/2001,2001,12,11,,-15,,-17.2,,-16.1,,34.1,,0,,0,,0.4,,0.4,,62,,,,,
12/12/2001,2001,12,12,,-14.9,,-26.8,,-20.9,,38.9,,0,,0,,2.2,,2,,61,,,,,
12/13/2001,2001,12,13,,-16.7,,-25.8,,-21.3,,39.3,,0,,0,,3,,2,,60,,,,,
12/14/2001,2001,12,14,,-15.3,,-29.5,,-22.4,,40.4,,0,,0,,0.7,,0.5,,61,,,,,
12/15/2001,2001,12,15,,-25,,-32.3,,-28.7,,46.7,,0,,0,,0,T,0,T,60,,,,,
12/16/2001,2001,12,16,,-21.6,,-30.3,,-26,,44,,0,,0,,1.7,,1.7,,60,,,,,
12/17/2001,2001,12,17,,-30.2,,-39.4,,-34.8,,52.8,,0,,0,,0,T,0,T,60,,,,,
12/18/2001,2001,12,18,,-27.6,,-40,,-33.8,,51.8,,0,,0,,1.2,,1,,59,,,,,
12/19/2001,2001,12,19,,-27.4,,-37,,-32.2,,50.2,,0,,0,,0,T,0,T,60,,,,,
12/20/2001,2001,12,20,,-26.9,,-37.6,,-32.3,,50.3,,0,,0,,0.5,,0.4,,60,,,,,
12/21/2001,2001,12,21,,-21.7,,-30.1,,-25.9,,43.9,,0,,0,,0,,0,,60,,,,,
12/22/2001,2001,12,22,,-22.5,,-30,,-26.3,,44.3,,0,,0,,0,,0,,60,,,,,
12/23/2001,2001,12,23,,-13.9,,-22.9,,-18.4,,36.4,,0,,0,,0,T,0,T,60,,,,,
12/24/2001,2001,12,24,,-0.6,,-14.8,,-7.7,,25.7,,0,,0,,0,,0,,60,,,,,
12/25/2001,2001,12,25,,-12.4,,-19,,-15.7,,33.7,,0,,0,,0,,0,,58,,,,,
12/26/2001,2001,12,26,,-11.9,,-19.7,,-15.8,,33.8,,0,,0,,0,,0,,58,,,,,
12/27/2001,2001,12,27,,-9.7,,-14,,-11.9,,29.9,,0,,0,,0,,0,,58,,,,,
12/28/2001,2001,12,28,,-11.7,,-22.9,,-17.3,,35.3,,0,,0,,0,T,0,T,58,,,,,
12/29/2001,2001,12,29,,-14.1,,-17.9,,-16,,34,,0,,0,,0,T,0,T,58,,,,,
12/30/2001,2001,12,30,,-15.9,,-20.3,,-18.1,,36.1,,0,,0,,0,T,0,T,58,,,,,
12/31/2001,2001,12,31,,-19,,-30,,-24.5,,42.5,,0,,0,,0,T,0,T,58,,,,,
1/1/2002,2002,1,1,,-23.5,,-30.7,,-27.1,,45.1,,0,,0,,1.4,,0.6,,51,,,,,
1/2/2002,2002,1,2,,-20.5,,-28.5,,-24.5,,42.5,,0,,0,,0.5,,0.5,,54,,,,,
1/3/2002,2002,1,3,,-15,,-20.9,,-18,,36,,0,,0,,0.2,,0.2,,54,,,,,
1/4/2002,2002,1,4,,-18.3,,-27.9,,-23.1,,41.1,,0,,0,,0,,0,,54,,,,,
1/5/2002,2002,1,5,,-18.8,,-28.3,,-23.6,,41.6,,0,,0,,0,T,0,T,53,,,,,
1/6/2002,2002,1,6,,-15.4,,-21,,-18.2,,36.2,,0,,0,,0,T,0,T,53,,,,,
1/7/2002,2002,1,7,,-12.3,,-17.9,,-15.1,,33.1,,0,,0,,0,T,0,T,53,,,,,
1/8/2002,2002,1,8,,-12.2,,-19.4,,-15.8,,33.8,,0,,0,,0,,0,,53,,,,,
1/9/2002,2002,1,9,,-8.4,,-19.5,,-14,,32,,0,,0,,0,,0,,53,,,,,
1/10/2002,2002,1,10,,-6.6,,-18.9,,-12.8,,30.8,,0,,0,,0,,0,,53,,,,,
1/11/2002,2002,1,11,,-13.2,,-20.7,,-17,,35,,0,,0,,0,T,0,T,52,,,,,
1/12/2002,2002,1,12,,-6.5,,-19.4,,-13,,31,,0,,0,,4.2,,4.1,,53,,,,,
1/13/2002,2002,1,13,,-16.8,,-25.9,,-21.4,,39.4,,0,,0,,0,,0,,55,,,,,
1/14/2002,2002,1,14,,-14.2,,-24.2,,-19.2,,37.2,,0,,0,,2.3,,1.8,,55,,,,,
1/15/2002,2002,1,15,,-13.5,,-25.2,,-19.4,,37.4,,0,,0,,3,,2.4,,58,,,,,
1/16/2002,2002,1,16,,-9.8,,-14.5,,-12.2,,30.2,,0,,0,,3.2,,2.4,,61,,,,,
1/17/2002,2002,1,17,,-12.3,,-24.9,,-18.6,,36.6,,0,,0,,0,,0,,63,,,,,
1/18/2002,2002,1,18,,-11.3,,-19,,-15.2,,33.2,,0,,0,,5.3,,5.3,,62,,,,,
1/19/2002,2002,1,19,,-9.4,,-15.1,,-12.3,,30.3,,0,,0,,8.7,,4.5,,65,,,,,
1/20/2002,2002,1,20,,-9.8,,-19.3,,-14.6,,32.6,,0,,0,,5,,3.8,,75,,,,,
1/21/2002,2002,1,21,,-17.9,,-27.4,,-22.7,,40.7,,0,,0,,0.2,,0.2,,74,,,,,
1/22/2002,2002,1,22,,-27.4,,-40,,-33.7,,51.7,,0,,0,,0,T,0,T,73,,,,,
1/23/2002,2002,1,23,,-26.5,,-41.5,,-34,,52,,0,,0,,2.3,,2,,72,,,,,
1/24/2002,2002,1,24,,-20.5,,-27.2,,-23.9,,41.9,,0,,0,,2.8,,2.3,,73,,,,,
1/25/2002,2002,1,25,,-22.1,,-36.5,,-29.3,,47.3,,0,,0,,0.4,,0.4,,74,,,,,
1/26/2002,2002,1,26,,-34,,-44,,-39,,57,,0,,0,,0,,0,,71,,,,,
1/27/2002,2002,1,27,,-34.3,,-44.3,,-39.3,,57.3,,0,,0,,0,,0,,71,,,,,
1/28/2002,2002,1,28,,-30.5,,-44.8,,-37.7,,55.7,,0,,0,,0,T,0,T,70,,,,,
1/29/2002,2002,1,29,,-21.4,,-32.9,,-27.2,,45.2,,0,,0,,0.2,,0.2,,70,,,,,
1/30/2002,2002,1,30,,-15.8,,-24.8,,-20.3,,38.3,,0,,0,,0.2,,0.2,,70,,,,,
1/31/2002,2002,1,31,,-20.9,,-31.2,,-26.1,,44.1,,0,,0,,0,T,0,T,70,,,,,
2/1/2002,2002,2,1,,-17.4,,-30.7,,-24.1,,42.1,,0,,0,,0,,0,,69,,,,,
2/2/2002,2002,2,2,,-16.9,,-31,,-24,,42,,0,,0,,0.8,,0.8,,68,,,,,
2/3/2002,2002,2,3,,-9.8,,-25,,-17.4,,35.4,,0,,0,,3.8,,2.9,,70,,,,,
2/4/2002,2002,2,4,,-11.8,,-27.2,,-19.5,,37.5,,0,,0,,1.8,,1.8,,70,,,,,
2/5/2002,2002,2,5,,-16.1,,-29.6,,-22.9,,40.9,,0,,0,,0,,0,,70,,,,,
2/6/2002,2002,2,6,,-21.6,,-32.2,,-26.9,,44.9,,0,,0,,0,,0,,70,,,,,
2/7/2002,2002,2,7,,-19.7,,-32.1,,-25.9,,43.9,,0,,0,,0,T,0,T,70,,,,,
2/8/2002,2002,2,8,,-20.8,,-36.7,,-28.8,,46.8,,0,,0,,0,,0,,69,,,,,
2/9/2002,2002,2,9,,-20.1,,-34.4,,-27.3,,45.3,,0,,0,,3.9,,3.7,,68,,,,,
2/10/2002,2002,2,10,,-15,,-24.2,,-19.6,,37.6,,0,,0,,0,T,0,T,72,,,,,
2/11/2002,2002,2,11,,-1.4,,-18.5,,-10,,28,,0,,0,,0,,0,,72,,,,,
2/12/2002,2002,2,12,,4,,-5.4,,-0.7,,18.7,,0,,0,,0,,0,,70,,,,,
2/13/2002,2002,2,13,,-0.3,,-15,,-7.7,,25.7,,0,,0,,0,T,0,T,69,,,,,
2/14/2002,2002,2,14,,4.4,,-10.2,,-2.9,,20.9,,0,,0,,0,,0,,68,,,,,
2/15/2002,2002,2,15,,1.4,,-10,,-4.3,,22.3,,0,,0,,0.4,,0.4,,67,,,,,
2/16/2002,2002,2,16,,1.4,,-10.6,,-4.6,,22.6,,0,,0,,0,T,0,T,67,,,,,
2/17/2002,2002,2,17,,-4.2,,-23.8,,-14,,32,,0,,0,,0,,0,,67,,,,,
2/18/2002,2002,2,18,,-7.7,,-23,,-15.4,,33.4,,0,,0,,0.3,,0.4,,67,,,,,
2/19/2002,2002,2,19,,-8.6,,-24.7,,-16.7,,34.7,,0,,0,,3.9,,2.8,,67,,,,,
2/20/2002,2002,2,20,,-1.1,,-14.6,,-7.9,,25.9,,0,,0,,3.7,,3.3,,72,,,,,
2/21/2002,2002,2,21,,-8.6,,-23.2,,-15.9,,33.9,,0,,0,,0,T,0,T,72,,,,,
2/22/2002,2002,2,22,,-9.6,,-25.2,,-17.4,,35.4,,0,,0,,0,,0,,72,,,,,
2/23/2002,2002,2,23,,-14.1,,-33.2,,-23.7,,41.7,,0,,0,,0,,0,,71,,,,,
2/24/2002,2002,2,24,,-15.3,,-37.6,,-26.5,,44.5,,0,,0,,0,,0,,72,,,,,
2/25/2002,2002,2,25,,-15,,-33.6,,-24.3,,42.3,,0,,0,,0,T,0,T,71,,,,,
2/26/2002,2002,2,26,,-6.8,,-26.6,,-16.7,,34.7,,0,,0,,0,T,0,T,71,,,,,
2/27/2002,2002,2,27,,-2.6,,-12.3,,-7.5,,25.5,,0,,0,,5.2,,4.5,,76,,,,,
2/28/2002,2002,2,28,,-7.6,,-19.8,,-13.7,,31.7,,0,,0,,3.3,,2.1,,79,,,,,
3/1/2002,2002,3,1,,-4.1,,-17,,-10.6,,28.6,,0,,0,,0,T,0,T,78,,,,<31,
3/2/2002,2002,3,2,,6.3,,-13.3,,-3.5,,21.5,,0,,0,,1,,0.8,,77,,15,E,39,E
3/3/2002,2002,3,3,,2.7,,-10,,-3.7,,21.7,,0,,0,T,4.1,,2.2,,73,,26,E,44,E
3/4/2002,2002,3,4,,-7.1,,-17,,-12.1,,30.1,,0,,0,,1.5,,1,,77,,,,<31,
3/5/2002,2002,3,5,,-11.5,,-31.8,,-21.7,,39.7,,0,,0,,0,T,0,T,76,,,,<31,
3/6/2002,2002,3,6,,-13.4,,-36.1,,-24.8,,42.8,,0,,0,,0,,0,,76,,,,<31,
3/7/2002,2002,3,7,,-10.5,,-32.1,,-21.3,,39.3,,0,,0,,0.2,,0.2,,74,,,,<31,
3/8/2002,2002,3,8,,-11.3,,-33.2,,-22.3,,40.3,,0,,0,,0,T,0,T,74,,,,<31,
3/9/2002,2002,3,9,,-14.2,,-24,,-19.1,,37.1,,0,,0,,0.4,,0.2,,73,,12,E,50,E
3/10/2002,2002,3,10,,-17.4,,-28.9,,-23.2,,41.2,,0,,0,,0,,0,,72,,,,<31,
3/11/2002,2002,3,11,,-15.1,,-30.5,,-22.8,,40.8,,0,,0,,1.8,,1.8,,72,,,,<31,
3/12/2002,2002,3,12,,-15.8,,-21.7,,-18.8,,36.8,,0,,0,,2.1,,2.2,,74,,,,<31,
3/13/2002,2002,3,13,,-13.3,,-32.7,,-23,,41,,0,,0,,0,T,0,T,74,,,,<31,
3/14/2002,2002,3,14,,-11.8,,-36.3,,-24.1,,42.1,,0,,0,,0,,0,,73,,,,<31,
3/15/2002,2002,3,15,,-7.5,,-35,,-21.3,,39.3,,0,,0,,0,,0,,73,,,,<31,
3/16/2002,2002,3,16,,-7.2,,-34,,-20.6,,38.6,,0,,0,,0,,0,,73,,,,<31,
3/17/2002,2002,3,17,,-8.6,,-33.1,,-20.9,,38.9,,0,,0,,0,,0,,73,,,,<31,
3/18/2002,2002,3,18,,-9.5,,-31.1,,-20.3,,38.3,,0,,0,,0,,0,,73,,,,<31,
3/19/2002,2002,3,19,,-6.7,,-34.5,,-20.6,,38.6,,0,,0,,0,,0,,72,,,,<31,
3/20/2002,2002,3,20,,-3.6,,-31.6,,-17.6,,35.6,,0,,0,,0,,0,,72,,,,<31,
3/21/2002,2002,3,21,,0.3,,-28.6,,-14.2,,32.2,,0,,0,,0,,0,,72,,,,<31,
3/22/2002,2002,3,22,,2.2,,-26.2,,-12,,30,,0,,0,,0,,0,,72,,,,<31,
3/23/2002,2002,3,23,,0.9,,-6.4,,-2.8,,20.8,,0,,0,,2.5,,1.6,,72,,,,<31,
3/24/2002,2002,3,24,,1,,-7.4,,-3.2,,21.2,,0,,0,,0.6,,0.7,,74,,,,<31,
3/25/2002,2002,3,25,,4.6,,-12.6,,-4,,22,,0,,0,,0,T,0,T,74,,,,<31,
3/26/2002,2002,3,26,,6.2,,-4.3,,1,,17,,0,,0,,0.2,,0.2,,73,,,,<31,
3/27/2002,2002,3,27,,3.3,,-5.8,,-1.3,,19.3,,0,,0,,0.6,,0.6,,70,,,,<31,
3/28/2002,2002,3,28,,0.5,,-8,,-3.8,,21.8,,0,,0,,0,T,0,T,69,,,,<31,
3/29/2002,2002,3,29,,3.2,,-11.1,,-4,,22,,0,,0,,0,T,0,T,68,,,,<31,
3/30/2002,2002,3,30,,-1,,-13.1,,-7.1,,25.1,,0,,0,,0,,0,,67,,,,<31,
3/31/2002,2002,3,31,,-6.3,,-13.5,,-9.9,,27.9,,0,,0,,0,T,0,T,68,,,,<31,
4/1/2002,2002,4,1,,-6.5,,-23.8,,-15.2,,33.2,,0,,0,,0,T,0,T,68,,,,<31,
4/2/2002,2002,4,2,,-4.3,,-29,,-16.7,,34.7,,0,,0,,0,,0,,68,,,,<31,
4/3/2002,2002,4,3,,-4,,-26,,-15,,33,,0,,0,,0,,0,,68,,,,<31,
4/4/2002,2002,4,4,,-4.8,,-18.3,,-11.6,,29.6,,0,,0,,0,T,0,T,68,,,,<31,
4/5/2002,2002,4,5,,-3.9,,-29.6,,-16.8,,34.8,,0,,0,,0,,0,,67,,,,<31,
4/6/2002,2002,4,6,,-1.6,,-27.1,,-14.4,,32.4,,0,,0,,0,,0,,67,,,,<31,
4/7/2002,2002,4,7,,-1.4,,-23.7,,-12.6,,30.6,,0,,0,,0,,0,,67,,,,<31,
4/8/2002,2002,4,8,,0,,-26.9,,-13.5,,31.5,,0,,0,,0,,0,,67,,,,<31,
4/9/2002,2002,4,9,,2.9,,-24.5,,-10.8,,28.8,,0,,0,,0,,0,,67,,,,<31,
4/10/2002,2002,4,10,,3.2,,-15.4,,-6.1,,24.1,,0,,0,,0,T,0,T,67,,,,<31,
4/11/2002,2002,4,11,,3.6,,-15.9,,-6.2,,24.2,,0,,0,,0,,0,,66,,,,<31,
4/12/2002,2002,4,12,,4.5,,-12.8,,-4.2,,22.2,,0,,0,,0,,0,,66,,,,<31,
4/13/2002,2002,4,13,,5.4,,-12.5,,-3.6,,21.6,,0,,0,,0,,0,,65,,,,<31,
4/14/2002,2002,4,14,,2.3,,-7.1,,-2.4,,20.4,,0,,0,,0,T,0,T,62,,,,<31,
4/15/2002,2002,4,15,,4.1,,-6.6,,-1.3,,19.3,,0,,0,,0,T,0,T,62,,,,<31,
4/16/2002,2002,4,16,,2,,-14.2,,-6.1,,24.1,,0,,0,,0,,0,,62,,,,<31,
4/17/2002,2002,4,17,,4.7,,-15.6,,-5.5,,23.5,,0,,0,,0,,0,,62,,,,<31,
4/18/2002,2002,4,18,,9.6,,-14.5,,-2.5,,20.5,,0,,0,,0,,0,,62,,,,<31,
4/19/2002,2002,4,19,,9.1,,-2.4,,3.4,,14.6,,0,,0,,0,,0,,57,,,,<31,
4/20/2002,2002,4,20,,7.5,,-1.7,,2.9,,15.1,,0,,0.4,,0,,0.4,,45,,26,E,48,E
4/21/2002,2002,4,21,,4.8,,-1.3,,1.8,,16.2,,0,,0,,0,T,0,T,40,,24,E,37,E
4/22/2002,2002,4,22,,-0.1,,-7.2,,-3.7,,21.7,,0,,0,,4.5,,3.6,,32,,,,<31,
4/23/2002,2002,4,23,,4,,-16.1,,-6.1,,24.1,,0,,0,,0,,0,,34,,,,<31,
4/24/2002,2002,4,24,,3.2,,-14.2,,-5.5,,23.5,,0,,0,,0,,0,,34,,,,<31,
4/25/2002,2002,4,25,,4.7,,-13,,-4.2,,22.2,,0,,0,,0,,0,,33,,,,<31,
4/26/2002,2002,4,26,,4.5,,-12.2,,-3.9,,21.9,,0,,0,,0,,0,,30,,,,<31,
4/27/2002,2002,4,27,,11.4,,-2.6,,4.4,,13.6,,0,,0,,0,,0,,29,,30,E,59,E
4/28/2002,2002,4,28,,13.8,,-3.4,,5.2,,12.8,,0,,0,,0,,0,,26,,30,E,63,E
4/29/2002,2002,4,29,,15.9,,-1.8,,7.1,,10.9,,0,,0,,0,,0,,20,,30,E,46,E
4/30/2002,2002,4,30,,18.5,,-1.9,,8.3,,9.7,,0,,0,,0,,0,,17,,,,<31,
5/1/2002,2002,5,1,,15.5,,0.9,,8.2,,9.8,,0,,0,,0,,0,,8,,27,E,52,E
5/2/2002,2002,5,2,,4.1,,-7.7,,-1.8,,19.8,,0,,0,,3.8,,2.3,,10,,35,E,39,E
5/3/2002,2002,5,3,,-1.9,,-16,,-9,,27,,0,,0,,0,T,0,T,6,,,,<31,
5/4/2002,2002,5,4,,-3,,-9.1,,-6.1,,24.1,,0,,0,,0,T,0,T,2,,,,<31,
5/5/2002,2002,5,5,,0,,-14,,-7,,25,,0,,0,,0,,0,,2,,,,<31,
5/6/2002,2002,5,6,,5.4,,-11.1,,-2.9,,20.9,,0,,0,,0,,0,,2,,,,<31,
5/7/2002,2002,5,7,,10.1,,-9.8,,0.2,,17.8,,0,,0,,0,,0,,2,,,,<31,
5/8/2002,2002,5,8,,11.7,,-5.3,,3.2,,14.8,,0,,0,,0,,0,,2,,,,<31,
5/9/2002,2002,5,9,,10.8,,-4,,3.4,,14.6,,0,,0,,0,,0,,0,T,,,<31,
5/10/2002,2002,5,10,,9.7,,2,,5.9,,12.1,,0,,1,,0,,1,,0,,,,<31,
5/11/2002,2002,5,11,,11.8,,1.2,,6.5,,11.5,,0,,0,T,0,,0,T,0,,,,<31,
5/12/2002,2002,5,12,,12.2,,3.5,,7.9,,10.1,,0,,0,T,0,,0,T,0,,,,<31,
5/13/2002,2002,5,13,,14.5,,0,,7.3,,10.7,,0,,1,,0,,1,,0,,,,<31,
5/14/2002,2002,5,14,,8.4,,3.3,,5.9,,12.1,,0,,9.7,,0,,9.7,,0,,,,<31,
5/15/2002,2002,5,15,,10.9,,-0.5,,5.2,,12.8,,0,,0.4,,0,,0.4,,0,,,,<31,
5/16/2002,2002,5,16,,16.2,,-2.5,,6.9,,11.1,,0,,0,,0,,0,,0,,,,<31,
5/17/2002,2002,5,17,,18.1,,3.4,,10.8,,7.2,,0,,0,,0,,0,,0,,,,<31,
5/18/2002,2002,5,18,,13.1,,6.1,,9.6,,8.4,,0,,1,,0,,1,,0,,,,<31,
5/19/2002,2002,5,19,,13.7,,1,,7.4,,10.6,,0,,0.8,,0,,0.8,,0,,,,<31,
5/20/2002,2002,5,20,,15.6,,-1.1,,7.3,,10.7,,0,,0,,0,,0,,0,,,,<31,
5/21/2002,2002,5,21,,15.4,,5.9,,10.7,,7.3,,0,,0,,0,,0,,0,,,,<31,
5/22/2002,2002,5,22,,15,,5,,10,,8,,0,,0,,0,,0,,0,,,,<31,
5/23/2002,2002,5,23,,17.5,,-0.9,,8.3,,9.7,,0,,0,,0,,0,,0,,,,<31,
5/24/2002,2002,5,24,,20,,5.3,,12.7,,5.3,,0,,0,,0,,0,,0,,,,<31,
5/25/2002,2002,5,25,,23.5,,2.5,,13,,5,,0,,0,,0,,0,,0,,,,<31,
5/26/2002,2002,5,26,,24.1,,3.9,,14,,4,,0,,0,,0,,0,,0,,,,<31,
5/27/2002,2002,5,27,,19.7,,9.6,,14.7,,3.3,,0,,0,,0,,0,,0,,,,<31,
5/28/2002,2002,5,28,,14.3,,5,,9.7,,8.3,,0,,0.6,,0,,0.6,,0,,,,<31,
5/29/2002,2002,5,29,,15.9,,4.5,,10.2,,7.8,,0,,1.2,,0,,1.2,,0,,,,<31,
5/30/2002,2002,5,30,,15,,6.2,,10.6,,7.4,,0,,0,,0,,0,,0,,,,<31,
5/31/2002,2002,5,31,,18.1,,0.5,,9.3,,8.7,,0,,0,,0,,0,,0,,,,<31,
6/1/2002,2002,6,1,,16.2,,2.1,,9.2,,8.8,,0,,0,,0,,0,,0,,,,<31,
6/2/2002,2002,6,2,,18.4,,0.9,,9.7,,8.3,,0,,0.5,,0,,0.5,,0,,,,<31,
6/3/2002,2002,6,3,,19.7,,3.6,,11.7,,6.3,,0,,0,,0,,0,,0,,,,<31,
6/4/2002,2002,6,4,,15.7,,8.1,,11.9,,6.1,,0,,6.7,,0,,6.7,,0,,,,<31,
6/5/2002,2002,6,5,,16.6,,4,,10.3,,7.7,,0,,0,,0,,0,,0,,,,<31,
6/6/2002,2002,6,6,,16,,6.5,,11.3,,6.7,,0,,8,,0,,8,,0,,,,<31,
6/7/2002,2002,6,7,,13.3,,8.5,,10.9,,7.1,,0,,9.4,,0,,9.4,,0,,,,<31,
6/8/2002,2002,6,8,,22.1,,5.9,,14,,4,,0,,0,,0,,0,,0,,,,<31,
6/9/2002,2002,6,9,,21.6,,7.4,,14.5,,3.5,,0,,0,,0,,0,,0,,,,<31,
6/10/2002,2002,6,10,,18.4,,9.4,,13.9,,4.1,,0,,0,T,0,,0,T,0,,,,<31,
6/11/2002,2002,6,11,,18.6,,0.7,,9.7,,8.3,,0,,0,,0,,0,,0,,,,<31,
6/12/2002,2002,6,12,,20.8,,3.4,,12.1,,5.9,,0,,0,,0,,0,,0,,,,<31,
6/13/2002,2002,6,13,,24.3,,4.6,,14.5,,3.5,,0,,0,,0,,0,,0,,,,<31,
6/14/2002,2002,6,14,,27.3,,6.6,,17,,1,,0,,0,T,0,,0,T,0,,,,<31,
6/15/2002,2002,6,15,,23.1,,9.6,,16.4,,1.6,,0,,0,T,0,,0,T,0,,,,<31,
6/16/2002,2002,6,16,,17.9,,9.2,,13.6,,4.4,,0,,6.5,,0,,6.5,,0,,,,<31,
6/17/2002,2002,6,17,,21,,4.6,,12.8,,5.2,,0,,0,,0,,0,,0,,,,<31,
6/18/2002,2002,6,18,,19.3,,10.5,,14.9,,3.1,,0,,0,T,0,,0,T,0,,31,E,70,E
6/19/2002,2002,6,19,,20.6,,3.1,,11.9,,6.1,,0,,0,,0,,0,,0,,,,<31,
6/20/2002,2002,6,20,,16.7,,8.4,,12.6,,5.4,,0,,0,T,0,,0,T,0,,29,E,41,E
6/21/2002,2002,6,21,,22.2,,0.5,,11.4,,6.6,,0,,0,,0,,0,,0,,,,<31,
6/22/2002,2002,6,22,,23,,6.3,,14.7,,3.3,,0,,0,,0,,0,,0,,,,<31,
6/23/2002,2002,6,23,,19.9,,6,,13,,5,,0,,0,T,0,,0,T,0,,,,<31,
6/24/2002,2002,6,24,,19.4,,11.5,,15.5,,2.5,,0,,0.6,,0,,0.6,,0,,,,<31,
6/25/2002,2002,6,25,,21.7,,7.1,,14.4,,3.6,,0,,0,T,0,,0,T,0,,,,<31,
6/26/2002,2002,6,26,,21.2,,10.7,,16,,2,,0,,1.8,,0,,1.8,,0,,20,E,39,E
6/27/2002,2002,6,27,,18.1,,7.5,,12.8,,5.2,,0,,0,,0,,0,,0,,,,<31,
6/28/2002,2002,6,28,,21.6,,5.4,,13.5,,4.5,,0,,0,,0,,0,,0,,,,<31,
6/29/2002,2002,6,29,,22.5,,2.3,,12.4,,5.6,,0,,0.8,,0,,0.8,,0,,,,<31,
6/30/2002,2002,6,30,,19.3,,11.9,,15.6,,2.4,,0,,4.3,,0,,4.3,,0,,,,<31,
7/1/2002,2002,7,1,,17.1,,9.8,,13.5,,4.5,,0,,4.4,,0,,4.4,,0,,,,<31,
7/2/2002,2002,7,2,,18.4,,8.3,,13.4,,4.6,,0,,0,,0,,0,,0,,,,<31,
7/3/2002,2002,7,3,,21.7,,10.6,,16.2,,1.8,,0,,9.2,,0,,9.2,,0,,,,<31,
7/4/2002,2002,7,4,,18.3,,9.1,,13.7,,4.3,,0,,17.2,,0,,17.2,,0,,,,<31,
7/5/2002,2002,7,5,,17.8,,8.5,,13.2,,4.8,,0,,0.6,,0,,0.6,,0,,26,E,43,E
7/6/2002,2002,7,6,,21.2,,6.7,,14,,4,,0,,0,T,0,,0,T,0,,,,<31,
7/7/2002,2002,7,7,,25.1,,6.3,,15.7,,2.3,,0,,0,,0,,0,,0,,,,<31,
7/8/2002,2002,7,8,,26.5,,7.4,,17,,1,,0,,0,,0,,0,,0,,,,<31,
7/9/2002,2002,7,9,,19.7,,10.2,,15,,3,,0,,21.4,,0,,21.4,,0,,,,<31,
7/10/2002,2002,7,10,,19.2,,5.9,,12.6,,5.4,,0,,0,,0,,0,,0,,,,<31,
7/11/2002,2002,7,11,,18,,9.5,,13.8,,4.2,,0,,0.5,,0,,0.5,,0,,24,E,37,E
7/12/2002,2002,7,12,,19.6,,1,,10.3,,7.7,,0,,0,,0,,0,,0,,,,<31,
7/13/2002,2002,7,13,,15.7,,9.5,,12.6,,5.4,,0,,3.6,,0,,3.6,,0,,,,<31,
7/14/2002,2002,7,14,,14.9,,8.5,,11.7,,6.3,,0,,5.5,,0,,5.5,,0,,,,<31,
7/15/2002,2002,7,15,,21.3,,7.9,,14.6,,3.4,,0,,0,T,0,,0,T,0,,,,<31,
7/16/2002,2002,7,16,,21.7,,7.9,,14.8,,3.2,,0,,1.6,,0,,1.6,,0,,,,<31,
7/17/2002,2002,7,17,,16.6,,7.8,,12.2,,5.8,,0,,15,,0,,15,,0,,,,<31,
7/18/2002,2002,7,18,,19,,8.5,,13.8,,4.2,,0,,1,,0,,1,,0,,,,<31,
7/19/2002,2002,7,19,,20.4,,9.3,,14.9,,3.1,,0,,11.8,,0,,11.8,,0,,,,<31,
7/20/2002,2002,7,20,,22.4,,10,,16.2,,1.8,,0,,6.8,,0,,6.8,,0,,,,<31,
7/21/2002,2002,7,21,,21,,7.1,,14.1,,3.9,,0,,0,,0,,0,,0,,,,<31,
7/22/2002,2002,7,22,,23.9,,12.5,,18.2,,0,,0.2,,0,,0,,0,,0,,,,<31,
7/23/2002,2002,7,23,,26,,10.3,,18.2,,0,,0.2,,0,,0,,0,,0,,,,<31,
7/24/2002,2002,7,24,,24.1,,15.1,,19.6,,0,,1.6,,0.2,,0,,0.2,,0,,,,<31,
7/25/2002,2002,7,25,,21.1,,9.2,,15.2,,2.8,,0,,0,T,0,,0,T,0,,26,E,39,E
7/26/2002,2002,7,26,,20.6,,11.6,,16.1,,1.9,,0,,0,,0,,0,,0,,24,E,39,E
7/27/2002,2002,7,27,,18.4,,4.7,,11.6,,6.4,,0,,0,T,0,,0,T,0,,,,<31,
7/28/2002,2002,7,28,,15.9,,9.4,,12.7,,5.3,,0,,0.4,,0,,0.4,,0,,29,E,46,E
7/29/2002,2002,7,29,,13,,8.1,,10.6,,7.4,,0,,16,,0,,16,,0,,,,<31,
7/30/2002,2002,7,30,,14.3,,6.4,,10.4,,7.6,,0,,1.2,,0,,1.2,,0,,,,<31,
7/31/2002,2002,7,31,,17,,7.9,,12.5,,5.5,,0,,3.3,,0,,3.3,,0,,36,E,41,E
8/1/2002,2002,8,1,,11.3,,5.4,,8.4,,9.6,,0,,1.2,,0,,1.2,,0,,,,<31,
8/2/2002,2002,8,2,,14.4,,1,,7.7,,10.3,,0,,0,,0,,0,,0,,,,<31,
8/3/2002,2002,8,3,,14.6,,4.9,,9.8,,8.2,,0,,0,T,0,,0,T,0,,,,<31,
8/4/2002,2002,8,4,,17.1,,4.2,,10.7,,7.3,,0,,0,,0,,0,,0,,,,<31,
8/5/2002,2002,8,5,,21.3,,3.5,,12.4,,5.6,,0,,0,,0,,0,,0,,,,<31,
8/6/2002,2002,8,6,,23.5,,7.6,,15.6,,2.4,,0,,0,,0,,0,,0,,,,<31,
8/7/2002,2002,8,7,,18.2,,8.8,,13.5,,4.5,,0,,0.5,,0,,0.5,,0,,,,<31,
8/8/2002,2002,8,8,,19.5,,10.5,,15,,3,,0,,4,,0,,4,,0,,,,<31,
8/9/2002,2002,8,9,,18.6,,10.5,,14.6,,3.4,,0,,3.6,,0,,3.6,,0,,23,E,39,E
8/10/2002,2002,8,10,,18.4,,8.5,,13.5,,4.5,,0,,1.6,,0,,1.6,,0,,,,<31,
8/11/2002,2002,8,11,,15.4,,7,,11.2,,6.8,,0,,0,T,0,,0,T,0,,,,<31,
8/12/2002,2002,8,12,,22.4,,11,,16.7,,1.3,,0,,7.6,,0,,7.6,,0,,25,E,69,E
8/13/2002,2002,8,13,,17.1,,10.8,,14,,4,,0,,1.5,,0,,1.5,,0,,27,E,41,E
8/14/2002,2002,8,14,,18.1,,8.3,,13.2,,4.8,,0,,0,,0,,0,,0,,32,E,46,E
8/15/2002,2002,8,15,,15.8,,0,,7.9,,10.1,,0,,0,,0,,0,,0,,30,E,39,E
8/16/2002,2002,8,16,,18.4,,2.8,,10.6,,7.4,,0,,1,,0,,1,,0,,34,E,46,E
8/17/2002,2002,8,17,,18,,2.8,,10.4,,7.6,,0,,0,,0,,0,,0,,,,<31,
8/18/2002,2002,8,18,,16.3,,8.2,,12.3,,5.7,,0,,0,T,0,,0,T,0,,25,E,33,E
8/19/2002,2002,8,19,,16.8,,6,,11.4,,6.6,,0,,0.2,,0,,0.2,,0,,,,<31,
8/20/2002,2002,8,20,,15.6,,5.9,,10.8,,7.2,,0,,0.4,,0,,0.4,,0,,,,<31,
8/21/2002,2002,8,21,,18.3,,9.6,,14,,4,,0,,21,,0,,21,,0,,24,E,37,E
8/22/2002,2002,8,22,,19.3,,10.2,,14.8,,3.2,,0,,0.2,,0,,0.2,,0,,,,<31,
8/23/2002,2002,8,23,,18.2,,10.8,,14.5,,3.5,,0,,4.8,,0,,4.8,,0,,27,E,59,E
8/24/2002,2002,8,24,,16.5,,2,,9.3,,8.7,,0,,0,T,0,,0,T,0,,,,<31,
8/25/2002,2002,8,25,,14.5,,7.2,,10.9,,7.1,,0,,1.6,,0,,1.6,,0,,,,<31,
8/26/2002,2002,8,26,,15.9,,9.8,,12.9,,5.1,,0,,10.8,,0,,10.8,,0,,,,<31,
8/27/2002,2002,8,27,,15.7,,11.6,,13.7,,4.3,,0,,16.2,,0,,16.2,,0,,,,<31,
8/28/2002,2002,8,28,,18.5,,9.9,,14.2,,3.8,,0,,1.2,,0,,1.2,,0,,,,<31,
8/29/2002,2002,8,29,,18,,6.5,,12.3,,5.7,,0,,0,,0,,0,,0,,,,<31,
8/30/2002,2002,8,30,,16.9,,6.3,,11.6,,6.4,,0,,0.4,,0,,0.4,,0,,,,<31,
8/31/2002,2002,8,31,,12.4,,4.7,,8.6,,9.4,,0,,2.8,,0,,2.8,,0,,,,<31,
9/1/2002,2002,9,1,,15.2,,3.4,,9.3,,8.7,,0,,2.7,,0,,2.7,,0,,,,<31,
9/2/2002,2002,9,2,,8.9,,3,,6,,12,,0,,1.8,,0,,1.8,,0,,,,<31,
9/3/2002,2002,9,3,,12.8,,4.3,,8.6,,9.4,,0,,0.2,,0,,0.2,,0,,,,<31,
9/4/2002,2002,9,4,,14.9,,0.4,,7.7,,10.3,,0,,0,,0,,0,,0,,,,<31,
9/5/2002,2002,9,5,,16.4,,2.6,,9.5,,8.5,,0,,0,,0,,0,,0,,,,<31,
9/6/2002,2002,9,6,,18.3,,0.6,,9.5,,8.5,,0,,0,,0,,0,,0,,,,<31,
9/7/2002,2002,9,7,,15.7,,1.9,,8.8,,9.2,,0,,0,T,0,,0,T,0,,,,<31,
9/8/2002,2002,9,8,,16.6,,1,,8.8,,9.2,,0,,0,,0,,0,,0,,,,<31,
9/9/2002,2002,9,9,,12.6,,0.4,,6.5,,11.5,,0,,1,,0,,1,,0,,,,<31,
9/10/2002,2002,9,10,,15.1,,5.1,,10.1,,7.9,,0,,1.3,,0,,1.3,,0,,,,<31,
9/11/2002,2002,9,11,,12.4,,0.6,,6.5,,11.5,,0,,0.4,,0,,0.4,,0,,,,<31,
9/12/2002,2002,9,12,,13.5,,-1.1,,6.2,,11.8,,0,,0,,0,,0,,0,,,,<31,
9/13/2002,2002,9,13,,13.2,,-0.6,,6.3,,11.7,,0,,0,,0,,0,,0,,,,<31,
9/14/2002,2002,9,14,,14.3,,-0.1,,7.1,,10.9,,0,,0,,0,,0,,0,,,,<31,
9/15/2002,2002,9,15,,14.4,,3,,8.7,,9.3,,0,,0,,0,,0,,0,,,,<31,
9/16/2002,2002,9,16,,9.6,,3.5,,6.6,,11.4,,0,,8.4,,0,,8.4,,0,,,,<31,
9/17/2002,2002,9,17,,14.2,,2,,8.1,,9.9,,0,,0,,0,,0,,0,,,,<31,
9/18/2002,2002,9,18,,8,,0.1,,4.1,,13.9,,0,,2.6,,0,,2.6,,0,,,,<31,
9/19/2002,2002,9,19,,9.5,,3.7,,6.6,,11.4,,0,,4,,0,,4,,0,,,,<31,
9/20/2002,2002,9,20,,12.5,,1,,6.8,,11.2,,0,,0.6,,0,,0.6,,0,,,,<31,
9/21/2002,2002,9,21,,6.3,,0.6,,3.5,,14.5,,0,,1.7,,0,,1.7,,0,,,,<31,
9/22/2002,2002,9,22,,8.6,,-2.3,,3.2,,14.8,,0,,0,,0,,0,,0,,,,<31,
9/23/2002,2002,9,23,,11.8,,-5,,3.4,,14.6,,0,,0,,0,,0,,0,,,,<31,
9/24/2002,2002,9,24,,14.6,,-4.8,,4.9,,13.1,,0,,0,,0,,0,,0,,,,<31,
9/25/2002,2002,9,25,,12.2,,2.1,,7.2,,10.8,,0,,3.6,,0,,3.6,,0,,,,<31,
9/26/2002,2002,9,26,,13.9,,5.8,,9.9,,8.1,,0,,0,T,0,,0,T,0,,,,<31,
9/27/2002,2002,9,27,,14.6,,7.1,,10.9,,7.1,,0,,0,,0,,0,,0,,,,<31,
9/28/2002,2002,9,28,,10.3,,1.2,,5.8,,12.2,,0,,1.3,,0,,1.3,,0,,,,<31,
9/29/2002,2002,9,29,,11.8,,-2.5,,4.7,,13.3,,0,,0,,0,,0,,0,,30,E,33,E
9/30/2002,2002,9,30,,11.6,,-4.2,,3.7,,14.3,,0,,0,,0,,0,,0,,,,<31,
10/1/2002,2002,10,1,,5.4,,-0.8,,2.3,,15.7,,0,,1.4,,0,,1.4,,0,,,,<31,
10/2/2002,2002,10,2,,8.7,,0.8,,4.8,,13.2,,0,,0,,0,,0,,0,,28,E,56,E
10/3/2002,2002,10,3,,8.2,,-3.4,,2.4,,15.6,,0,,0,T,0,,0,T,0,,,,<31,
10/4/2002,2002,10,4,,1,,-3.9,,-1.5,,19.5,,0,,0,,0,T,0,T,0,,,,<31,
10/5/2002,2002,10,5,,3.2,,-4.4,,-0.6,,18.6,,0,,0,,0,T,0,T,0,,,,<31,
10/6/2002,2002,10,6,,2.6,,0.1,,1.4,,16.6,,0,,1,,2.6,,2.8,,0,,,,<31,
10/7/2002,2002,10,7,,13,,-1.4,,5.8,,12.2,,0,,0.5,,0,,0.5,,0,,24,E,41,E
10/8/2002,2002,10,8,,9.4,,3.1,,6.3,,11.7,,0,,0,,0,,0,,0,,25,E,57,E
10/9/2002,2002,10,9,,4.6,,-3.6,,0.5,,17.5,,0,,0,,0,,0,,0,,30,E,48,E
10/10/2002,2002,10,10,,1.4,,-8.5,,-3.6,,21.6,,0,,0,,0,T,0,T,0,,,,<31,
10/11/2002,2002,10,11,,5.1,,-6,,-0.5,,18.5,,0,,0,,0,T,0,T,0,,,,<31,
10/12/2002,2002,10,12,,9.7,,-2,,3.9,,14.1,,0,,0,,0,,0,,0,,,,<31,
10/13/2002,2002,10,13,,10.7,,-1.2,,4.8,,13.2,,0,,0,T,0,,0,T,0,,28,E,41,E
10/14/2002,2002,10,14,,7.5,,-4.2,,1.7,,16.3,,0,,0,,0,,0,,0,,,,<31,
10/15/2002,2002,10,15,,8.6,,-2.1,,3.3,,14.7,,0,,0.4,,0,,0.4,,0,,,,<31,
10/16/2002,2002,10,16,,11.4,,1.6,,6.5,,11.5,,0,,0.4,,0,,0.4,,0,,21,E,44,E
10/17/2002,2002,10,17,,8.2,,2.8,,5.5,,12.5,,0,,0.8,,0,,0.8,,0,,,,<31,
10/18/2002,2002,10,18,,6.6,,2.3,,4.5,,13.5,,0,,0.6,,0,,0.6,,0,,,,<31,
10/19/2002,2002,10,19,,9.7,,-0.9,,4.4,,13.6,,0,,0,,0,,0,,0,,,,<31,
10/20/2002,2002,10,20,,12.5,,-1.3,,5.6,,12.4,,0,,0,T,0,,0,T,0,,,,<31,
10/21/2002,2002,10,21,,10.8,,-0.2,,5.3,,12.7,,0,,0,,0,,0,,0,,,,<31,
10/22/2002,2002,10,22,,10.4,,0.3,,5.4,,12.6,,0,,0,T,0,,0,T,0,,,,<31,
10/23/2002,2002,10,23,,3.8,,-3.1,,0.4,,17.6,,0,,0,,0,,0,,0,,,,<31,
10/24/2002,2002,10,24,,-0.6,,-4.4,,-2.5,,20.5,,0,,0,,0,T,0,T,0,,,,<31,
10/25/2002,2002,10,25,,-1.4,,-4.5,,-3,,21,,0,,0,,0.2,,0.2,,0,,,,<31,
10/26/2002,2002,10,26,,-0.3,,-2.7,,-1.5,,19.5,,0,,0,,0,T,0,T,0,,,,<31,
10/27/2002,2002,10,27,,-1.2,,-4.8,,-3,,21,,0,,0,,0,T,0,T,0,,,,<31,
10/28/2002,2002,10,28,,-1.1,,-2.7,,-1.9,,19.9,,0,,0,,0,T,0,T,0,,,,<31,
10/29/2002,2002,10,29,,-1.6,,-4.1,,-2.9,,20.9,,0,,0,,0,,0,,0,,,,<31,
10/30/2002,2002,10,30,,-1.8,,-8.1,,-5,,23,,0,,0,,0,,0,,0,,,,<31,
10/31/2002,2002,10,31,,0.3,,-11.5,,-5.6,,23.6,,0,,0,,0,,0,,0,,,,<31,
11/1/2002,2002,11,1,,-2.7,,-11.1,,-6.9,,24.9,,0,,0,,0,,0,,0,,,,<31,
11/2/2002,2002,11,2,,1.2,,-10.1,,-4.5,,22.5,,0,,0,,0,,0,,0,,,,<31,
11/3/2002,2002,11,3,,1.1,,-8.1,,-3.5,,21.5,,0,,0,,0,T,0,T,0,,,,<31,
11/4/2002,2002,11,4,,-3.6,,-9,,-6.3,,24.3,,0,,0,,1.2,,1.3,,0,,,,<31,
11/5/2002,2002,11,5,,1,,-6.4,,-2.7,,20.7,,0,,0,,0,,0,,0,,,,<31,
11/6/2002,2002,11,6,,-4.8,,-10.6,,-7.7,,25.7,,0,,0,,8.8,,9.6,,1,,,,<31,
11/7/2002,2002,11,7,,-5.3,,-13.5,,-9.4,,27.4,,0,,0,,0,T,0,T,9,,,,<31,
11/8/2002,2002,11,8,,-5.6,,-10.5,,-8.1,,26.1,,0,,0,,0.4,,0.4,,8,,12,E,32,E
11/9/2002,2002,11,9,,-10.1,,-12.6,,-11.4,,29.4,,0,,0,,2.2,,1.6,,7,,,,<31,
11/10/2002,2002,11,10,,-10.7,,-13.5,,-12.1,,30.1,,0,,0,,1.5,,1,,13,,,,<31,
11/11/2002,2002,11,11,,-8.9,,-17.5,,-13.2,,31.2,,0,,0,,1.8,,0.8,,14,,,,<31,
11/12/2002,2002,11,12,,-9.1,,-19.6,,-14.4,,32.4,,0,,0,,4.1,,3.6,,13,,,,<31,
11/13/2002,2002,11,13,,-7,,-13.2,,-10.1,,28.1,,0,,0,,0.5,,0,T,17,,,,<31,
11/14/2002,2002,11,14,,-7.7,,-11.2,,-9.5,,27.5,,0,,0,,0,,0,,16,,,,<31,
11/15/2002,2002,11,15,,-8.1,,-13.5,,-10.8,,28.8,,0,,0,,0,T,0,T,14,,,,<31,
11/16/2002,2002,11,16,,-3.2,,-10,,-6.6,,24.6,,0,,0,,5.7,,4.8,,13,,,,<31,
11/17/2002,2002,11,17,,-2.2,,-9.5,,-5.9,,23.9,,0,,0,,3.8,,2.6,,20,,,,<31,
11/18/2002,2002,11,18,,-6.8,,-17.2,,-12,,30,,0,,0,,0,,0,,22,,,,<31,
11/19/2002,2002,11,19,,-6.8,,-17.8,,-12.3,,30.3,,0,,0,,3.2,,3,,20,,,,<31,
11/20/2002,2002,11,20,,-10.8,,-19.2,,-15,,33,,0,,0,,0,T,0,T,21,,,,<31,
11/21/2002,2002,11,21,,-4.4,,-16.8,,-10.6,,28.6,,0,,0,,5.7,,4.7,,23,,,,<31,
11/22/2002,2002,11,22,,-11.5,,-19.5,,-15.5,,33.5,,0,,0,,0,,0,,24,,,,<31,
11/23/2002,2002,11,23,,-12.7,,-17.8,,-15.3,,33.3,,0,,0,,0,T,0,T,24,,,,<31,
11/24/2002,2002,11,24,,-13.2,,-20.8,,-17,,35,,0,,0,,0,T,0,T,24,,,,<31,
11/25/2002,2002,11,25,,-12,,-21.2,,-16.6,,34.6,,0,,0,,0,,0,,23,,,,<31,
11/26/2002,2002,11,26,,1.4,,-12.5,,-5.6,,23.6,,0,,0,,12.5,,11.6,,30,,,,<31,
11/27/2002,2002,11,27,,4.8,,-3.6,,0.6,,17.4,,0,,0,,0,,0,,33,,,,<31,
11/28/2002,2002,11,28,,3.8,,-13.2,,-4.7,,22.7,,0,,0,,0,,0,,31,,24,E,32,E
11/29/2002,2002,11,29,,-1.1,,-11.4,,-6.3,,24.3,,0,,0,,4,,3.8,,33,,,,<31,
11/30/2002,2002,11,30,,-4.1,,-12.9,,-8.5,,26.5,,0,,0,,0,,0,,34,,,,<31,
12/1/2002,2002,12,1,,-2.7,,-13.4,,-8.1,,26.1,,0,,0,,0,,0,,33,,,,,
12/2/2002,2002,12,2,,-10.7,,-20.1,,-15.4,,33.4,,0,,0,,0,,0,,32,,,,,
12/3/2002,2002,12,3,,-12.3,,-19.1,,-15.7,,33.7,,0,,0,,0.4,,0.4,,32,,,,,
12/4/2002,2002,12,4,,-15.1,,-25.1,,-20.1,,38.1,,0,,0,,0,T,0,T,33,,,,,
12/5/2002,2002,12,5,,-21.4,,-28.5,,-25,,43,,0,,0,,0,,0,,32,,,,,
12/6/2002,2002,12,6,,-20.2,,-26.2,,-23.2,,41.2,,0,,0,,0,,0,,32,,,,,
12/7/2002,2002,12,7,,-16,,-27.1,,-21.6,,39.6,,0,,0,,0,,0,,31,,,,,
12/8/2002,2002,12,8,,-12,,-18.7,,-15.4,,33.4,,0,,0,,0,T,0,T,31,,,,,
12/9/2002,2002,12,9,,-7,,-12.2,,-9.6,,27.6,,0,,0.6,,0.4,,0.9,,31,,,,,
12/10/2002,2002,12,10,,-3.4,,-9.1,,-6.3,,24.3,,0,,0,,0,T,0,T,31,,,,,
12/11/2002,2002,12,11,,-3.8,,-14.6,,-9.2,,27.2,,0,,0,,0.2,,0.2,,31,,,,,
12/12/2002,2002,12,12,,-2.8,,-11.9,,-7.4,,25.4,,0,,0,,1.4,,1.4,,31,,,,,
12/13/2002,2002,12,13,,-5.8,,-17.9,,-11.9,,29.9,,0,,0,,0,,0,,31,,,,,
12/14/2002,2002,12,14,,-12.4,,-20.2,,-16.3,,34.3,,0,,0,,0,T,0,T,31,,,,,
12/15/2002,2002,12,15,,-9.3,,-15.6,,-12.5,,30.5,,0,,0,,0.8,,0.8,,32,,,,,
12/16/2002,2002,12,16,,-10.1,,-18.6,,-14.4,,32.4,,0,,0,,0,T,0,T,32,,,,,
12/17/2002,2002,12,17,,-7.9,,-22.2,,-15.1,,33.1,,0,,0,,4.9,,4.4,,36,,,,,
12/18/2002,2002,12,18,,-16.3,,-24.5,,-20.4,,38.4,,0,,0,,0,,0,,37,,,,,
12/19/2002,2002,12,19,,-18.8,,-22.1,,-20.5,,38.5,,0,,0,,0.3,,0.3,,36,,,,,
12/20/2002,2002,12,20,,-16.5,,-23.3,,-19.9,,37.9,,0,,0,,2.9,,2.5,,35,,,,,
12/21/2002,2002,12,21,,-21,,-30.7,,-25.9,,43.9,,0,,0,,0,T,0,T,38,,,,,
12/22/2002,2002,12,22,,-19.2,,-23.8,,-21.5,,39.5,,0,,0,,1.5,,1.2,,38,,,,,
12/23/2002,2002,12,23,,-18,,-20.5,,-19.3,,37.3,,0,,0,,0,T,0,T,40,,,,,
12/24/2002,2002,12,24,,-11.7,,-18.3,,-15,,33,,0,,0,,0,T,0,T,39,,,,,
12/25/2002,2002,12,25,,-12.4,,-20.1,,-16.3,,34.3,,0,,0,,2.8,,2.8,,38,,,,,
12/26/2002,2002,12,26,,-12.6,,-26.2,,-19.4,,37.4,,0,,0,,0.2,,0.2,,40,,,,,
12/27/2002,2002,12,27,,-21.4,,-31,,-26.2,,44.2,,0,,0,,0,,0,,40,,,,,
12/28/2002,2002,12,28,,-23.1,,-27.3,,-25.2,,43.2,,0,,0,,0.2,,0.2,,40,,,,,
12/29/2002,2002,12,29,,-19.1,,-32.7,,-25.9,,43.9,,0,,0,,1.6,,1.4,,39,,,,,
12/30/2002,2002,12,30,,-23.7,,-35.8,,-29.8,,47.8,,0,,0,,1,,1,,40,,,,,
12/31/2002,2002,12,31,,-21.7,,-33,,-27.4,,45.4,,0,,0,,0.7,,0.7,,41,,,,,
1/1/2003,2003,1,1,,-17,,-27.5,,-22.3,,40.3,,0,,0,,1,,1.2,,42,,,,<31,
1/2/2003,2003,1,2,,-15.9,,-23.1,,-19.5,,37.5,,0,,0,,0,,0,,42,,,,<31,
1/3/2003,2003,1,3,,-12.7,,-16.6,,-14.7,,32.7,,0,,0,,0.2,,0.2,,42,,,,<31,
1/4/2003,2003,1,4,,-7,,-14.9,,-11,,29,,0,,0,,1.6,,1.6,,41,,,,<31,
1/5/2003,2003,1,5,,3.2,,-10.1,,-3.5,,21.5,,0,,0,,0,,0,,42,,,,<31,
1/6/2003,2003,1,6,,4.7,,-4.5,,0.1,,17.9,,0,,0,T,0,T,0,T,41,,,,<31,
1/7/2003,2003,1,7,,1.5,,-14,,-6.3,,24.3,,0,,0.6,,2.4,,3,,40,,,,<31,
1/8/2003,2003,1,8,,-11.7,,-23.3,,-17.5,,35.5,,0,,0,,0,,0,,42,,,,<31,
1/9/2003,2003,1,9,,-15.7,,-26.6,,-21.2,,39.2,,0,,0,,0,T,0,T,42,,,,<31,
1/10/2003,2003,1,10,,-16.2,,-19.5,,-17.9,,35.9,,0,,0,,0,T,0,T,42,,,,<31,
1/11/2003,2003,1,11,,-19.2,,-28.7,,-24,,42,,0,,0,,0,T,0,T,42,,,,<31,
1/12/2003,2003,1,12,,-24.7,,-32,,-28.4,,46.4,,0,,0,,0,,0,,42,,,,<31,
1/13/2003,2003,1,13,,-18.1,,-30.2,,-24.2,,42.2,,0,,0,,3.3,,2.7,,43,,,,<31,
1/14/2003,2003,1,14,,-17.4,,-19.6,,-18.5,,36.5,,0,,0,,0.8,,0.6,,46,,,,<31,
1/15/2003,2003,1,15,,-16.9,,-20,,-18.5,,36.5,,0,,0,,0,T,0,T,46,,,,<31,
1/16/2003,2003,1,16,,-12.1,,-20.5,,-16.3,,34.3,,0,,0,,0,,0,,45,,,,<31,
1/17/2003,2003,1,17,,-10.6,,-16.7,,-13.7,,31.7,,0,,0,,7.8,,7.6,,45,,,,<31,
1/18/2003,2003,1,18,,-8,,-11.4,,-9.7,,27.7,,0,,0,,5,,5.2,,56,,,,<31,
1/19/2003,2003,1,19,,-4.2,,-16.8,,-10.5,,28.5,,0,,0,,4.6,,4.4,,57,,9,E,37,E
1/20/2003,2003,1,20,,-16.6,,-33.7,,-25.2,,43.2,,0,,0,,3,,2.8,,56,,,,<31,
1/21/2003,2003,1,21,,-28.1,,-38.3,,-33.2,,51.2,,0,,0,,0,T,0,T,58,,,,<31,
1/22/2003,2003,1,22,,-32.3,,-41.2,,-36.8,,54.8,,0,,0,,0,,0,,57,,,,<31,
1/23/2003,2003,1,23,,-38.3,,-46,,-42.2,,60.2,,0,,0,,0,,0,,56,,,,<31,
1/24/2003,2003,1,24,,-33.6,,-47.5,,-40.6,,58.6,,0,,0,,0,,0,,56,,,,<31,
1/25/2003,2003,1,25,,-24.5,,-34.9,,-29.7,,47.7,,0,,0,,2.2,,2.4,,58,,,,<31,
1/26/2003,2003,1,26,,-20,,-25.1,,-22.6,,40.6,,0,,0,,15.2,,11.6,,57,,,,<31,
1/27/2003,2003,1,27,,-17.3,,-29.9,,-23.6,,41.6,,0,,0,,3.4,,2.6,,71,,,,<31,
1/28/2003,2003,1,28,,-15.8,,-27.4,,-21.6,,39.6,,0,,0,,1.1,,0.7,,72,,,,<31,
1/29/2003,2003,1,29,,-12.9,,-20.6,,-16.8,,34.8,,0,,0,,1.4,,1.2,,71,,,,<31,
1/30/2003,2003,1,30,,-9.9,,-16,,-13,,31,,0,,0,,2.5,,2.2,,73,,,,<31,
1/31/2003,2003,1,31,,-11.1,,-22.1,,-16.6,,34.6,,0,,0,,0,T,0,T,73,,,,<31,
2/1/2003,2003,2,1,,-12.3,,-19.2,,-15.8,,33.8,,0,,0,,0,,0,,71,,,,<31,
2/2/2003,2003,2,2,,-10.7,,-21.9,,-16.3,,34.3,,0,,0,,0.7,,0.2,,70,,,,<31,
2/3/2003,2003,2,3,,-9.4,,-15.4,,-12.4,,30.4,,0,,0,,0.6,,0.4,,70,,,,<31,
2/4/2003,2003,2,4,,-8.1,,-17,,-12.6,,30.6,,0,,0,,0,,0,,69,,,,<31,
2/5/2003,2003,2,5,,-10.5,,-21,,-15.8,,33.8,,0,,0,,0,,0,,68,,,,<31,
2/6/2003,2003,2,6,,-8.5,,-21.4,,-15,,33,,0,,0,,0,,0,,68,,,,<31,
2/7/2003,2003,2,7,,-7.8,,-20.1,,-14,,32,,0,,0,,0,,0,,66,,,,<31,
2/8/2003,2003,2,8,,-8,,-18,,-13,,31,,0,,0,,0,,0,,65,,,,<31,
2/9/2003,2003,2,9,,-0.2,,-18.6,,-9.4,,27.4,,0,,0,,0,,0,,65,,,,<31,
2/10/2003,2003,2,10,,-4.8,,-17,,-10.9,,28.9,,0,,0,,0,,0,,65,,,,<31,
2/11/2003,2003,2,11,,-2.7,,-12,,-7.4,,25.4,,0,,0,,0,,0,,64,,,,<31,
2/12/2003,2003,2,12,,-4,,-16.4,,-10.2,,28.2,,0,,0,,0,,0,,64,,,,<31,
2/13/2003,2003,2,13,,-6.4,,-12.2,,-9.3,,27.3,,0,,0,,0.8,,0.8,,63,,14,E,35,E
2/14/2003,2003,2,14,,-11.6,,-15.5,,-13.6,,31.6,,0,,0,,0.4,,0.4,,62,,,,<31,
2/15/2003,2003,2,15,,-14,,-17.9,,-16,,34,,0,,0,,2,,1.4,,62,,,,<31,
2/16/2003,2003,2,16,,-17.7,,-21.1,,-19.4,,37.4,,0,,0,,1.8,,1.6,,64,,,,<31,
2/17/2003,2003,2,17,,-16.3,,-26.8,,-21.6,,39.6,,0,,0,,3.5,,3,,65,,,,<31,
2/18/2003,2003,2,18,,-16.7,,-27.6,,-22.2,,40.2,,0,,0,,2.7,,2.2,,67,,,,<31,
2/19/2003,2003,2,19,,-17.2,,-34.5,,-25.9,,43.9,,0,,0,,0.4,,0.4,,67,,10,E,32,E
2/20/2003,2003,2,20,,-19.3,,-28.7,,-24,,42,,0,,0,,1,,1,,66,,10,E,32,E
2/21/2003,2003,2,21,,-20.1,,-37,,-28.6,,46.6,,0,,0,,0,T,0,T,65,,,,<31,
2/22/2003,2003,2,22,,-23.5,,-41.5,,-32.5,,50.5,,0,,0,,0,,0,,64,,,,<31,
2/23/2003,2003,2,23,,-17.8,,-36.1,,-27,,45,,0,,0,,0,,0,,64,,,,<31,
2/24/2003,2003,2,24,,-16.2,,-31,,-23.6,,41.6,,0,,0,,0.8,,0.8,,64,,,,<31,
2/25/2003,2003,2,25,,-7.2,,-19.3,,-13.3,,31.3,,0,,0,,0,,0,,65,,,,<31,
2/26/2003,2003,2,26,,-2.9,,-22.1,,-12.5,,30.5,,0,,0,,0,,0,,64,,,,<31,
2/27/2003,2003,2,27,,-4.9,,-17.6,,-11.3,,29.3,,0,,0,,3.8,,3.4,,63,,,,<31,
2/28/2003,2003,2,28,,-2.5,,-11.7,,-7.1,,25.1,,0,,0,,0.6,,0.6,,68,,,,<31,
3/1/2003,2003,3,1,,0.2,,-10.3,,-5.1,,23.1,,0,,0,,7.6,,7.2,,67,,,,<31,
3/2/2003,2003,3,2,,0.9,,-12.8,,-6,,24,,0,,0,,0,T,0,T,72,,,,<31,
3/3/2003,2003,3,3,,-1.8,,-12.5,,-7.2,,25.2,,0,,0,,0,,0,,72,,,,<31,
3/4/2003,2003,3,4,,1,,-8.6,,-3.8,,21.8,,0,,0,,1,,1,,71,,32,E,32,E
3/5/2003,2003,3,5,,-5.5,,-21,,-13.3,,31.3,,0,,0,,4.8,,3.6,,72,,12,E,41,E
3/6/2003,2003,3,6,,-13.1,,-19.5,,-16.3,,34.3,,0,,0,,0,,0,,70,,,,<31,
3/7/2003,2003,3,7,,-15.8,,-30.7,,-23.3,,41.3,,0,,0,,0.2,,0.2,,69,,10,E,33,E
3/8/2003,2003,3,8,,-17.2,,-43,,-30.1,,48.1,,0,,0,,0,,0,,68,,,,<31,
3/9/2003,2003,3,9,,-13.1,,-36,,-24.6,,42.6,,0,,0,,0.2,,0.2,,68,,9,E,37,E
3/10/2003,2003,3,10,,-13.2,,-28,,-20.6,,38.6,,0,,0,,1,,0.8,,66,,7,E,44,E
3/11/2003,2003,3,11,,-12.2,,-34,,-23.1,,41.1,,0,,0,,0,T,0,T,66,,,,<31,
3/12/2003,2003,3,12,,-18.6,,-40.3,,-29.5,,47.5,,0,,0,,0.2,,0.2,,66,,10,E,46,E
3/13/2003,2003,3,13,,-20.5,,-24,,-22.3,,40.3,,0,,0,,2.8,,2.8,,65,,11,E,50,E
3/14/2003,2003,3,14,,-14.4,,-26.6,,-20.5,,38.5,,0,,0,,4.2,,3.6,,65,,,,<31,
3/15/2003,2003,3,15,,-11,,-28.5,,-19.8,,37.8,,0,,0,,0.2,,0.2,,68,,,,<31,
3/16/2003,2003,3,16,,-4.7,,-19.2,,-12,,30,,0,,0,,0,T,0,T,67,,,,<31,
3/17/2003,2003,3,17,,0.2,,-22.6,,-11.2,,29.2,,0,,0,,0,T,0,T,66,,,,<31,
3/18/2003,2003,3,18,,6,,-9.5,,-1.8,,19.8,,0,,0,,0,T,0,T,66,,,,<31,
3/19/2003,2003,3,19,,4.2,,-17,,-6.4,,24.4,,0,,0,,0,,0,,64,,,,<31,
3/20/2003,2003,3,20,,4,,-6,,-1,,19,,0,,0,,0.8,,0.8,,64,,,,<31,
3/21/2003,2003,3,21,,3.7,,-1.7,,1,,17,,0,,0,,3.8,,4,,64,,,,<31,
3/22/2003,2003,3,22,,4,,-10.4,,-3.2,,21.2,,0,,0,,0,T,0,T,64,,,,<31,
3/23/2003,2003,3,23,,2.5,,-8.4,,-3,,21,,0,,0,,0.6,,0.6,,63,,27,E,41,E
3/24/2003,2003,3,24,,3.3,,-18.3,,-7.5,,25.5,,0,,0,,0,,0,,63,,,,<31,
3/25/2003,2003,3,25,,4.4,,-19.6,,-7.6,,25.6,,0,,0,,0,,0,,63,,,,<31,
3/26/2003,2003,3,26,,4.9,,-20.2,,-7.7,,25.7,,0,,0,,0,,0,,62,,,,<31,
3/27/2003,2003,3,27,,5.6,,-18.7,,-6.6,,24.6,,0,,0,,0,,0,,62,,,,<31,
3/28/2003,2003,3,28,,5.6,,-8.2,,-1.3,,19.3,,0,,0,,0,,0,,60,,,,<31,
3/29/2003,2003,3,29,,3.2,,-2.5,,0.4,,17.6,,0,,0,,3.1,,2.7,,59,,,,<31,
3/30/2003,2003,3,30,,0.3,,-3.7,,-1.7,,19.7,,0,,0,,0.8,,0.8,,64,,12,E,32,E
3/31/2003,2003,3,31,,-3.1,,-9.6,,-6.4,,24.4,,0,,0,,4.2,,3.4,,65,,,,<31,
4/1/2003,2003,4,1,,-9.1,,-19.5,,-14.3,,32.3,,0,,0,,0.4,,0.3,,64,,,,<31,
4/2/2003,2003,4,2,,-9.1,,-18,,-13.6,,31.6,,0,,0,,1.8,,1.7,,63,,,,<31,
4/3/2003,2003,4,3,,-4.8,,-24,,-14.4,,32.4,,0,,0,,0.6,,0.5,,65,,,,<31,
4/4/2003,2003,4,4,,-1.6,,-21.5,,-11.6,,29.6,,0,,0,,0,T,0,T,63,,,,<31,
4/5/2003,2003,4,5,,-1.2,,-22.3,,-11.8,,29.8,,0,,0,,0,,0,,63,,,,<31,
4/6/2003,2003,4,6,,2.6,,-21.3,,-9.4,,27.4,,0,,0,,0,,0,,63,,,,<31,
4/7/2003,2003,4,7,,8.4,,-0.1,,4.2,,13.8,,0,,0,,0,T,0,T,63,,10,E,46,E
4/8/2003,2003,4,8,,5,,-9,,-2,,20,,0,,0,,0.6,,0.6,,60,,9,E,37,E
4/9/2003,2003,4,9,,6.3,,-4.6,,0.9,,17.1,,0,,0,,2,,1.8,,62,,,,<31,
4/10/2003,2003,4,10,,6.2,,-11,,-2.4,,20.4,,0,,0,,0,,0,,58,,,,<31,
4/11/2003,2003,4,11,,6.3,,-5.5,,0.4,,17.6,,0,,0,T,0,T,0,T,56,,,,<31,
4/12/2003,2003,4,12,,7.6,,-1.4,,3.1,,14.9,,0,,0.2,,0.2,,0.4,,54,,,,<31,
4/13/2003,2003,4,13,,6.5,,-9.6,,-1.6,,19.6,,0,,0,,0,,0,,49,,,,<31,
4/14/2003,2003,4,14,,9.4,,-8.6,,0.4,,17.6,,0,,0,,0,,0,,47,,,,<31,
4/15/2003,2003,4,15,,11.1,,-9.9,,0.6,,17.4,,0,,0,,0,,0,,42,,,,<31,
4/16/2003,2003,4,16,,7.9,,-3.1,,2.4,,15.6,,0,,0,T,0,T,0,T,36,,,,<31,
4/17/2003,2003,4,17,,9.4,,-8.1,,0.7,,17.3,,0,,0,,0,,0,,32,,,,<31,
4/18/2003,2003,4,18,,6.8,,-9.6,,-1.4,,19.4,,0,,0,,0,,0,,31,,,,<31,
4/19/2003,2003,4,19,,9,,-5.5,,1.8,,16.2,,0,,0,,0,,0,,30,,,,<31,
4/20/2003,2003,4,20,,10.7,,-6.9,,1.9,,16.1,,0,,0,,0,,0,,27,,,,<31,
4/21/2003,2003,4,21,,6.8,,-4,,1.4,,16.6,,0,,0.2,,2.2,,2.4,,27,,,,<31,
4/22/2003,2003,4,22,,11.4,,-8.5,,1.5,,16.5,,0,,0,,0,,0,,27,,,,<31,
4/23/2003,2003,4,23,,10.9,,-0.9,,5,,13,,0,,0,,0,,0,,26,,,,<31,
4/24/2003,2003,4,24,,10.3,,1,,5.7,,12.3,,0,,0,,0,,0,,20,,,,<31,
4/25/2003,2003,4,25,,16.5,,-4.4,,6.1,,11.9,,0,,0,,0,,0,,16,,,,<31,
4/26/2003,2003,4,26,,14.5,,-2,,6.3,,11.7,,0,,0,,0,,0,,13,,,,<31,
4/27/2003,2003,4,27,,9.3,,-0.4,,4.5,,13.5,,0,,0,,0,,0,,10,,,,<31,
4/28/2003,2003,4,28,,15.7,,-4,,5.9,,12.1,,0,,0,,0,,0,,4,,,,<31,
4/29/2003,2003,4,29,,18.8,,-3.2,,7.8,,10.2,,0,,0,,0,,0,,0,T,,,<31,
4/30/2003,2003,4,30,,17.2,,-2.2,,7.5,,10.5,,0,,0,,0,,0,,0,T,,,<31,
5/1/2003,2003,5,1,,9.8,,-0.9,,4.5,,13.5,,0,,0,,0,T,0,T,0,T,4,E,41,E
5/2/2003,2003,5,2,,4.9,,-4,,0.5,,17.5,,0,,0,,0,,0,,0,,,,<31,
5/3/2003,2003,5,3,,1.7,,-4,,-1.2,,19.2,,0,,0,,0,,0,,0,,11,E,46,E
5/4/2003,2003,5,4,,2.4,,-7,,-2.3,,20.3,,0,,0,,0,T,0,T,0,,,,<31,
5/5/2003,2003,5,5,,7.4,,-5,,1.2,,16.8,,0,,0,,0,,0,,0,,,,<31,
5/6/2003,2003,5,6,,9.5,,-4.9,,2.3,,15.7,,0,,0,,0,,0,,0,,,,<31,
5/7/2003,2003,5,7,,11.3,,-3.1,,4.1,,13.9,,0,,0,,0,,0,,0,,,,<31,
5/8/2003,2003,5,8,,13.9,,-1.1,,6.4,,11.6,,0,,0,,0,,0,,0,,,,<31,
5/9/2003,2003,5,9,,16.9,,-2.6,,7.2,,10.8,,0,,0,,0,,0,,0,,,,<31,
5/10/2003,2003,5,10,,16.7,,-1.3,,7.7,,10.3,,0,,0,,0,,0,,0,,25,E,44,E
5/11/2003,2003,5,11,,16.9,,6.9,,11.9,,6.1,,0,,0,,0,,0,,0,,26,E,46,E
5/12/2003,2003,5,12,,13.3,,4.9,,9.1,,8.9,,0,,0.6,,0,,0.6,,0,,24,E,39,E
5/13/2003,2003,5,13,,11.3,,1.5,,6.4,,11.6,,0,,0,,0,T,0,T,0,,,,<31,
5/14/2003,2003,5,14,,8.2,,-0.1,,4.1,,13.9,,0,,0,,0,T,0,T,0,,,,<31,
5/15/2003,2003,5,15,,10.9,,-4.5,,3.2,,14.8,,0,,0,,0,T,0,T,0,,,,<31,
5/16/2003,2003,5,16,,12.6,,-3.7,,4.5,,13.5,,0,,0,,0,,0,,0,,,,<31,
5/17/2003,2003,5,17,,13.8,,-0.5,,6.7,,11.3,,0,,0,,0,,0,,0,,,,<31,
5/18/2003,2003,5,18,,12.9,,-0.6,,6.2,,11.8,,0,,0,,0,,0,,0,,,,<31,
5/19/2003,2003,5,19,,15.4,,-2.1,,6.7,,11.3,,0,,0,,0,,0,,0,,,,<31,
5/20/2003,2003,5,20,,17.8,,-1.7,,8.1,,9.9,,0,,0,,0,,0,,0,,,,<31,
5/21/2003,2003,5,21,,16.9,,-1.9,,7.5,,10.5,,0,,0,,0,,0,,0,,,,<31,
5/22/2003,2003,5,22,,15.3,,-0.1,,7.6,,10.4,,0,,0.3,,0,,0.3,,0,,12,E,33,E
5/23/2003,2003,5,23,,14.1,,5.9,,10,,8,,0,,0.8,,0,,0.8,,0,,,,<31,
5/24/2003,2003,5,24,,18.5,,8.8,,13.7,,4.3,,0,,1.6,,0,,1.6,,0,,21,E,35,E
5/25/2003,2003,5,25,,16.3,,8.9,,12.6,,5.4,,0,,0,T,0,,0,T,0,,25,E,39,E
5/26/2003,2003,5,26,,16.2,,2.7,,9.5,,8.5,,0,,0,,0,,0,,0,,25,E,33,E
5/27/2003,2003,5,27,,15.7,,0.2,,8,,10,,0,,0,,0,,0,,0,,17,E,37,E
5/28/2003,2003,5,28,,16.6,,1.2,,8.9,,9.1,,0,,0.2,,0,,0.2,,0,,14,E,41,E
5/29/2003,2003,5,29,,17.1,,6,,11.6,,6.4,,0,,1.4,,0,,1.4,,0,,25,E,41,E
5/30/2003,2003,5,30,,20.9,,5.9,,13.4,,4.6,,0,,0,,0,,0,,0,,,,<31,
5/31/2003,2003,5,31,,20.6,,11.9,,16.3,,1.7,,0,,4.6,,0,,4.6,,0,,,,<31,
6/1/2003,2003,6,1,,18.3,,4,,11.2,,6.8,,0,,0,,0,,0,,0,,24,E,35,E
6/2/2003,2003,6,2,,16.5,,7.8,,12.2,,5.8,,0,,0.4,,0,,0.4,,0,,27,E,41,E
6/3/2003,2003,6,3,,17.7,,1.5,,9.6,,8.4,,0,,0,,0,,0,,0,,30,E,37,E
6/4/2003,2003,6,4,,20.3,,0.9,,10.6,,7.4,,0,,0,,0,,0,,0,,,,<31,
6/5/2003,2003,6,5,,23.1,,6.9,,15,,3,,0,,0,T,0,,0,T,0,,,,<31,
6/6/2003,2003,6,6,,23.4,,13.6,,18.5,,0,,0.5,,0,T,0,,0,T,0,,,,<31,
6/7/2003,2003,6,7,,23.9,,6.2,,15.1,,2.9,,0,,0,,0,,0,,0,,,,<31,
6/8/2003,2003,6,8,,17.5,,9.8,,13.7,,4.3,,0,,3.9,,0,,3.9,,0,,30,E,32,E
6/9/2003,2003,6,9,,19.8,,6.3,,13.1,,4.9,,0,,0.4,,0,,0.4,,0,,,,<31,
6/10/2003,2003,6,10,,16.4,,7,,11.7,,6.3,,0,,4.8,,0,,4.8,,0,,31,E,41,E
6/11/2003,2003,6,11,,21,,4.4,,12.7,,5.3,,0,,9,,0,,9,,0,,30,E,56,E
6/12/2003,2003,6,12,,8.4,,2.6,,5.5,,12.5,,0,,0.2,,0,T,0.2,,0,,10,E,41,E
6/13/2003,2003,6,13,,9.4,,2.6,,6,,12,,0,,0.6,,0,,0.6,,0,,11,E,37,E
6/14/2003,2003,6,14,,14.3,,6.5,,10.4,,7.6,,0,,0,,0,,0,,0,,,,<31,
6/15/2003,2003,6,15,,16,,6.4,,11.2,,6.8,,0,,1.6,,0,,1.6,,0,,31,E,44,E
6/16/2003,2003,6,16,,21,,9.1,,15.1,,2.9,,0,,0,,0,,0,,0,,,,<31,
6/17/2003,2003,6,17,,20.3,,6.6,,13.5,,4.5,,0,,0,T,0,,0,T,0,,,,<31,
6/18/2003,2003,6,18,,16.1,,7.2,,11.7,,6.3,,0,,23.4,,0,,23.4,,0,,25,,33,
6/19/2003,2003,6,19,,9.3,,4.9,,7.1,,10.9,,0,,28.1,,0,,28.1,,0,,24,E,37,E
6/20/2003,2003,6,20,,13.2,,3.2,,8.2,,9.8,,0,,4.8,,0,,4.8,,0,,7,E,35,E
6/21/2003,2003,6,21,,20.2,,1.2,,10.7,,7.3,,0,,0,,0,,0,,0,,,,<31,
6/22/2003,2003,6,22,,19.7,,10.6,,15.2,,2.8,,0,,0,,0,,0,,0,,,,<31,
6/23/2003,2003,6,23,,20.6,,7.8,,14.2,,3.8,,0,,0,,0,,0,,0,,30,E,39,E
6/24/2003,2003,6,24,,19.4,,7.2,,13.3,,4.7,,0,,0,,0,,0,,0,,,,<31,
6/25/2003,2003,6,25,,19.8,,5.9,,12.9,,5.1,,0,,0,T,0,,0,T,0,,25,E,41,E
6/26/2003,2003,6,26,,16.4,,10.2,,13.3,,4.7,,0,,0,T,0,,0,T,0,,27,E,46,E
6/27/2003,2003,6,27,,18.7,,9.4,,14.1,,3.9,,0,,0,,0,,0,,0,,23,E,39,E
6/28/2003,2003,6,28,,16.2,,8.8,,12.5,,5.5,,0,,4.8,,0,,4.8,,0,,,,<31,
6/29/2003,2003,6,29,,10.9,,8,,9.5,,8.5,,0,,32.8,,0,,32.8,,0,,9,E,44,E
6/30/2003,2003,6,30,,16.4,,9.2,,12.8,,5.2,,0,,0,T,0,,0,T,0,,,,<31,
7/1/2003,2003,7,1,,18.1,,10.1,,14.1,,3.9,,0,,6.4,,0,,6.4,,0,,,,<31,
7/2/2003,2003,7,2,,21.6,,9.4,,15.5,,2.5,,0,,0.4,,0,,0.4,,0,,25,E,37,E
7/3/2003,2003,7,3,,17.4,,10,,13.7,,4.3,,0,,4.4,,0,,4.4,,0,,21,E,37,E
7/4/2003,2003,7,4,,14,,8.2,,11.1,,6.9,,0,,4.7,,0,,4.7,,0,,,,<31,
7/5/2003,2003,7,5,,21.8,,4.5,,13.2,,4.8,,0,,0.8,,0,,0.8,,0,,,,<31,
7/6/2003,2003,7,6,,21.4,,11.2,,16.3,,1.7,,0,,5.9,,0,,5.9,,0,,,,<31,
7/7/2003,2003,7,7,,20.6,,10,,15.3,,2.7,,0,,0.7,,0,,0.7,,0,,,,<31,
7/8/2003,2003,7,8,,21.1,,8,,14.6,,3.4,,0,,3,,0,,3,,0,,,,<31,
7/9/2003,2003,7,9,,25.1,,10.2,,17.7,,0.3,,0,,0,T,0,,0,T,0,,,,<31,
7/10/2003,2003,7,10,,27.9,,9.5,,18.7,,0,,0.7,,0,,0,,0,,0,,,,<31,
7/11/2003,2003,7,11,,27.1,,12,,19.6,,0,,1.6,,0,,0,,0,,0,,27,E,35,E
7/12/2003,2003,7,12,,25.6,,10.8,,18.2,,0,,0.2,,0,,0,,0,,0,,30,E,32,E
7/13/2003,2003,7,13,,24.8,,13.4,,19.1,,0,,1.1,,0,,0,,0,,0,,27,E,33,E
7/14/2003,2003,7,14,,25,,14,,19.5,,0,,1.5,,0,,0,,0,,0,,,,<31,
7/15/2003,2003,7,15,,25.7,,12.2,,19,,0,,1,,0.2,,0,,0.2,,0,,,,<31,
7/16/2003,2003,7,16,,18.4,,12.6,,15.5,,2.5,,0,,4.6,,0,,4.6,,0,,,,<31,
7/17/2003,2003,7,17,,23.4,,13.2,,18.3,,0,,0.3,,0,,0,,0,,0,,28,E,32,E
7/18/2003,2003,7,18,,25.9,,8.7,,17.3,,0.7,,0,,0,T,0,,0,T,0,,8,E,48,E
7/19/2003,2003,7,19,,25.3,,10.4,,17.9,,0.1,,0,,0,,0,,0,,0,,,,<31,
7/20/2003,2003,7,20,,21.4,,16.4,,18.9,,0,,0.9,,1.6,,0,,1.6,,0,,12,E,32,E
7/21/2003,2003,7,21,,19.7,,12.6,,16.2,,1.8,,0,,5.4,,0,,5.4,,0,,,,<31,
7/22/2003,2003,7,22,,19.6,,6.1,,12.9,,5.1,,0,,0,,0,,0,,0,,25,E,37,E
7/23/2003,2003,7,23,,22.1,,10.3,,16.2,,1.8,,0,,13.2,,0,,13.2,,0,,,,<31,
7/24/2003,2003,7,24,,25.2,,8.3,,16.8,,1.2,,0,,0,,0,,0,,0,,,,<31,
7/25/2003,2003,7,25,,27.2,,11.2,,19.2,,0,,1.2,,0,,0,,0,,0,,,,<31,
7/26/2003,2003,7,26,,24.4,,10,,17.2,,0.8,,0,,0,,0,,0,,0,,25,E,44,E
7/27/2003,2003,7,27,,20.4,,12.6,,16.5,,1.5,,0,,0,,0,,0,,0,,25,E,39,E
7/28/2003,2003,7,28,,23.2,,6.5,,14.9,,3.1,,0,,0,,0,,0,,0,,,,<31,
7/29/2003,2003,7,29,,22.3,,10,,16.2,,1.8,,0,,0.6,,0,,0.6,,0,,26,E,37,E
7/30/2003,2003,7,30,,22.2,,5.7,,14,,4,,0,,0,,0,,0,,0,,,,<31,
7/31/2003,2003,7,31,,24.2,,8.3,,16.3,,1.7,,0,,0,,0,,0,,0,,,,<31,
8/1/2003,2003,8,1,,18.2,,12.4,,15.3,,2.7,,0,,1.2,,0,,1.2,,0,,,,<31,
8/2/2003,2003,8,2,,15.9,,6.4,,11.2,,6.8,,0,,5.4,,0,,5.4,,0,,,,<31,
8/3/2003,2003,8,3,,16.7,,8.9,,12.8,,5.2,,0,,1.6,,0,,1.6,,0,,29,E,48,E
8/4/2003,2003,8,4,,17.3,,4.1,,10.7,,7.3,,0,,0.6,,0,,0.6,,0,,17,E,41,E
8/5/2003,2003,8,5,,17.8,,7.4,,12.6,,5.4,,0,,0,T,0,,0,T,0,,,,<31,
8/6/2003,2003,8,6,,20.8,,3.8,,12.3,,5.7,,0,,0,,0,,0,,0,,,,<31,
8/7/2003,2003,8,7,,23.1,,5.9,,14.5,,3.5,,0,,0,,0,,0,,0,,,,<31,
8/8/2003,2003,8,8,,22.5,,6.4,,14.5,,3.5,,0,,0.8,,0,,0.8,,0,,6,E,48,E
8/9/2003,2003,8,9,,11.4,,3.1,,7.3,,10.7,,0,,0,,0,,0,,0,,,,<31,
8/10/2003,2003,8,10,,17.5,,0.4,,9,,9,,0,,0,,0,,0,,0,,,,<31,
8/11/2003,2003,8,11,,27,,2.8,,14.9,,3.1,,0,,0,,0,,0,,0,,,,<31,
8/12/2003,2003,8,12,,27.6,,6.8,,17.2,,0.8,,0,,0,,0,,0,,0,,,,<31,
8/13/2003,2003,8,13,,23.4,,12,,17.7,,0.3,,0,,0.2,,0,,0.2,,0,,30,E,35,E
8/14/2003,2003,8,14,,22.6,,12.4,,17.5,,0.5,,0,,0,,0,,0,,0,,,,<31,
8/15/2003,2003,8,15,,20.6,,13,,16.8,,1.2,,0,,0,T,0,,0,T,0,,18,E,41,E
8/16/2003,2003,8,16,,20.3,,12.8,,16.6,,1.4,,0,,0.8,,0,,0.8,,0,,26,E,48,E
8/17/2003,2003,8,17,,19.5,,7.6,,13.6,,4.4,,0,,0,,0,,0,,0,,27,E,32,E
8/18/2003,2003,8,18,,16.4,,6.2,,11.3,,6.7,,0,,0,T,0,,0,T,0,,,,<31,
8/19/2003,2003,8,19,,17.5,,7.6,,12.6,,5.4,,0,,0,T,0,,0,T,0,,,,<31,
8/20/2003,2003,8,20,,17.1,,4.5,,10.8,,7.2,,0,,0,,0,,0,,0,,,,<31,
8/21/2003,2003,8,21,,15.7,,6.8,,11.3,,6.7,,0,,7.6,,0,,7.6,,0,,21,E,32,E
8/22/2003,2003,8,22,,15.9,,4.1,,10,,8,,0,,0,T,0,,0,T,0,,,,<31,
8/23/2003,2003,8,23,,12.4,,1.5,,7,,11,,0,,3.3,,0,,3.3,,0,,,,<31,
8/24/2003,2003,8,24,,14.9,,4.9,,9.9,,8.1,,0,,1.4,,0,,1.4,,0,,,,<31,
8/25/2003,2003,8,25,,17.5,,3.1,,10.3,,7.7,,0,,0,,0,,0,,0,,,,<31,
8/26/2003,2003,8,26,,20.6,,6.6,,13.6,,4.4,,0,,0,,0,,0,,0,,,,<31,
8/27/2003,2003,8,27,,19.2,,4.5,,11.9,,6.1,,0,,0,,0,,0,,0,,,,<31,
8/28/2003,2003,8,28,,19.4,,5.1,,12.3,,5.7,,0,,0,,0,,0,,0,,,,<31,
8/29/2003,2003,8,29,,22.4,,3,,12.7,,5.3,,0,,0,,0,,0,,0,,,,<31,
8/30/2003,2003,8,30,,21.4,,7.1,,14.3,,3.7,,0,,9.4,,0,,9.4,,0,,21,E,39,E
8/31/2003,2003,8,31,,17.3,,7.6,,12.5,,5.5,,0,,9.6,,0,,9.6,,0,,,,<31,
9/1/2003,2003,9,1,,15.6,,4.6,,10.1,,7.9,,0,,0,,0,,0,,0,,,,<31,
9/2/2003,2003,9,2,,18.5,,9.2,,13.9,,4.1,,0,,3.6,,0,,3.6,,0,,25,E,41,E
9/3/2003,2003,9,3,,17.4,,7.5,,12.5,,5.5,,0,,0,,0,,0,,0,,,,<31,
9/4/2003,2003,9,4,,17.1,,1.9,,9.5,,8.5,,0,,0,,0,,0,,0,,,,<31,
9/5/2003,2003,9,5,,18,,0,,9,,9,,0,,0,,0,,0,,0,,,,<31,
9/6/2003,2003,9,6,,15.7,,6.4,,11.1,,6.9,,0,,2.2,,0,,2.2,,0,,,,<31,
9/7/2003,2003,9,7,,13.4,,10.2,,11.8,,6.2,,0,,15.7,,0,,15.7,,0,,,,<31,
9/8/2003,2003,9,8,,15.5,,5.9,,10.7,,7.3,,0,,0,,0,,0,,0,,,,<31,
9/9/2003,2003,9,9,,14.7,,6.9,,10.8,,7.2,,0,,0,T,0,,0,T,0,,,,<31,
9/10/2003,2003,9,10,,15,,4.5,,9.8,,8.2,,0,,2.2,,0,,2.2,,0,,,,<31,
9/11/2003,2003,9,11,,11.8,,7.6,,9.7,,8.3,,0,,5.2,,0,,5.2,,0,,,,<31,
9/12/2003,2003,9,12,,15.5,,1.5,,8.5,,9.5,,0,,0,T,0,,0,T,0,,24,E,35,E
9/13/2003,2003,9,13,,13.7,,4.1,,8.9,,9.1,,0,,0.7,,0,,0.7,,0,,,,<31,
9/14/2003,2003,9,14,,7.7,,-0.7,,3.5,,14.5,,0,,1.4,,3.8,,2.8,,0,,6,E,41,E
9/15/2003,2003,9,15,,2.2,,-2.9,,-0.4,,18.4,,0,,0,,0,,0,,0,,,,<31,
9/16/2003,2003,9,16,,1.4,,-2.9,,-0.8,,18.8,,0,,0,,0,,0,,0,,,,<31,
9/17/2003,2003,9,17,,4.6,,-1,,1.8,,16.2,,0,,0,,0,,0,,0,,8,E,39,E
9/18/2003,2003,9,18,,3,,-0.1,,1.5,,16.5,,0,,0,,0.8,,0.7,,0,,,,<31,
9/19/2003,2003,9,19,,8,,0.4,,4.2,,13.8,,0,,0.4,,0,T,0.4,,0,,,,<31,
9/20/2003,2003,9,20,,11.8,,0.1,,6,,12,,0,,0.4,,0,,0.4,,0,,,,<31,
9/21/2003,2003,9,21,,12,,4.5,,8.3,,9.7,,0,,0,T,0,,0,T,0,,,,<31,
9/22/2003,2003,9,22,,9.3,,-0.8,,4.3,,13.7,,0,,1,,0.2,,1.2,,0,,30,E,39,E
9/23/2003,2003,9,23,,8.1,,-5.2,,1.5,,16.5,,0,,0,,0,,0,,0,,,,<31,
9/24/2003,2003,9,24,,5.2,,0.1,,2.7,,15.3,,0,,0,T,3.8,,3.6,,0,T,11,E,46,E
9/25/2003,2003,9,25,,10.5,,3,,6.8,,11.2,,0,,1.1,,0,,1.1,,0,,,,<31,
9/26/2003,2003,9,26,,14.1,,4.5,,9.3,,8.7,,0,,0,,0,,0,,0,,24,E,41,E
9/27/2003,2003,9,27,,9.4,,0.6,,5,,13,,0,,2.4,,0,,2.4,,0,,,,<31,
9/28/2003,2003,9,28,,10.6,,3.6,,7.1,,10.9,,0,,0,T,0,,0,T,0,,,,<31,
9/29/2003,2003,9,29,,8.1,,4.4,,6.3,,11.7,,0,,0,,0,,0,,0,,,,<31,
9/30/2003,2003,9,30,,10.6,,2.2,,6.4,,11.6,,0,,0,T,0,,0,T,0,,,,<31,
10/1/2003,2003,10,1,,14.8,,0.9,,7.9,,10.1,,0,,0,,0,,0,,0,,,,<31,
10/2/2003,2003,10,2,,15.1,,0,,7.6,,10.4,,0,,0,,0,,0,,0,,,,<31,
10/3/2003,2003,10,3,,14.6,,-1.1,,6.8,,11.2,,0,,0,,0,,0,,0,,,,<31,
10/4/2003,2003,10,4,,14.4,,-0.8,,6.8,,11.2,,0,,0,,0,,0,,0,,,,<31,
10/5/2003,2003,10,5,,15.8,,-0.2,,7.8,,10.2,,0,,0,,0,,0,,0,,,,<31,
10/6/2003,2003,10,6,,13.4,,4.2,,8.8,,9.2,,0,,4.4,,0,,4.4,,0,,,,<31,
10/7/2003,2003,10,7,,10.9,,3.2,,7.1,,10.9,,0,,0.4,,0,,0.4,,0,,,,<31,
10/8/2003,2003,10,8,,5.5,,1.6,,3.6,,14.4,,0,,0,,0,,0,,0,,,,<31,
10/9/2003,2003,10,9,,3.9,,-0.8,,1.6,,16.4,,0,,2.8,,0,T,2.8,,0,,,,<31,
10/10/2003,2003,10,10,,9.4,,-1.3,,4.1,,13.9,,0,,0.4,,0,,0.4,,0,,,,<31,
10/11/2003,2003,10,11,,8.1,,-5,,1.6,,16.4,,0,,0,,0,,0,,0,,,,<31,
10/12/2003,2003,10,12,,5.4,,-7,,-0.8,,18.8,,0,,0,,0,,0,,0,,,,<31,
10/13/2003,2003,10,13,,5.3,,-6.4,,-0.6,,18.6,,0,,0,,0,,0,,0,,,,<31,
10/14/2003,2003,10,14,,3,,-2.6,,0.2,,17.8,,0,,0,,0,T,0,T,0,,,,<31,
10/15/2003,2003,10,15,,2.1,,-5.6,,-1.8,,19.8,,0,,0,,0,T,0,T,0,,,,<31,
10/16/2003,2003,10,16,,2.2,,-5.9,,-1.9,,19.9,,0,,0,,0,,0,,0,,,,<31,
10/17/2003,2003,10,17,,0.8,,-4,,-1.6,,19.6,,0,,0,,0,T,0,T,0,,,,<31,
10/18/2003,2003,10,18,,3.9,,-2.2,,0.9,,17.1,,0,,0,,0,,0,,0,,,,<31,
10/19/2003,2003,10,19,,0.4,,-3.8,,-1.7,,19.7,,0,,0,,0,,0,,0,,,,<31,
10/20/2003,2003,10,20,,-0.8,,-4.2,,-2.5,,20.5,,0,,0,,0,,0,,0,,,,<31,
10/21/2003,2003,10,21,,1.5,,-6.5,,-2.5,,20.5,,0,,0,,3,,3,,0,,,,<31,
10/22/2003,2003,10,22,,3.2,,-0.5,,1.4,,16.6,,0,,3.6,,0.4,,4,,1,,,,<31,
10/23/2003,2003,10,23,,6.1,,-3,,1.6,,16.4,,0,,0,,0,T,0,T,0,,,,<31,
10/24/2003,2003,10,24,,3.2,,-4.8,,-0.8,,18.8,,0,,0,,0,,0,,0,,,,<31,
10/25/2003,2003,10,25,,8.5,,-0.5,,4,,14,,0,,0,T,3.4,,5.2,,3,,12,E,33,E
10/26/2003,2003,10,26,,6,,0.3,,3.2,,14.8,,0,,17.6,,0,,17.6,,0,,,,<31,
10/27/2003,2003,10,27,,6.3,,-2.4,,2,,16,,0,,0,,0,,0,,0,,,,<31,
10/28/2003,2003,10,28,,-1.2,,-5.7,,-3.5,,21.5,,0,,0,,3.6,,2.4,,0,,,,<31,
10/29/2003,2003,10,29,,-2.4,,-13.1,,-7.8,,25.8,,0,,0,,0,T,0,T,3,,,,<31,
10/30/2003,2003,10,30,,-8.2,,-16.5,,-12.4,,30.4,,0,,0,,0,,0,,2,,,,<31,
10/31/2003,2003,10,31,,-3.3,,-11.1,,-7.2,,25.2,,0,,0,,0,,0,,2,,,,<31,
11/1/2003,2003,11,1,,1.9,,-8,,-3.1,,21.1,,0,,0,,0,,0,,2,,,,<31,
11/2/2003,2003,11,2,,-5,,-15.2,,-10.1,,28.1,,0,,0,,0,,0,,2,,,,<31,
11/3/2003,2003,11,3,,-10.9,,-18,,-14.5,,32.5,,0,,0,,0.4,,0.4,,2,,,,<31,
11/4/2003,2003,11,4,,-9.4,,-15.3,,-12.4,,30.4,,0,,0,,0.4,,0.3,,3,,,,<31,
11/5/2003,2003,11,5,,-9.8,,-17.1,,-13.5,,31.5,,0,,0,,0,T,0,T,3,,,,<31,
11/6/2003,2003,11,6,,-6.5,,-17,,-11.8,,29.8,,0,,0,,0,T,0,T,3,,,,<31,
11/7/2003,2003,11,7,,-3.6,,-15.2,,-9.4,,27.4,,0,,0,,0,,0,,3,,,,<31,
11/8/2003,2003,11,8,,-3.7,,-16,,-9.9,,27.9,,0,,0,,0,,0,,3,,,,<31,
11/9/2003,2003,11,9,,4.6,,-9.8,,-2.6,,20.6,,0,,0,,0,,0,,3,,24,E,46,E
11/10/2003,2003,11,10,,-1.1,,-13.2,,-7.2,,25.2,,0,,0,,0,,0,,2,,,,<31,
11/11/2003,2003,11,11,,-10.4,,-20.1,,-15.3,,33.3,,0,,0,,0,,0,,2,,,,<31,
11/12/2003,2003,11,12,,3.2,,-11.5,,-4.2,,22.2,,0,,0.6,,4.7,,4.2,,7,,,,<31,
11/13/2003,2003,11,13,,4.6,,-2.3,,1.2,,16.8,,0,,0.8,,8.6,,9.2,,11,,,,<31,
11/14/2003,2003,11,14,,0.7,,-8.1,,-3.7,,21.7,,0,,0,,0,,0,,12,,24,E,35,E
11/15/2003,2003,11,15,,0.9,,-6.9,,-3,,21,,0,,0,,0,,0,,12,,,,<31,
11/16/2003,2003,11,16,,-4.5,,-11.2,,-7.9,,25.9,,0,,0,,0,T,0,T,11,,,,<31,
11/17/2003,2003,11,17,,-5.9,,-20.1,,-13,,31,,0,,0,,2.3,,2,,12,,,,<31,
11/18/2003,2003,11,18,,-11.6,,-20.2,,-15.9,,33.9,,0,,0,,0.9,,0.5,,10,,,,<31,
11/19/2003,2003,11,19,,-13.2,,-20.8,,-17,,35,,0,,0,,0,T,0,T,11,,,,<31,
11/20/2003,2003,11,20,,-20.1,,-30.7,,-25.4,,43.4,,0,,0,,0,T,0,T,11,,,,<31,
11/21/2003,2003,11,21,,-21.3,,-33.3,,-27.3,,45.3,,0,,0,,0,,0,,11,,,,<31,
11/22/2003,2003,11,22,,-13.8,,-22.2,,-18,,36,,0,,0,,1.6,,1.9,,12,,,,<31,
11/23/2003,2003,11,23,,-10.4,,-24.6,,-17.5,,35.5,,0,,0,,1.6,,1,,13,,,,<31,
11/24/2003,2003,11,24,,-15,,-25.1,,-20.1,,38.1,,0,,0,,0.9,,0.9,,13,,,,<31,
11/25/2003,2003,11,25,,-16.3,,-26.3,,-21.3,,39.3,,0,,0,,0.3,,0.2,,14,,,,<31,
11/26/2003,2003,11,26,,-14.2,,-22.1,,-18.2,,36.2,,0,,0,,2,,1.7,,14,,,,<31,
11/27/2003,2003,11,27,,-13.9,,-25.5,,-19.7,,37.7,,0,,0,,2.6,,2.7,,15,,,,<31,
11/28/2003,2003,11,28,,-25.4,,-34.5,,-30,,48,,0,,0,,0,T,0,T,17,,,,<31,
11/29/2003,2003,11,29,,-19.1,,-30.4,,-24.8,,42.8,,0,,0,,2.4,,2.2,,18,,,,<31,
11/30/2003,2003,11,30,,-21.6,,-35,,-28.3,,46.3,,0,,0,,3.3,,3,,19,,,,<31,
12/1/2003,2003,12,1,,-16.6,,-24.8,,-20.7,,38.7,,0,,0,,3.5,,2.3,,22,,,,<31,
12/2/2003,2003,12,2,,0,,-24.8,,-12.4,,30.4,,0,,0,,0,T,0,T,25,,12,E,41,E
12/3/2003,2003,12,3,,-4.6,,-20.9,,-12.8,,30.8,,0,,0,,0,,0,,23,,,,<31,
12/4/2003,2003,12,4,,-16.6,,-26,,-21.3,,39.3,,0,,0,,0,,0,,21,,,,<31,
12/5/2003,2003,12,5,,-11.9,,-16.6,,-14.3,,32.3,,0,,0,,9.2,,7.4,,23,,,,<31,
12/6/2003,2003,12,6,,-12,,-16.3,,-14.2,,32.2,,0,,0,,6.2,,4.5,,30,,,,<31,
12/7/2003,2003,12,7,,-12.7,,-17.2,,-15,,33,,0,,0,,0,T,0,T,35,,,,<31,
12/8/2003,2003,12,8,,-14,,-26.7,,-20.4,,38.4,,0,,0,,0,T,0,T,32,,,,<31,
12/9/2003,2003,12,9,,-19.4,,-31,,-25.2,,43.2,,0,,0,,0,T,0,T,30,,,,<31,
12/10/2003,2003,12,10,,-21.1,,-30.8,,-26,,44,,0,,0,,0,T,0,T,28,,,,<31,
12/11/2003,2003,12,11,,-20.4,,-24.8,,-22.6,,40.6,,0,,0,,0,T,0,T,28,,,,<31,
12/12/2003,2003,12,12,,-17.2,,-28.1,,-22.7,,40.7,,0,,0,,1.1,,0.9,,28,,,,<31,
12/13/2003,2003,12,13,,-17.1,,-28,,-22.6,,40.6,,0,,0,,0,T,0,T,27,,,,<31,
12/14/2003,2003,12,14,,-22.6,,-30,,-26.3,,44.3,,0,,0,,0,T,0,T,27,,,,<31,
12/15/2003,2003,12,15,,-18.2,,-29.6,,-23.9,,41.9,,0,,0,,2.4,,2.2,,27,,,,<31,
12/16/2003,2003,12,16,,-15.1,,-19.6,,-17.4,,35.4,,0,,0,,0.8,,0.8,,30,,,,<31,
12/17/2003,2003,12,17,,-15.2,,-21.4,,-18.3,,36.3,,0,,0,,0,,0,,29,,,,<31,
12/18/2003,2003,12,18,,-8.6,,-21.2,,-14.9,,32.9,,0,,0,,2.6,,2.8,,28,,,,<31,
12/19/2003,2003,12,19,,0.4,,-8.6,,-4.1,,22.1,,0,,0,,0.2,,0.2,,30,,,,<31,
12/20/2003,2003,12,20,,-2.8,,-13.2,,-8,,26,,0,,0,,0,,0,,30,,,,<31,
12/21/2003,2003,12,21,,-0.2,,-18,,-9.1,,27.1,,0,,0,,0,T,0,T,29,,12,E,33,E
12/22/2003,2003,12,22,,4.8,,-3.1,,0.9,,17.1,,0,,0,,0,,0,,28,,,,<31,
12/23/2003,2003,12,23,,5.3,,-10.5,,-2.6,,20.6,,0,,0,,0,,0,,27,,,,<31,
12/24/2003,2003,12,24,,-7.1,,-16.1,,-11.6,,29.6,,0,,0,,1.7,,1.2,,27,,,,<31,
12/25/2003,2003,12,25,,-1.6,,-9.6,,-5.6,,23.6,,0,,0,,1.2,,0.9,,28,,,,<31,
12/26/2003,2003,12,26,,-8.3,,-27,,-17.7,,35.7,,0,,0,,0,,0,,29,,,,<31,
12/27/2003,2003,12,27,,-17.7,,-32,,-24.9,,42.9,,0,,0,,0,T,0,T,29,,,,<31,
12/28/2003,2003,12,28,,-22.2,,-34.5,,-28.4,,46.4,,0,,0,,0,T,0,T,29,,,,<31,
12/29/2003,2003,12,29,,-23.3,,-34.5,,-28.9,,46.9,,0,,0,,2.7,,2.8,,29,,,,<31,
12/30/2003,2003,12,30,,-20,,-24.1,,-22.1,,40.1,,0,,0,,12.4,,9.6,,40,,,,<31,
12/31/2003,2003,12,31,,-18.5,,-30.2,,-24.4,,42.4,,0,,0,,3.7,,2.6,,43,,,,<31,
1/1/2004,2004,1,1,,-29.7,,-40.7,,-35.2,,53.2,,0,,0,,0,,0,,44,,,,<31,
1/2/2004,2004,1,2,,-38.5,,-44.6,,-41.6,,59.6,,0,,0,,0,,0,,43,,,,<31,
1/3/2004,2004,1,3,,-40.6,,-47,,-43.8,,61.8,,0,,0,,0,,0,,42,,,,<31,
1/4/2004,2004,1,4,,-37,,-43,,-40,,58,,0,,0,,0,,0,,41,,,,<31,
1/5/2004,2004,1,5,,-32.4,,-41,,-36.7,,54.7,,0,,0,,0,,0,,41,,,,<31,
1/6/2004,2004,1,6,,-28.3,,-37.1,,-32.7,,50.7,,0,,0,,0.2,,0.2,,40,,,,<31,
1/7/2004,2004,1,7,,-18.3,,-31.7,,-25,,43,,0,,0,,1.2,,1.2,,40,,8,E,37,E
1/8/2004,2004,1,8,,-19.6,,-21.4,,-20.5,,38.5,,0,,0,,2.5,,2.5,,38,,,,<31,
1/9/2004,2004,1,9,,-18.6,,-23.8,,-21.2,,39.2,,0,,0,,0,T,0,T,37,,,,<31,
1/10/2004,2004,1,10,,-15.1,,-18.8,,-17,,35,,0,,0,,0.6,,0.6,,37,,,,<31,
1/11/2004,2004,1,11,,-10.4,,-16.2,,-13.3,,31.3,,0,,0,,0,,0,,37,,,,<31,
1/12/2004,2004,1,12,,-8.8,,-10.7,,-9.8,,27.8,,0,,0,T,3.8,,3.8,,36,,,,<31,
1/13/2004,2004,1,13,,-8.7,,-13.7,,-11.2,,29.2,,0,,0,,6.2,,5.6,,42,,,,<31,
1/14/2004,2004,1,14,,-13.1,,-17,,-15.1,,33.1,,0,,0,,8.1,,7.3,,46,,,,<31,
1/15/2004,2004,1,15,,-16.8,,-19.9,,-18.4,,36.4,,0,,0,,1.7,,1,,49,,,,<31,
1/16/2004,2004,1,16,,-16.3,,-18.3,,-17.3,,35.3,,0,,0,,4.4,,3.9,,50,,,,<31,
1/17/2004,2004,1,17,,-16.6,,-20.7,,-18.7,,36.7,,0,,0,,5.1,,4.7,,54,,12,E,32,E
1/18/2004,2004,1,18,,-17.6,,-21.2,,-19.4,,37.4,,0,,0,,0,T,0,T,54,,,,<31,
1/19/2004,2004,1,19,,-17.4,,-28,,-22.7,,40.7,,0,,0,,0,,0,,53,,,,<31,
1/20/2004,2004,1,20,,-11.6,,-17.9,,-14.8,,32.8,,0,,0,,10.1,,8.8,,52,,13,E,32,E
1/21/2004,2004,1,21,,-14.6,,-18.6,,-16.6,,34.6,,0,,0,,2.1,,1.7,,52,,,,<31,
1/22/2004,2004,1,22,,-13.5,,-21.8,,-17.7,,35.7,,0,,0,,5.4,,4,,54,,,,<31,
1/23/2004,2004,1,23,,-16,,-26,,-21,,39,,0,,0,,7.2,,6.4,,58,,,,<31,
1/24/2004,2004,1,24,,-21.4,,-36.5,,-29,,47,,0,,0,,0.4,,0.4,,64,,,,<31,
1/25/2004,2004,1,25,,-30.4,,-43.6,,-37,,55,,0,,0,,0,T,0,T,62,,,,<31,
1/26/2004,2004,1,26,,-39,,-49.6,,-44.3,,62.3,,0,,0,,0,,0,,61,,,,<31,
1/27/2004,2004,1,27,,-40,,-49.9,,-45,,63,,0,,0,,0,,0,,61,,,,<31,
1/28/2004,2004,1,28,,-35.2,,-49.4,,-42.3,,60.3,,0,,0,,0,T,0,T,60,,,,<31,
1/29/2004,2004,1,29,,-26.3,,-36.1,,-31.2,,49.2,,0,,0,,1.2,,0.8,,60,,,,<31,
1/30/2004,2004,1,30,,-21.9,,-26.9,,-24.4,,42.4,,0,,0,,0.4,,0.4,,58,,,,<31,
1/31/2004,2004,1,31,,-21.7,,-27.7,,-24.7,,42.7,,0,,0,,0,T,0,T,58,,,,<31,
2/1/2004,2004,2,1,,-19,,-28.6,,-23.8,,41.8,,0,,0,,0,T,0,T,56,,,,,
2/2/2004,2004,2,2,,-22,,-32.1,,-27.1,,45.1,,0,,0,,0,,0,,56,,,,,
2/3/2004,2004,2,3,,-22.5,,-35,,-28.8,,46.8,,0,,0,,0,,0,,56,,,,,
2/4/2004,2004,2,4,,-20.2,,-33.4,,-26.8,,44.8,,0,,0,,0,,0,,56,,,,,
2/5/2004,2004,2,5,,-16.5,,-24.8,,-20.7,,38.7,,0,,0,,3.6,,3.2,,55,,,,,
2/6/2004,2004,2,6,,-9.8,,-23.4,,-16.6,,34.6,,0,,0,,0,T,0,T,59,,,,,
2/7/2004,2004,2,7,,-5.2,,-23,,-14.1,,32.1,,0,,0,,0,T,0,T,57,,,,,
2/8/2004,2004,2,8,,1.7,,-13,,-5.7,,23.7,,0,,0,,0,T,0,T,56,,,,,
2/9/2004,2004,2,9,,4.9,,-7,,-1.1,,19.1,,0,,0,,0,,0,,54,,,,,
2/10/2004,2004,2,10,,-0.6,,-11.1,,-5.9,,23.9,,0,,0,,1.1,,0.8,,53,,,,,
2/11/2004,2004,2,11,,-6.5,,-14.7,,-10.6,,28.6,,0,,0,,0,,0,,52,,,,,
2/12/2004,2004,2,12,,1.6,,-13.7,,-6.1,,24.1,,0,,0,,0,,0,,52,,,,,
2/13/2004,2004,2,13,,-5.9,,-16.6,,-11.3,,29.3,,0,,0,,0,T,0,T,52,,,,,
2/14/2004,2004,2,14,,-8.5,,-22.1,,-15.3,,33.3,,0,,0,,0.8,,0.4,,51,,,,,
2/15/2004,2004,2,15,,-6.6,,-24.1,,-15.4,,33.4,,0,,0,,0,,0,,51,,,,,
2/16/2004,2004,2,16,,-8.9,,-24,,-16.5,,34.5,,0,,0,,0,,0,,51,,,,,
2/17/2004,2004,2,17,,-11.5,,-17.4,,-14.5,,32.5,,0,,0,,0,T,0,T,51,,,,,
2/18/2004,2004,2,18,,-11,,-20,,-15.5,,33.5,,0,,0,,0,T,0,T,51,,,,,
2/19/2004,2004,2,19,,-0.1,,-15.5,,-7.8,,25.8,,0,,0,,0,T,0,T,50,,,,,
2/20/2004,2004,2,20,,3.8,,-8.4,,-2.3,,20.3,,0,,0,,0,,0,,50,,,,,
2/21/2004,2004,2,21,,5.7,,-6.1,,-0.2,,18.2,,0,,0,,0,T,0,T,49,,,,,
2/22/2004,2004,2,22,,6.3,,-11.2,,-2.5,,20.5,,0,,0,,0,,0,,50,,,,,
2/23/2004,2004,2,23,,-0.2,,-16.3,,-8.3,,26.3,,0,,0,,0,T,0,T,50,,,,,
2/24/2004,2004,2,24,,2.7,,-13,,-5.2,,23.2,,0,,0,,1.6,,1.2,,51,,,,,
2/25/2004,2004,2,25,,-5.6,,-16.5,,-11.1,,29.1,,0,,0,,0,,0,,51,,,,,
2/26/2004,2004,2,26,,-1.9,,-14.5,,-8.2,,26.2,,0,,0,,0,T,0,T,51,,,,,
2/27/2004,2004,2,27,,-1.9,,-20.4,,-11.2,,29.2,,0,,0,,0,,0,,50,,,,,
2/28/2004,2004,2,28,,-3.5,,-23.5,,-13.5,,31.5,,0,,0,,0,,0,,50,,,,,
2/29/2004,2004,2,29,,-2,,-24.1,,-13.1,,31.1,,0,,0,,0,,0,,50,,,,,
3/1/2004,2004,3,1,,0.4,,-20,,-9.8,,27.8,,0,,0,,0,,0,,50,,,,<31,
3/2/2004,2004,3,2,,-9.1,,-22.2,,-15.7,,33.7,,0,,0,,0,T,0,T,50,,,,<31,
3/3/2004,2004,3,3,,-14,,-22.2,,-18.1,,36.1,,0,,0,,0.7,,0.7,,50,,,,<31,
3/4/2004,2004,3,4,,-11.7,,-23.1,,-17.4,,35.4,,0,,0,,0.8,,0.8,,50,,,,<31,
3/5/2004,2004,3,5,,-8.7,,-24.5,,-16.6,,34.6,,0,,0,,0.8,,0.7,,51,,,,<31,
3/6/2004,2004,3,6,,1.7,,-15.1,,-6.7,,24.7,,0,,0,,0.4,,0.4,,52,,25,E,44,E
3/7/2004,2004,3,7,,6.9,,-6.9,,0,,18,,0,,0,,1.4,,1.2,,50,,21,E,56,E
3/8/2004,2004,3,8,,7.7,,-3.5,,2.1,,15.9,,0,,0,T,0,,0,T,47,,21,E,59,E
3/9/2004,2004,3,9,,2.3,,-6,,-1.9,,19.9,,0,,0,,0,,0,,45,,28,E,57,E
3/10/2004,2004,3,10,,4.9,,-5,,-0.1,,18.1,,0,,0,,0,,0,,44,,24,E,48,E
3/11/2004,2004,3,11,,4,,-7,,-1.5,,19.5,,0,,0,,0,,0,,43,,27,E,39,E
3/12/2004,2004,3,12,,2.1,,-16.8,,-7.4,,25.4,,0,,0,,0,,0,,43,,,,<31,
3/13/2004,2004,3,13,,1.4,,-17.2,,-7.9,,25.9,,0,,0,,0,,0,,43,,,,<31,
3/14/2004,2004,3,14,,2.7,,-15,,-6.2,,24.2,,0,,0,,0,,0,,43,,,,<31,
3/15/2004,2004,3,15,,3.3,,-5.1,,-0.9,,18.9,,0,,0,,0,,0,,43,,25,E,50,E
3/16/2004,2004,3,16,,1.3,,-8.1,,-3.4,,21.4,,0,,0,,1,,0.8,,42,,,,<31,
3/17/2004,2004,3,17,,2.7,,-11.9,,-4.6,,22.6,,0,,0,,0,T,0,T,43,,,,<31,
3/18/2004,2004,3,18,,-4.7,,-15.4,,-10.1,,28.1,,0,,0,,2.6,,2.2,,42,,8,E,56,E
3/19/2004,2004,3,19,,-7.9,,-20.5,,-14.2,,32.2,,0,,0,,3.4,,3.2,,42,,13,E,56,E
3/20/2004,2004,3,20,,-7.6,,-30.6,,-19.1,,37.1,,0,,0,,0,,0,,42,,,,<31,
3/21/2004,2004,3,21,,-1.7,,-29.3,,-15.5,,33.5,,0,,0,,0,,0,,42,,,,<31,
3/22/2004,2004,3,22,,-1.2,,-22,,-11.6,,29.6,,0,,0,,0,,0,,42,,,,<31,
3/23/2004,2004,3,23,,3,,-21.7,,-9.4,,27.4,,0,,0,,0,,0,,42,,,,<31,
3/24/2004,2004,3,24,,0.5,,-20.7,,-10.1,,28.1,,0,,0,,2.2,,2.2,,42,,10,E,59,E
3/25/2004,2004,3,25,,-18,,-24.1,,-21.1,,39.1,,0,,0,,4,,3.6,,41,,11,E,33,E
3/26/2004,2004,3,26,,-3.9,,-18,,-11,,29,,0,,0,,0,T,0,T,45,,,,<31,
3/27/2004,2004,3,27,,2.6,,-15.2,,-6.3,,24.3,,0,,0,,3.2,,2.2,,45,,,,<31,
3/28/2004,2004,3,28,,5.3,,-15.5,,-5.1,,23.1,,0,,0,,0,T,0,T,46,,10,E,50,E
3/29/2004,2004,3,29,,8.7,,-7.2,,0.8,,17.2,,0,,0,,0,,0,,45,,,,<31,
3/30/2004,2004,3,30,,8.4,,-5.4,,1.5,,16.5,,0,,0,,0,,0,,38,,24,E,43,E
3/31/2004,2004,3,31,,1.9,,-11,,-4.6,,22.6,,0,,0,,0,T,0,T,38,,25,E,43,E
4/1/2004,2004,4,1,,3.2,,-10,,-3.4,,21.4,,0,,0,,0,,0,,37,,,,<31,
4/2/2004,2004,4,2,,4.9,,-2.4,,1.3,,16.7,,0,,0,,8,,5.6,,37,,,,<31,
4/3/2004,2004,4,3,,12.9,,2,,7.5,,10.5,,0,,0.2,,0,,0.2,,37,,,,<31,
4/4/2004,2004,4,4,,6.3,,-1,,2.7,,15.3,,0,,0,,0,,0,,33,,27,E,48,E
4/5/2004,2004,4,5,,7.2,,-9.8,,-1.3,,19.3,,0,,0,,0,,0,,31,,,,<31,
4/6/2004,2004,4,6,,8.8,,-10.1,,-0.7,,18.7,,0,,0,,0,,0,,30,,,,<31,
4/7/2004,2004,4,7,,10.8,,-7,,1.9,,16.1,,0,,0,,0,,0,,29,,,,<31,
4/8/2004,2004,4,8,,9.6,,-7,,1.3,,16.7,,0,,0,,0,,0,,27,,,,<31,
4/9/2004,2004,4,9,,9.1,,-9.1,,0,,18,,0,,0,,0,,0,,25,,,,<31,
4/10/2004,2004,4,10,,8.9,,-3,,3,,15,,0,,0,,0,,0,,24,,,,<31,
4/11/2004,2004,4,11,,8.9,,-5.2,,1.9,,16.1,,0,,0,,0,,0,,23,,,,<31,
4/12/2004,2004,4,12,,1.9,,-5.1,,-1.6,,19.6,,0,,0,,0,,0,,20,,12,E,37,E
4/13/2004,2004,4,13,,-2.7,,-8.7,,-5.7,,23.7,,0,,0,,2,,1.8,,19,,12,E,48,E
4/14/2004,2004,4,14,,-0.2,,-12.4,,-6.3,,24.3,,0,,0,,0,T,0,T,21,,,,<31,
4/15/2004,2004,4,15,,4.4,,-17,,-6.3,,24.3,,0,,0,,0,,0,,21,,,,<31,
4/16/2004,2004,4,16,,6.2,,-13.8,,-3.8,,21.8,,0,,0,,0,,0,,20,,,,<31,
4/17/2004,2004,4,17,,6.1,,-12.4,,-3.2,,21.2,,0,,0,,0,T,0,T,19,,,,<31,
4/18/2004,2004,4,18,,5.9,,-4.1,,0.9,,17.1,,0,,0,,0,T,0,T,19,,,,<31,
4/19/2004,2004,4,19,,7.3,,-7.1,,0.1,,17.9,,0,,0,,0,,0,,18,,,,<31,
4/20/2004,2004,4,20,,11.8,,-6.6,,2.6,,15.4,,0,,0,,0,,0,,16,,,,<31,
4/21/2004,2004,4,21,,8.1,,-2.1,,3,,15,,0,,0,,0,T,0,T,15,,31,E,37,E
4/22/2004,2004,4,22,,8.8,,-6.1,,1.4,,16.6,,0,,0,,0,,0,,10,,,,<31,
4/23/2004,2004,4,23,,7.2,,0.8,,4,,14,,0,,0,T,0,,0,T,8,,25,E,52,E
4/24/2004,2004,4,24,,9.6,,-4,,2.8,,15.2,,0,,0,,0,,0,,7,,,,<31,
4/25/2004,2004,4,25,,10.3,,1.1,,5.7,,12.3,,0,,0,T,0,,0,T,4,,,,<31,
4/26/2004,2004,4,26,,10.6,,1.4,,6,,12,,0,,3.2,,0,,3.2,,2,,25,E,48,E
4/27/2004,2004,4,27,,12.1,,-0.4,,5.9,,12.1,,0,,0,,0,,0,,2,,,,<31,
4/28/2004,2004,4,28,,13.6,,0,,6.8,,11.2,,0,,0,,0,,0,,2,,31,E,39,E
4/29/2004,2004,4,29,,16.2,,-1.6,,7.3,,10.7,,0,,0,,0,,0,,1,,,,<31,
4/30/2004,2004,4,30,,19.7,,-2.2,,8.8,,9.2,,0,,0,,0,,0,,1,,,,<31,
5/1/2004,2004,5,1,,19.9,,0,,10,,8,,0,,0,,0,,0,,0,,,,<31,
5/2/2004,2004,5,2,,15.1,,3.9,,9.5,,8.5,,0,,0.2,,0,,0.2,,0,,,,<31,
5/3/2004,2004,5,3,,13.8,,0.1,,7,,11,,0,,0,,0,,0,,0,,,,<31,
5/4/2004,2004,5,4,,8.3,,-1.7,,3.3,,14.7,,0,,0,,1,,0.8,,0,,35,E,43,E
5/5/2004,2004,5,5,,9.5,,-6.9,,1.3,,16.7,,0,,0,,0,,0,,0,,,,<31,
5/6/2004,2004,5,6,,4.8,,-1.5,,1.7,,16.3,,0,,0,,0.2,,0.2,,0,,,,<31,
5/7/2004,2004,5,7,,11.2,,-2.2,,4.5,,13.5,,0,,0,T,1.7,,1.6,,0,,,,<31,
5/8/2004,2004,5,8,,5.4,,-2.1,,1.7,,16.3,,0,,0,T,1,,1.6,,0,,8,E,32,E
5/9/2004,2004,5,9,,4.9,,-4.7,,0.1,,17.9,,0,,0,,0,,0,,0,,10,E,33,E
5/10/2004,2004,5,10,,10.5,,-2.1,,4.2,,13.8,,0,,0,,0,,0,,0,,29,E,37,E
5/11/2004,2004,5,11,,14.4,,-3.4,,5.5,,12.5,,0,,0,,0,,0,,0,,,,<31,
5/12/2004,2004,5,12,,15.4,,-1.6,,6.9,,11.1,,0,,0,,0,,0,,0,,,,<31,
5/13/2004,2004,5,13,,16.7,,-0.2,,8.3,,9.7,,0,,0,,0,,0,,0,,,,<31,
5/14/2004,2004,5,14,,17,,3.4,,10.2,,7.8,,0,,0,T,0,,0,T,0,,,,<31,
5/15/2004,2004,5,15,,19.9,,1,,10.5,,7.5,,0,,0,,0,,0,,0,,,,<31,
5/16/2004,2004,5,16,,21.9,,0.8,,11.4,,6.6,,0,,0,,0,,0,,0,,,,<31,
5/17/2004,2004,5,17,,20.5,,1.7,,11.1,,6.9,,0,,0,,0,,0,,0,,,,<31,
5/18/2004,2004,5,18,,22.1,,3,,12.6,,5.4,,0,,0,,0,,0,,0,,,,<31,
5/19/2004,2004,5,19,,21.9,,2.2,,12.1,,5.9,,0,,0,,0,,0,,0,,,,<31,
5/20/2004,2004,5,20,,15.9,,7,,11.5,,6.5,,0,,0.4,,0,,0.4,,0,,31,E,46,E
5/21/2004,2004,5,21,,11.4,,2.9,,7.2,,10.8,,0,,1.4,,0,,1.4,,0,,,,<31,
5/22/2004,2004,5,22,,15.3,,-0.3,,7.5,,10.5,,0,,0,,0,,0,,0,,,,<31,
5/23/2004,2004,5,23,,19.6,,6.2,,12.9,,5.1,,0,,0,,0,,0,,0,,,,<31,
5/24/2004,2004,5,24,,21.1,,9,,15.1,,2.9,,0,,1.8,,0,,1.8,,0,,21,E,37,E
5/25/2004,2004,5,25,,15.8,,9.5,,12.7,,5.3,,0,,4.2,,0,,4.2,,0,,31,E,46,E
5/26/2004,2004,5,26,,15.2,,8,,11.6,,6.4,,0,,0,T,0,,0,T,0,,,,<31,
5/27/2004,2004,5,27,,17,,3.9,,10.5,,7.5,,0,,0,,0,,0,,0,,,,<31,
5/28/2004,2004,5,28,,18.2,,6.5,,12.4,,5.6,,0,,0.6,,0,,0.6,,0,,29,E,37,E
5/29/2004,2004,5,29,,16.8,,5.5,,11.2,,6.8,,0,,3,,0,,3,,0,,,,<31,
5/30/2004,2004,5,30,,16.3,,6.3,,11.3,,6.7,,0,,2,,0,,2,,0,,,,<31,
5/31/2004,2004,5,31,,13.3,,6.5,,9.9,,8.1,,0,,5,,0,,5,,0,,,,<31,
6/1/2004,2004,6,1,,12.1,,7.2,,9.7,,8.3,,0,,6.8,,0,,6.8,,0,,,,<31,
6/2/2004,2004,6,2,,15.1,,2.3,,8.7,,9.3,,0,,0,,0,,0,,0,,29,E,44,E
6/3/2004,2004,6,3,,19.1,,-0.1,,9.5,,8.5,,0,,0,,0,,0,,0,,,,<31,
6/4/2004,2004,6,4,,24.4,,2.2,,13.3,,4.7,,0,,0,,0,,0,,0,,,,<31,
6/5/2004,2004,6,5,,24.4,,11.6,,18,,0,,0,,0,,0,,0,,0,,13,E,41,E
6/6/2004,2004,6,6,,25.2,,17.1,,21.2,,0,,3.2,,0,,0,,0,,0,,6,E,39,E
6/7/2004,2004,6,7,,20.5,,10.4,,15.5,,2.5,,0,,2.6,,0,,2.6,,0,,,,<31,
6/8/2004,2004,6,8,,13.9,,8.9,,11.4,,6.6,,0,,4,,0,,4,,0,,,,<31,
6/9/2004,2004,6,9,,12.8,,9.5,,11.2,,6.8,,0,,0.6,,0,,0.6,,0,,,,<31,
6/10/2004,2004,6,10,,13.2,,5,,9.1,,8.9,,0,,1.4,,0,,1.4,,0,,,,<31,
6/11/2004,2004,6,11,,15.6,,7.9,,11.8,,6.2,,0,,0.4,,0,,0.4,,0,,,,<31,
6/12/2004,2004,6,12,,17.6,,9.5,,13.6,,4.4,,0,,2,,0,,2,,0,,8,E,37,E
6/13/2004,2004,6,13,,19.6,,11.5,,15.6,,2.4,,0,,0,,0,,0,,0,,,,<31,
6/14/2004,2004,6,14,,24,,5.3,,14.7,,3.3,,0,,11.2,,0,,11.2,,0,,,,<31,
6/15/2004,2004,6,15,,22.2,,10.9,,16.6,,1.4,,0,,3,,0,,3,,0,,,,<31,
6/16/2004,2004,6,16,,23.3,,11.1,,17.2,,0.8,,0,,3.4,,0,,3.4,,0,,29,E,46,E
6/17/2004,2004,6,17,,28,,9.3,,18.7,,0,,0.7,,0,,0,,0,,0,,,,<31,
6/18/2004,2004,6,18,,30.7,,10.1,,20.4,,0,,2.4,,0,,0,,0,,0,,,,<31,
6/19/2004,2004,6,19,,33.2,,11.2,,22.2,,0,,4.2,,0,,0,,0,,0,,,,<31,
6/20/2004,2004,6,20,,33.1,,17.9,,25.5,,0,,7.5,,0,,0,,0,,0,,,,<31,
6/21/2004,2004,6,21,,31.8,,17.3,,24.6,,0,,6.6,,0,T,0,,0,T,0,,,,<31,
6/22/2004,2004,6,22,,32.7,,16.9,,24.8,,0,,6.8,,0,,0,,0,,0,,28,E,37,E
6/23/2004,2004,6,23,,28.1,,17.5,,22.8,,0,,4.8,,0,,0,,0,,0,,30,E,37,E
6/24/2004,2004,6,24,,30,,17.9,,24,,0,,6,,0,,0,,0,,0,,,,<31,
6/25/2004,2004,6,25,,28.4,,16.3,,22.4,,0,,4.4,,0,,0,,0,,0,,,,<31,
6/26/2004,2004,6,26,,30.4,,15.4,,22.9,,0,,4.9,,0,,0,,0,,0,,,,<31,
6/27/2004,2004,6,27,,31.2,,14.7,,23,,0,,5,,0,,0,,0,,0,,,,<31,
6/28/2004,2004,6,28,,25,,16.1,,20.6,,0,,2.6,,0,,0,,0,,0,,9,E,37,E
6/29/2004,2004,6,29,,25.4,,10.6,,18,,0,,0,,0,,0,,0,,0,,,,<31,
6/30/2004,2004,6,30,,24.9,,17,,21,,0,,3,,0,,0,,0,,0,,11,E,33,E
7/1/2004,2004,7,1,,20.1,,14,,17.1,,0.9,,0,,1.8,,0,,1.8,,0,,8,E,37,E
7/2/2004,2004,7,2,,18.8,,13,,15.9,,2.1,,0,,0,,0,,0,,0,,8,E,37,E
7/3/2004,2004,7,3,,21.8,,12.8,,17.3,,0.7,,0,,0,,0,,0,,0,,,,<31,
7/4/2004,2004,7,4,,24.4,,9,,16.7,,1.3,,0,,0,,0,,0,,0,,,,<31,
7/5/2004,2004,7,5,,19.5,,11.6,,15.6,,2.4,,0,,1.6,,0,,1.6,,0,,,,<31,
7/6/2004,2004,7,6,,22.9,,7,,15,,3,,0,,0.8,,0,,0.8,,0,,,,<31,
7/7/2004,2004,7,7,,19.9,,11.4,,15.7,,2.3,,0,,8,,0,,8,,0,,,,<31,
7/8/2004,2004,7,8,,21.6,,11.5,,16.6,,1.4,,0,,6.8,,0,,6.8,,0,,35,E,46,E
7/9/2004,2004,7,9,,24,,9.5,,16.8,,1.2,,0,,9.8,,0,,9.8,,0,,,,<31,
7/10/2004,2004,7,10,,18.3,,11.9,,15.1,,2.9,,0,,1.6,,0,,1.6,,0,,,,<31,
7/11/2004,2004,7,11,,20.3,,10.3,,15.3,,2.7,,0,,2.6,,0,,2.6,,0,,,,<31,
7/12/2004,2004,7,12,,25.3,,7.3,,16.3,,1.7,,0,,0,,0,,0,,0,,,,<31,
7/13/2004,2004,7,13,,25.2,,7.9,,16.6,,1.4,,0,,0,,0,,0,,0,,,,<31,
7/14/2004,2004,7,14,,27.1,,10.9,,19,,0,,1,,0,,0,,0,,0,,28,E,32,E
7/15/2004,2004,7,15,,27.8,,9.1,,18.5,,0,,0.5,,0,,0,,0,,0,,,,<31,
7/16/2004,2004,7,16,,28.9,,11.3,,20.1,,0,,2.1,,0.2,,0,,0.2,,0,,18,E,37,E
7/17/2004,2004,7,17,,25.1,,11.5,,18.3,,0,,0.3,,0,,0,,0,,0,,,,<31,
7/18/2004,2004,7,18,,24.6,,14.3,,19.5,,0,,1.5,,0,T,0,,0,T,0,,,,<31,
7/19/2004,2004,7,19,,26.6,,14.4,,20.5,,0,,2.5,,1.4,,0,,1.4,,0,,9,E,39,E
7/20/2004,2004,7,20,,22.3,,14.2,,18.3,,0,,0.3,,3.6,,0,,3.6,,0,,5,E,32,E
7/21/2004,2004,7,21,,24.5,,12.3,,18.4,,0,,0.4,,0,T,0,,0,,0,,,,<31,
7/22/2004,2004,7,22,,26.1,,9.2,,17.7,,0.3,,0,,0,,0,,0,,0,,,,<31,
7/23/2004,2004,7,23,,29.1,,9,,19.1,,0,,1.1,,0,,0,,0,,0,,,,<31,
7/24/2004,2004,7,24,,27.3,,11.4,,19.4,,0,,1.4,,0,,0,,0,,0,,24,E,41,E
7/25/2004,2004,7,25,,22.6,,10.1,,16.4,,1.6,,0,,0.8,,0,,0.8,,0,,26,E,33,E
7/26/2004,2004,7,26,,23.6,,10.3,,17,,1,,0,,0,,0,,0,,0,,,,<31,
7/27/2004,2004,7,27,,26.3,,9.9,,18.1,,0,,0.1,,0,T,0,,0,T,0,,26,E,41,E
7/28/2004,2004,7,28,,23.3,,12.9,,18.1,,0,,0.1,,0,T,0,,0,T,0,,27,E,44,E
7/29/2004,2004,7,29,,20.4,,12.2,,16.3,,1.7,,0,,0.8,,0,,0.8,,0,,27,E,39,E
7/30/2004,2004,7,30,,17.9,,8.4,,13.2,,4.8,,0,,1,,0,,1,,0,,,,<31,
7/31/2004,2004,7,31,,24.3,,7.2,,15.8,,2.2,,0,,0,,0,,0,,0,,,,<31,
8/1/2004,2004,8,1,,23.2,,5.5,,14.4,,3.6,,0,,0,,0,,0,,0,,12,E,37,E
8/2/2004,2004,8,2,,16.6,,10.5,,13.6,,4.4,,0,,3.4,,0,,3.4,,0,,,,<31,
8/3/2004,2004,8,3,,13.9,,10.8,,12.4,,5.6,,0,,14.1,,0,,14.1,,0,,,,<31,
8/4/2004,2004,8,4,,21.2,,10.8,,16,,2,,0,,0,,0,,0,,0,,,,<31,
8/5/2004,2004,8,5,,17.7,,11.7,,14.7,,3.3,,0,,0,,0,,0,,0,,,,<31,
8/6/2004,2004,8,6,,16.6,,9.5,,13.1,,4.9,,0,,0,,0,,0,,0,,10,E,33,E
8/7/2004,2004,8,7,,21.6,,5.3,,13.5,,4.5,,0,,0,,0,,0,,0,,,,<31,
8/8/2004,2004,8,8,,25.9,,6.9,,16.4,,1.6,,0,,0,,0,,0,,0,,,,<31,
8/9/2004,2004,8,9,,25.6,,6.8,,16.2,,1.8,,0,,0,,0,,0,,0,,,,<31,
8/10/2004,2004,8,10,,27.2,,7.1,,17.2,,0.8,,0,,0,,0,,0,,0,,,,<31,
8/11/2004,2004,8,11,,24.6,,13.5,,19.1,,0,,1.1,,0,,0,,0,,0,,,,<31,
8/12/2004,2004,8,12,,24.7,,5.7,,15.2,,2.8,,0,,0,,0,,0,,0,,,,<31,
8/13/2004,2004,8,13,,25.9,,5.7,,15.8,,2.2,,0,,0,,0,,0,,0,,,,<31,
8/14/2004,2004,8,14,,27.7,,5.3,,16.5,,1.5,,0,,0,,0,,0,,0,,,,<31,
8/15/2004,2004,8,15,,22.6,,8.1,,15.4,,2.6,,0,,0,,0,,0,,0,,,,<31,
8/16/2004,2004,8,16,,23.3,,9.3,,16.3,,1.7,,0,,0,,0,,0,,0,,,,<31,
8/17/2004,2004,8,17,,26.3,,7.7,,17,,1,,0,,0,,0,,0,,0,,,,<31,
8/18/2004,2004,8,18,,28.6,,8.7,,18.7,,0,,0.7,,0,,0,,0,,0,,,,<31,
8/19/2004,2004,8,19,,24.2,,13.2,,18.7,,0,,0.7,,0,T,0,,0,T,0,,,,<31,
8/20/2004,2004,8,20,,18,,11.6,,14.8,,3.2,,0,,21.8,,0,,21.8,,0,,,,<31,
8/21/2004,2004,8,21,,17.3,,5.9,,11.6,,6.4,,0,,0,,0,,0,,0,,,,<31,
8/22/2004,2004,8,22,,13.2,,5,,9.1,,8.9,,0,,0,,0,,0,,0,,8,E,35,E
8/23/2004,2004,8,23,,18.2,,-0.9,,8.7,,9.3,,0,,0,,0,,0,,0,,,,<31,
8/24/2004,2004,8,24,,19.1,,0.9,,10,,8,,0,,0.6,,0,,0.6,,0,,29,E,32,E
8/25/2004,2004,8,25,,11.5,,5.1,,8.3,,9.7,,0,,4,,0,,4,,0,,,,<31,
8/26/2004,2004,8,26,,6.7,,2.8,,4.8,,13.2,,0,,1.4,,0,,1.4,,0,,,,<31,
8/27/2004,2004,8,27,,8.2,,4.4,,6.3,,11.7,,0,,9.4,,0,,9.4,,0,,,,<31,
8/28/2004,2004,8,28,,11.9,,5.9,,8.9,,9.1,,0,,2,,0,,2,,0,,,,<31,
8/29/2004,2004,8,29,,16.4,,6.5,,11.5,,6.5,,0,,1.4,,0,,1.4,,0,,,,<31,
8/30/2004,2004,8,30,,15.4,,4.2,,9.8,,8.2,,0,,0,,0,,0,,0,,,,<31,
8/31/2004,2004,8,31,,16.2,,5.4,,10.8,,7.2,,0,,0,T,0,,0,T,0,,,,<31,
9/1/2004,2004,9,1,,16.9,,1.3,,9.1,,8.9,,0,,0,,0,,0,,0,,,,<31,
9/2/2004,2004,9,2,,15.5,,1.5,,8.5,,9.5,,0,,4.2,,0,,4.2,,0,,,,<31,
9/3/2004,2004,9,3,,17,,8,,12.5,,5.5,,0,,0.6,,0,,0.6,,0,,21,E,41,E
9/4/2004,2004,9,4,,12.7,,5.8,,9.3,,8.7,,0,,0.6,,0,,0.6,,0,,,,<31,
9/5/2004,2004,9,5,,11.6,,3.9,,7.8,,10.2,,0,,0.4,,0,,0.4,,0,,,,<31,
9/6/2004,2004,9,6,,7.1,,-0.2,,3.5,,14.5,,0,,0,,0,,0,,0,,,,<31,
9/7/2004,2004,9,7,,7.8,,-1,,3.4,,14.6,,0,,0,,0,,0,,0,,,,<31,
9/8/2004,2004,9,8,,10,,-5,,2.5,,15.5,,0,,0,,0,,0,,0,,,,<31,
9/9/2004,2004,9,9,,9.4,,-4.6,,2.4,,15.6,,0,,0,,0,,0,,0,,,,<31,
9/10/2004,2004,9,10,,9.5,,-4.5,,2.5,,15.5,,0,,0,,0,,0,,0,,,,<31,
9/11/2004,2004,9,11,,6.4,,2.7,,4.6,,13.4,,0,,4.6,,0,,4.6,,0,,8,E,41,E
9/12/2004,2004,9,12,,11.9,,1.2,,6.6,,11.4,,0,,0.2,,0,,0.2,,0,,,,<31,
9/13/2004,2004,9,13,,12.8,,6,,9.4,,8.6,,0,,5.2,,0,,5.2,,0,,,,<31,
9/14/2004,2004,9,14,,10.9,,3.1,,7,,11,,0,,2.8,,0,,2.8,,0,,,,<31,
9/15/2004,2004,9,15,,10.6,,-0.3,,5.2,,12.8,,0,,0.4,,0,,0.4,,0,,,,<31,
9/16/2004,2004,9,16,,6.2,,1.9,,4.1,,13.9,,0,,0.6,,0,T,0.6,,0,,9,E,37,E
9/17/2004,2004,9,17,,3.4,,0,,1.7,,16.3,,0,,0.2,,2.6,,2.8,,0,,8,E,48,E
9/18/2004,2004,9,18,,2.7,,0,,1.4,,16.6,,0,,0,,1.2,,1.2,,0,,,,<31,
9/19/2004,2004,9,19,,5.9,,-1.8,,2.1,,15.9,,0,,0,T,0.4,,0.4,,0,,,,<31,
9/20/2004,2004,9,20,,7.5,,-3,,2.3,,15.7,,0,,2.8,,0,T,2.8,,0,,,,<31,
9/21/2004,2004,9,21,,14.4,,6.8,,10.6,,7.4,,0,,3.2,,0,,3.2,,0,,25,E,67,E
9/22/2004,2004,9,22,,13.8,,4.3,,9.1,,8.9,,0,,0,T,0,,0,T,0,,24,E,41,E
9/23/2004,2004,9,23,,12.4,,6.2,,9.3,,8.7,,0,,0.8,,0,,0.8,,0,,,,<31,
9/24/2004,2004,9,24,,13.1,,3.2,,8.2,,9.8,,0,,0,,0,,0,,0,,24,E,39,E
9/25/2004,2004,9,25,,11.3,,-0.2,,5.6,,12.4,,0,,0,,0,,0,,0,,25,E,61,E
9/26/2004,2004,9,26,,11.6,,-3.1,,4.3,,13.7,,0,,0,,0,,0,,0,,,,<31,
9/27/2004,2004,9,27,,15.2,,1.5,,8.4,,9.6,,0,,0.2,,0,,0.2,,0,,25,E,63,E
9/28/2004,2004,9,28,,11.4,,-1.1,,5.2,,12.8,,0,,0,,0,,0,,0,,24,E,41,E
9/29/2004,2004,9,29,,8.6,,-0.2,,4.2,,13.8,,0,,0.6,,1.8,,2.4,,0,,26,E,46,E
9/30/2004,2004,9,30,,2.2,,-5.2,,-1.5,,19.5,,0,,0,T,0,,0,T,0,,,,<31,
10/1/2004,2004,10,1,,14.4,,-1.4,,6.5,,11.5,,0,,0,T,0,,0,T,0,,,,<31,
10/2/2004,2004,10,2,,7.7,,1.2,,4.5,,13.5,,0,,2.6,,0,,2.6,,0,,,,<31,
10/3/2004,2004,10,3,,6.2,,1.2,,3.7,,14.3,,0,,0,T,0,,0,T,0,,,,<31,
10/4/2004,2004,10,4,,13.2,,-0.3,,6.5,,11.5,,0,,0,T,0,,0,T,0,,,,<31,
10/5/2004,2004,10,5,,13.7,,5.9,,9.8,,8.2,,0,,4.4,,0,,4.4,,0,,24,E,56,E
10/6/2004,2004,10,6,,9.6,,-0.3,,4.7,,13.3,,0,,0.2,,0,,0.2,,0,,,,<31,
10/7/2004,2004,10,7,,11.4,,-1,,5.2,,12.8,,0,,0,,0,,0,,0,,,,<31,
10/8/2004,2004,10,8,,5.8,,0,,2.9,,15.1,,0,,7.4,,0,T,7.4,,0,,10,E,33,E
10/9/2004,2004,10,9,,6.9,,1.3,,4.1,,13.9,,0,,1,,0,,1,,0,,,,<31,
10/10/2004,2004,10,10,,9.8,,-0.5,,4.7,,13.3,,0,,1.8,,0,,1.8,,0,,,,<31,
10/11/2004,2004,10,11,,8.7,,-3.1,,2.8,,15.2,,0,,0,,0,,0,,0,,,,<31,
10/12/2004,2004,10,12,,3.6,,-5,,-0.7,,18.7,,0,,9.6,,0,,9.6,,0,,,,<31,
10/13/2004,2004,10,13,,13.6,,1.3,,7.5,,10.5,,0,,0.4,,0,,0.4,,0,,27,E,50,E
10/14/2004,2004,10,14,,10.6,,-3.4,,3.6,,14.4,,0,,0,,0,,0,,0,,,,<31,
10/15/2004,2004,10,15,,8.4,,-2,,3.2,,14.8,,0,,0,T,0,,0,T,0,,,,<31,
10/16/2004,2004,10,16,,1,,-1.8,,-0.4,,18.4,,0,,0,,9.2,,7.6,,0,,,,<31,
10/17/2004,2004,10,17,,-1.2,,-8.1,,-4.7,,22.7,,0,,0,,0,T,0,T,10,,9,E,39,E
10/18/2004,2004,10,18,,-5.6,,-15.1,,-10.4,,28.4,,0,,0,,0,T,0,T,7,,,,<31,
10/19/2004,2004,10,19,,-5.1,,-20.5,,-12.8,,30.8,,0,,0,,0,T,0,T,6,,,,<31,
10/20/2004,2004,10,20,,-0.3,,-11,,-5.7,,23.7,,0,,0,,0.2,,0.2,,6,,,,<31,
10/21/2004,2004,10,21,,-6.2,,-17.3,,-11.8,,29.8,,0,,0,,0.4,,0.4,,6,,,,<31,
10/22/2004,2004,10,22,,-2.7,,-8,,-5.4,,23.4,,0,,0,,6.4,,3.8,,7,,,,<31,
10/23/2004,2004,10,23,,-2.4,,-13.3,,-7.9,,25.9,,0,,0,,0.6,,0.4,,11,,,,<31,
10/24/2004,2004,10,24,,-2.6,,-16.1,,-9.4,,27.4,,0,,0,,0.2,,0,T,10,,,,<31,
10/25/2004,2004,10,25,,-2.1,,-7.2,,-4.7,,22.7,,0,,0,,5,,2.8,,12,,,,<31,
10/26/2004,2004,10,26,,-1.1,,-6.5,,-3.8,,21.8,,0,,0,,0,T,0,T,13,,,,<31,
10/27/2004,2004,10,27,,5.7,,-4.1,,0.8,,17.2,,0,,0,,0.8,,0.8,,12,,24,E,32,E
10/28/2004,2004,10,28,,6.7,,-3.4,,1.7,,16.3,,0,,0,,0.6,,0.4,,10,,,,<31,
10/29/2004,2004,10,29,,6.4,,-2.4,,2,,16,,0,,0,T,0,T,0,T,8,,12,E,37,E
10/30/2004,2004,10,30,,3.9,,-8.1,,-2.1,,20.1,,0,,0,,0,,0,,8,,27,E,35,E
10/31/2004,2004,10,31,,2.9,,-5.7,,-1.4,,19.4,,0,,0,,0,,0,,7,,25,E,37,E
11/1/2004,2004,11,1,,1.4,,-3.8,,-1.2,,19.2,,0,,0,,1.2,,1.2,,9,,12,E,39,E
11/2/2004,2004,11,2,,1.9,,-9.7,,-3.9,,21.9,,0,,0,,0,,0,,8,,24,E,56,E
11/3/2004,2004,11,3,,7.2,,-10.7,,-1.8,,19.8,,0,,0.2,,1.4,,1.6,,7,,29,E,52,E
11/4/2004,2004,11,4,,3.3,,-4.9,,-0.8,,18.8,,0,,0,,0,T,0,T,7,,24,E,46,E
11/5/2004,2004,11,5,,-3.8,,-15.4,,-9.6,,27.6,,0,,0,,0,T,0,T,7,,,,<31,
11/6/2004,2004,11,6,,-7.6,,-17,,-12.3,,30.3,,0,,0,,0.2,,0,T,7,,,,<31,
11/7/2004,2004,11,7,,-9.7,,-20.1,,-14.9,,32.9,,0,,0,,0,T,0,T,7,,,,<31,
11/8/2004,2004,11,8,,-7.9,,-17.2,,-12.6,,30.6,,0,,0,,4.2,,2.2,,9,,,,<31,
11/9/2004,2004,11,9,,-7.8,,-18.5,,-13.2,,31.2,,0,,0,,0,,0,,11,,,,<31,
11/10/2004,2004,11,10,,-12.9,,-19.2,,-16.1,,34.1,,0,,0,,0,,0,,11,,,,<31,
11/11/2004,2004,11,11,,-12.6,,-19,,-15.8,,33.8,,0,,0,,0,,0,,11,,,,<31,
11/12/2004,2004,11,12,,-7.6,,-17.8,,-12.7,,30.7,,0,,0,,0,,0,,10,,,,<31,
11/13/2004,2004,11,13,,-5.7,,-14.4,,-10.1,,28.1,,0,,0,,0,T,0,T,10,,,,<31,
11/14/2004,2004,11,14,,-5.4,,-14.1,,-9.8,,27.8,,0,,0,,1.8,,1.4,,10,,,,<31,
11/15/2004,2004,11,15,,-3.8,,-12.4,,-8.1,,26.1,,0,,0,,0,T,0,T,11,,,,<31,
11/16/2004,2004,11,16,,-1.6,,-13.1,,-7.4,,25.4,,0,,0,,0,,0,,11,,,,<31,
11/17/2004,2004,11,17,,0.4,,-15.6,,-7.6,,25.6,,0,,0,,0,,0,,10,,,,<31,
11/18/2004,2004,11,18,,-8.4,,-20.8,,-14.6,,32.6,,0,,0,,0,,0,,10,,,,<31,
11/19/2004,2004,11,19,,-6.6,,-17.6,,-12.1,,30.1,,0,,0,,0.4,,0.2,,10,,,,<31,
11/20/2004,2004,11,20,,-2,,-10.7,,-6.4,,24.4,,0,,0,T,6.8,,6,,10,,,,<31,
11/21/2004,2004,11,21,,0.2,,-16.8,,-8.3,,26.3,,0,,0,,11.4,,14,,23,,,,<31,
11/22/2004,2004,11,22,,-10.1,,-24.6,,-17.4,,35.4,,0,,0,,0,T,0,T,31,,,,<31,
11/23/2004,2004,11,23,,-14.2,,-24,,-19.1,,37.1,,0,,0,,1,,1,,30,,,,<31,
11/24/2004,2004,11,24,,-9.8,,-16.3,,-13.1,,31.1,,0,,0,,3.8,,3,,30,,,,<31,
11/25/2004,2004,11,25,,-13.8,,-24.7,,-19.3,,37.3,,0,,0,,0,,0,,32,,,,<31,
11/26/2004,2004,11,26,,-15.3,,-25.1,,-20.2,,38.2,,0,,0,,0,,0,,32,,,,<31,
11/27/2004,2004,11,27,,-14.8,,-25.2,,-20,,38,,0,,0,,0,,0,,31,,,,<31,
11/28/2004,2004,11,28,,-4.6,,-17.8,,-11.2,,29.2,,0,,0,,0,,0,,30,,,,<31,
11/29/2004,2004,11,29,,0.7,,-12.8,,-6.1,,24.1,,0,,0,,0,,0,,29,,,,<31,
11/30/2004,2004,11,30,,-5.1,,-14.4,,-9.8,,27.8,,0,,0,,0,,0,,29,,,,<31,
12/1/2004,2004,12,1,,2.5,,-6.8,,-2.2,,20.2,,0,,0,,0,,0,,28,,,,<31,
12/2/2004,2004,12,2,,3.9,,-5.7,,-0.9,,18.9,,0,,0.2,,1.4,,1.6,,26,,,,<31,
12/3/2004,2004,12,3,,3.8,,-14.9,,-5.6,,23.6,,0,,0,T,8.2,,3,,25,,12,E,44,E
12/4/2004,2004,12,4,,-14.6,,-21.5,,-18.1,,36.1,,0,,0,,1.2,,0.4,,28,,,,<31,
12/5/2004,2004,12,5,,-19.5,,-33.1,,-26.3,,44.3,,0,,0,,2,,1.8,,30,,,,<31,
12/6/2004,2004,12,6,,-26.8,,-39,,-32.9,,50.9,,0,,0,,0,T,0,T,30,,,,<31,
12/7/2004,2004,12,7,,-24.6,,-37.1,,-30.9,,48.9,,0,,0,,0,T,0,T,30,,,,<31,
12/8/2004,2004,12,8,,-29.6,,-39.4,,-34.5,,52.5,,0,,0,,0,T,0,T,30,,,,<31,
12/9/2004,2004,12,9,,-22.6,,-29.8,,-26.2,,44.2,,0,,0,,1.6,,0.8,,31,,,,<31,
12/10/2004,2004,12,10,,-22.2,,-30.2,,-26.2,,44.2,,0,,0,,0,,0,,31,,,,<31,
12/11/2004,2004,12,11,,-16.1,,-30.8,,-23.5,,41.5,,0,,0,,0.4,,0.2,,30,,,,<31,
12/12/2004,2004,12,12,,-7.1,,-20.5,,-13.8,,31.8,,0,,0,,0,,0,,30,,,,<31,
12/13/2004,2004,12,13,,-11,,-18.7,,-14.9,,32.9,,0,,0,,0,T,0,T,30,,,,<31,
12/14/2004,2004,12,14,,-8,,-15.6,,-11.8,,29.8,,0,,0,,0,T,0,T,30,,,,<31,
12/15/2004,2004,12,15,,-11.2,,-22,,-16.6,,34.6,,0,,0,,0,T,0,T,30,,,,<31,
12/16/2004,2004,12,16,,2.2,,-17.4,,-7.6,,25.6,,0,,0,,5.4,,4.6,,29,,,,<31,
12/17/2004,2004,12,17,,5.8,,-6.7,,-0.5,,18.5,,0,,0,,0,,0,,33,,,,<31,
12/18/2004,2004,12,18,,0.6,,-6.2,,-2.8,,20.8,,0,,0.4,,0.4,,0.6,,32,,,,<31,
12/19/2004,2004,12,19,,1.8,,-5.5,,-1.9,,19.9,,0,,4,,3.9,,8.4,,30,,,,<31,
12/20/2004,2004,12,20,,-5,,-13.5,,-9.3,,27.3,,0,,0,,1.4,,1,,35,,,,<31,
12/21/2004,2004,12,21,,-12.6,,-20.2,,-16.4,,34.4,,0,,0,,0,T,0,T,34,,,,<31,
12/22/2004,2004,12,22,,-15,,-22.6,,-18.8,,36.8,,0,,0,,1.2,,1.2,,34,,,,<31,
12/23/2004,2004,12,23,,3.8,,-17.6,,-6.9,,24.9,,0,,0,,0,,0,,36,,,,<31,
12/24/2004,2004,12,24,,1.7,,-5.5,,-1.9,,19.9,,0,,0,,0,T,0,T,36,,,,<31,
12/25/2004,2004,12,25,,-1.5,,-15.6,,-8.6,,26.6,,0,,0,,2.2,,1.9,,37,,11,E,46,E
12/26/2004,2004,12,26,,-15.3,,-27.9,,-21.6,,39.6,,0,,0,,0,T,0,T,37,,,,<31,
12/27/2004,2004,12,27,,-16.7,,-25.2,,-21,,39,,0,,0,,10.4,,9,,37,,,,<31,
12/28/2004,2004,12,28,,-9.5,,-17,,-13.3,,31.3,,0,,0,,11.8,,7.2,,49,,8,E,33,E
12/29/2004,2004,12,29,,-12,,-29.1,,-20.6,,38.6,,0,,0,,1,,1.1,,52,,,,<31,
12/30/2004,2004,12,30,,-28.5,,-41.3,,-34.9,,52.9,,0,,0,,0,T,0,T,52,,,,<31,
12/31/2004,2004,12,31,,-38.5,,-45.9,,-42.2,,60.2,,0,,0,,0,,0,,52,,,,<31,
1/1/2005,2005,1,1,,-32.8,,-46,,-39.4,,57.4,,0,,0,,0,,0,,52,,,,<31,
1/2/2005,2005,1,2,,-30.7,,-39,,-34.9,,52.9,,0,,0,,0,,0,,51,,,,<31,
1/3/2005,2005,1,3,,-22.2,,-35.7,,-29,,47,,0,,0,,0,T,0,T,51,,,,<31,
1/4/2005,2005,1,4,,-20,,-25.8,,-22.9,,40.9,,0,,0,,0,T,0,T,50,,,,<31,
1/5/2005,2005,1,5,,-6.3,,-23.9,,-15.1,,33.1,,0,,0,,1.2,,0.8,,50,,32,E,37,E
1/6/2005,2005,1,6,,-10.7,,-25.6,,-18.2,,36.2,,0,,0,,0,,0,,49,,31,E,32,E
1/7/2005,2005,1,7,,-18.3,,-22.4,,-20.4,,38.4,,0,,0,,0,,0,,49,,,,<31,
1/8/2005,2005,1,8,,-20.3,,-32.4,,-26.4,,44.4,,0,,0,,0,T,0,T,49,,,,<31,
1/9/2005,2005,1,9,,-19.3,,-28,,-23.7,,41.7,,0,,0,,0,T,0,T,49,,,,<31,
1/10/2005,2005,1,10,,-18.1,,-33.2,,-25.7,,43.7,,0,,0,,0,,0,,49,,,,<31,
1/11/2005,2005,1,11,,-32.2,,-43,,-37.6,,55.6,,0,,0,,0,T,0,T,48,,,,<31,
1/12/2005,2005,1,12,,-37.7,,-48,,-42.9,,60.9,,0,,0,,0,,0,,48,,,,<31,
1/13/2005,2005,1,13,,-39.8,,-47.5,,-43.7,,61.7,,0,,0,,0,,0,,48,,,,<31,
1/14/2005,2005,1,14,,-40.9,,-48.5,,-44.7,,62.7,,0,,0,,0,,0,,48,,,,<31,
1/15/2005,2005,1,15,,-29.1,,-44.6,,-36.9,,54.9,,0,,0,,0,T,0,T,48,,,,<31,
1/16/2005,2005,1,16,,-24.7,,-35,,-29.9,,47.9,,0,,0,,3.4,,2.6,,48,,,,<31,
1/17/2005,2005,1,17,,-21.2,,-25.3,,-23.3,,41.3,,0,,0,,17.7,,13,,55,,,,<31,
1/18/2005,2005,1,18,,-23.5,,-24.9,,-24.2,,42.2,,0,,0,,17.6,,13.2,,68,,,,<31,
1/19/2005,2005,1,19,,-21.6,,-24.4,,-23,,41,,0,,0,,17.2,,14.4,,83,,,,<31,
1/20/2005,2005,1,20,,-18,,-22,,-20,,38,,0,,0,,0.8,,0.4,,95,,,,<31,
1/21/2005,2005,1,21,,-18,,-21.4,,-19.7,,37.7,,0,,0,,3.2,,2.8,,92,,,,<31,
1/22/2005,2005,1,22,,-14.3,,-20.1,,-17.2,,35.2,,0,,0,,4.8,,3.8,,92,,,,<31,
1/23/2005,2005,1,23,,-14.1,,-26.7,,-20.4,,38.4,,0,,0,,1.4,,0.2,,95,,,,<31,
1/24/2005,2005,1,24,,-7.6,,-22.1,,-14.9,,32.9,,0,,0,,6.5,,4.2,,99,,,,<31,
1/25/2005,2005,1,25,,-14.8,,-24.3,,-19.6,,37.6,,0,,0,,0,,0,,98,,,,<31,
1/26/2005,2005,1,26,,-9.1,,-15.6,,-12.4,,30.4,,0,,0,,1.6,,1,,96,,,,<31,
1/27/2005,2005,1,27,,-8.9,,-18.2,,-13.6,,31.6,,0,,0,,7,,7.6,,95,,,,<31,
1/28/2005,2005,1,28,,-17.8,,-20,,-18.9,,36.9,,0,,0,,11.8,,9.6,,100,,,,<31,
1/29/2005,2005,1,29,,-17.6,,-21.2,,-19.4,,37.4,,0,,0,,0,T,0,T,103,,,,<31,
1/30/2005,2005,1,30,,-15.9,,-26.4,,-21.2,,39.2,,0,,0,,6,,4.2,,102,,,,<31,
1/31/2005,2005,1,31,,-3.3,,-22.8,,-13.1,,31.1,,0,,0,,0,T,0,T,105,,,,<31,
2/1/2005,2005,2,1,,-1.5,,-11.5,,-6.5,,24.5,,0,,0,,13.2,,10.8,,104,,,,<31,
2/2/2005,2005,2,2,,-11.5,,-20.7,,-16.1,,34.1,,0,,0,,3.2,,2,,109,,,,<31,
2/3/2005,2005,2,3,,-17.2,,-21.6,,-19.4,,37.4,,0,,0,,8.8,,5.6,,109,,,,<31,
2/4/2005,2005,2,4,,-20.6,,-24.6,,-22.6,,40.6,,0,,0,,1.6,,1,,110,,,,<31,
2/5/2005,2005,2,5,,-21.1,,-38.8,,-30,,48,,0,,0,,0,T,0,T,110,,,,<31,
2/6/2005,2005,2,6,,-29.5,,-44.7,,-37.1,,55.1,,0,,0,,0,,0,,106,,,,<31,
2/7/2005,2005,2,7,,-19.8,,-34.4,,-27.1,,45.1,,0,,0,,1.4,,0.8,,105,,,,<31,
2/8/2005,2005,2,8,,-11.9,,-22.1,,-17,,35,,0,,0,,0,T,0,T,106,,,,<31,
2/9/2005,2005,2,9,,-2.7,,-20.1,,-11.4,,29.4,,0,,0,,0,T,0,T,104,,,,<31,
2/10/2005,2005,2,10,,-0.7,,-16.3,,-8.5,,26.5,,0,,0,,0,,0,,102,,,,<31,
2/11/2005,2005,2,11,,-6.4,,-16.2,,-11.3,,29.3,,0,,0,,4.5,,3.8,,98,,,,<31,
2/12/2005,2005,2,12,,-1.2,,-15.7,,-8.5,,26.5,,0,,0,,6.3,,3.6,,99,,28,E,43,E
2/13/2005,2005,2,13,,-14,,-26.8,,-20.4,,38.4,,0,,0,,0,T,0,T,95,,,,<31,
2/14/2005,2005,2,14,,-17.5,,-33.3,,-25.4,,43.4,,0,,0,,0,,0,,94,,,,<31,
2/15/2005,2005,2,15,,-15.2,,-28.6,,-21.9,,39.9,,0,,0,,0,,0,,93,,,,<31,
2/16/2005,2005,2,16,,0.2,,-18,,-8.9,,26.9,,0,,0,,0,T,0,T,92,,,,<31,
2/17/2005,2005,2,17,,-8.7,,-18.7,,-13.7,,31.7,,0,,0,,0.5,,0.4,,91,,,,<31,
2/18/2005,2005,2,18,,-8.3,,-20.1,,-14.2,,32.2,,0,,0,,0.4,,0.4,,90,,,,<31,
2/19/2005,2005,2,19,,-13.5,,-26.1,,-19.8,,37.8,,0,,0,,0,,0,,90,,,,<31,
2/20/2005,2005,2,20,,-5.3,,-19.4,,-12.4,,30.4,,0,,0,,0,,0,,90,,,,<31,
2/21/2005,2005,2,21,,-9.9,,-24,,-17,,35,,0,,0,,0,T,0,T,89,,,,<31,
2/22/2005,2005,2,22,,-9.1,,-24.1,,-16.6,,34.6,,0,,0,,0,T,0,T,89,,,,<31,
2/23/2005,2005,2,23,,1.8,,-9.1,,-3.7,,21.7,,0,,0,,0,,0,,88,,,,<31,
2/24/2005,2005,2,24,,-1.2,,-9.4,,-5.3,,23.3,,0,,0,,0,T,0,T,86,,,,<31,
2/25/2005,2005,2,25,,-4.2,,-18,,-11.1,,29.1,,0,,0,,0,,0,,87,,,,<31,
2/26/2005,2005,2,26,,-6.5,,-21.2,,-13.9,,31.9,,0,,0,,0,,0,,86,,,,<31,
2/27/2005,2005,2,27,,1.6,,-18,,-8.2,,26.2,,0,,0,,0,,0,,85,,,,<31,
2/28/2005,2005,2,28,,-2,,-17.5,,-9.8,,27.8,,0,,0,,0,,0,,85,,,,<31,
3/1/2005,2005,3,1,,1.2,,-12.3,,-5.6,,23.6,,0,,0,,0,,0,,85,,,,<31,
3/2/2005,2005,3,2,,4.6,,-11.4,,-3.4,,21.4,,0,,0,T,0,,0,T,84,,,,<31,
3/3/2005,2005,3,3,,4.3,,-11.2,,-3.5,,21.5,,0,,0,,0,,0,,81,,,,<31,
3/4/2005,2005,3,4,,5.7,,-4.1,,0.8,,17.2,,0,,0,,0,T,0,T,81,,,,<31,
3/5/2005,2005,3,5,,6,,-12.2,,-3.1,,21.1,,0,,0,,0,,0,,81,,,,<31,
3/6/2005,2005,3,6,,3,,-15.1,,-6.1,,24.1,,0,,0,,0,,0,,80,,,,<31,
3/7/2005,2005,3,7,,6.4,,-6.9,,-0.3,,18.3,,0,,0,,2.2,,1,,81,,,,<31,
3/8/2005,2005,3,8,,4,,-6.4,,-1.2,,19.2,,0,,0,,0.4,,0.2,,82,,,,<31,
3/9/2005,2005,3,9,,7.3,,-8.3,,-0.5,,18.5,,0,,0,,0,,0,,79,,,,<31,
3/10/2005,2005,3,10,,6.4,,0.5,,3.5,,14.5,,0,,0,T,0,T,0,T,76,,,,<31,
3/11/2005,2005,3,11,,5.4,,-3.4,,1,,17,,0,,0,T,0,,0,T,73,,27,E,56,E
3/12/2005,2005,3,12,,7.4,,-11,,-1.8,,19.8,,0,,0,,0,,0,,72,,30,E,32,E
3/13/2005,2005,3,13,,8,,-11,,-1.5,,19.5,,0,,0,,0,,0,,68,,,,<31,
3/14/2005,2005,3,14,,6,,-12.2,,-3.1,,21.1,,0,,0,,0,,0,,68,,,,<31,
3/15/2005,2005,3,15,,2,,-10.2,,-4.1,,22.1,,0,,0,,1.6,,1.2,,68,,9,E,44,E
3/16/2005,2005,3,16,,0.9,,-21.3,,-10.2,,28.2,,0,,0,,0,,0,,70,,,,<31,
3/17/2005,2005,3,17,,-0.3,,-19,,-9.7,,27.7,,0,,0,,0,T,0,T,69,,8,E,35,E
3/18/2005,2005,3,18,,-6.9,,-17.6,,-12.3,,30.3,,0,,0,,0,T,0,T,69,,4,E,33,E
3/19/2005,2005,3,19,,-7.9,,-27.6,,-17.8,,35.8,,0,,0,,0,,0,,70,,,,<31,
3/20/2005,2005,3,20,,-10.1,,-21.6,,-15.9,,33.9,,0,,0,,5,,3.8,,69,,8,E,59,E
3/21/2005,2005,3,21,,-9,,-13.3,,-11.2,,29.2,,0,,0,,3.4,,3.4,,70,,9,E,52,E
3/22/2005,2005,3,22,,-6.1,,-24.6,,-15.4,,33.4,,0,,0,,0,,0,,70,,,,<31,
3/23/2005,2005,3,23,,-1.9,,-25.6,,-13.8,,31.8,,0,,0,,0,,0,,69,,,,<31,
3/24/2005,2005,3,24,,3.2,,-24.2,,-10.5,,28.5,,0,,0,,0,,0,,69,,,,<31,
3/25/2005,2005,3,25,,4.3,,-21,,-8.4,,26.4,,0,,0,,0,,0,,69,,,,<31,
3/26/2005,2005,3,26,,0.6,,-6.5,,-3,,21,,0,,0,,0,T,0,T,69,,,,<31,
3/27/2005,2005,3,27,,6.1,,-5.1,,0.5,,17.5,,0,,0,,0.6,,0.4,,68,,,,<31,
3/28/2005,2005,3,28,,4.3,,-13,,-4.4,,22.4,,0,,0,,0,,0,,68,,24,E,41,E
3/29/2005,2005,3,29,,3.6,,-16.8,,-6.6,,24.6,,0,,0,,0,,0,,68,,24,E,48,E
3/30/2005,2005,3,30,,5.1,,-11.3,,-3.1,,21.1,,0,,0,,0,,0,,68,,,,<31,
3/31/2005,2005,3,31,,8.4,,-4.8,,1.8,,16.2,,0,,0,,0.4,,0.4,,68,,12,E,41,E
4/1/2005,2005,4,1,,5,,-4.2,,0.4,,17.6,,0,,0,,0,T,0,T,66,,,,<31,
4/2/2005,2005,4,2,,3.6,,-6.5,,-1.5,,19.5,,0,,0,,0,T,0,T,64,,24,E,37,E
4/3/2005,2005,4,3,,5.7,,-1.1,,2.3,,15.7,,0,,0,,1,,0.8,,64,,,,<31,
4/4/2005,2005,4,4,,6.2,,-6,,0.1,,17.9,,0,,0,,0,T,0,T,64,,,,<31,
4/5/2005,2005,4,5,,6.1,,-11,,-2.5,,20.5,,0,,0,,0,,0,,64,,,,<31,
4/6/2005,2005,4,6,,9.3,,-7.5,,0.9,,17.1,,0,,0,,0,,0,,64,,,,<31,
4/7/2005,2005,4,7,,6.7,,-1,,2.9,,15.1,,0,,0.2,,2.2,,2.4,,62,,,,<31,
4/8/2005,2005,4,8,,6.7,,-4.1,,1.3,,16.7,,0,,0,,0,,0,,62,,28,E,35,E
4/9/2005,2005,4,9,,7.8,,-12.2,,-2.2,,20.2,,0,,0,,0,T,0,T,60,,,,<31,
4/10/2005,2005,4,10,,6.8,,-2.9,,2,,16,,0,,0,,0,,0,,59,,,,<31,
4/11/2005,2005,4,11,,5.8,,2.2,,4,,14,,0,,0.2,,0,T,0.2,,56,,11,E,39,E
4/12/2005,2005,4,12,,3.8,,-1.2,,1.3,,16.7,,0,,3.2,,0.8,,4.2,,54,,8,E,37,E
4/13/2005,2005,4,13,,3.2,,-3,,0.1,,17.9,,0,,0,,1,,0.6,,53,,,,<31,
4/14/2005,2005,4,14,,6.4,,-10.3,,-2,,20,,0,,0,,0,T,0,T,49,,,,<31,
4/15/2005,2005,4,15,,5.6,,-2.3,,1.7,,16.3,,0,,0,,0,T,0,T,47,,,,<31,
4/16/2005,2005,4,16,,2.9,,-4.3,,-0.7,,18.7,,0,,0,,0.4,,0.2,,44,,,,<31,
4/17/2005,2005,4,17,,4,,-5.7,,-0.9,,18.9,,0,,0,,0.4,,0.2,,42,,,,<31,
4/18/2005,2005,4,18,,8.6,,-7.3,,0.7,,17.3,,0,,0.6,,0,T,0.6,,42,,,,<31,
4/19/2005,2005,4,19,,13.1,,1.6,,7.4,,10.6,,0,,0,T,0,,0,T,42,,23,E,59,E
4/20/2005,2005,4,20,,13,,-2.7,,5.2,,12.8,,0,,0,,0,,0,,41,,,,<31,
4/21/2005,2005,4,21,,12.9,,0.8,,6.9,,11.1,,0,,1.4,,0,,1.4,,31,,,,<31,
4/22/2005,2005,4,22,,13.8,,-2.6,,5.6,,12.4,,0,,0,,0,,0,,29,,,,<31,
4/23/2005,2005,4,23,,16.2,,-3.7,,6.3,,11.7,,0,,0,,0,,0,,28,,,,<31,
4/24/2005,2005,4,24,,19,,-3.6,,7.7,,10.3,,0,,0,,0,,0,,21,,,,<31,
4/25/2005,2005,4,25,,15.9,,-4.3,,5.8,,12.2,,0,,0,,0,,0,,18,,12,E,32,E
4/26/2005,2005,4,26,,9.6,,2.8,,6.2,,11.8,,0,,0,,0,,0,,13,,,,<31,
4/27/2005,2005,4,27,,10.9,,-2.1,,4.4,,13.6,,0,,0,,0,,0,,10,,,,<31,
4/28/2005,2005,4,28,,10.6,,1.4,,6,,12,,0,,0,,0,,0,,0,T,,,<31,
4/29/2005,2005,4,29,,8.8,,-3.3,,2.8,,15.2,,0,,0,,0,,0,,0,T,,,<31,
4/30/2005,2005,4,30,,6.2,,-0.3,,3,,15,,0,,0,,0,,0,,0,,9,E,37,E
5/1/2005,2005,5,1,,9.6,,-1.2,,4.2,,13.8,,0,,0,,0,,0,,0,,7,E,48,E
5/2/2005,2005,5,2,,12.6,,-4.8,,3.9,,14.1,,0,,0,,0,,0,,0,,,,<31,
5/3/2005,2005,5,3,,13.8,,-1.9,,6,,12,,0,,0,,0,,0,,1,,30,E,46,E
5/4/2005,2005,5,4,,13.4,,-3,,5.2,,12.8,,0,,0,,0,,0,,1,,,,<31,
5/5/2005,2005,5,5,,13.3,,-1.1,,6.1,,11.9,,0,,0.2,,0,,0.2,,0,T,,,<31,
5/6/2005,2005,5,6,,16.6,,-2.8,,6.9,,11.1,,0,,0,,0,,0,,0,T,,,<31,
5/7/2005,2005,5,7,,18.1,,-2.2,,8,,10,,0,,0,,0,,0,,0,,,,<31,
5/8/2005,2005,5,8,,20.5,,-1.7,,9.4,,8.6,,0,,0,,0,,0,,0,,,,<31,
5/9/2005,2005,5,9,,15.4,,4.5,,10,,8,,0,,0,,0,,0,,0,,,,<31,
5/10/2005,2005,5,10,,14.8,,0.8,,7.8,,10.2,,0,,0,,0,,0,,0,,,,<31,
5/11/2005,2005,5,11,,21.4,,-1.7,,9.9,,8.1,,0,,0,,0,,0,,0,,,,<31,
5/12/2005,2005,5,12,,22.3,,0.4,,11.4,,6.6,,0,,0,,0,,0,,0,,12,E,41,E
5/13/2005,2005,5,13,,19,,4.7,,11.9,,6.1,,0,,0,,0,,0,,0,,,,<31,
5/14/2005,2005,5,14,,21.5,,1.8,,11.7,,6.3,,0,,4.4,,0,,4.4,,0,,,,<31,
5/15/2005,2005,5,15,,18,,5.2,,11.6,,6.4,,0,,4.4,,0,,4.4,,0,,,,<31,
5/16/2005,2005,5,16,,11.2,,5.5,,8.4,,9.6,,0,,37.2,,0,,37.2,,0,,,,<31,
5/17/2005,2005,5,17,,10,,3.2,,6.6,,11.4,,0,,12.9,,0,,12.9,,0,,,,<31,
5/18/2005,2005,5,18,,8.1,,3.8,,6,,12,,0,,0.8,,0,,0.8,,0,,,,<31,
5/19/2005,2005,5,19,,10.6,,4,,7.3,,10.7,,0,,0,,0,,0,T,0,,,,<31,
5/20/2005,2005,5,20,,17.1,,5.1,,11.1,,6.9,,0,,0,,0,,0,,0,,,,<31,
5/21/2005,2005,5,21,,16.8,,0.3,,8.6,,9.4,,0,,0,,0,,0,,0,,,,<31,
5/22/2005,2005,5,22,,18.4,,-0.6,,8.9,,9.1,,0,,0,T,0,,0,T,0,,9,E,48,E
5/23/2005,2005,5,23,,17.1,,7.1,,12.1,,5.9,,0,,2.4,,0,,2.4,,0,,,,<31,
5/24/2005,2005,5,24,,15.6,,2.9,,9.3,,8.7,,0,,2.4,,0,,2.4,,0,,,,<31,
5/25/2005,2005,5,25,,19.4,,3,,11.2,,6.8,,0,,1.8,,0,,1.8,,0,,,,<31,
5/26/2005,2005,5,26,,22.9,,5.2,,14.1,,3.9,,0,,0,,0,,0,,0,,,,<31,
5/27/2005,2005,5,27,,21.2,,12.8,,17,,1,,0,,0,T,0,,0,T,0,,24,E,32,E
5/28/2005,2005,5,28,,22.6,,4.5,,13.6,,4.4,,0,,0,,0,,0,,0,,,,<31,
5/29/2005,2005,5,29,,23.2,,6.2,,14.7,,3.3,,0,,0,,0,,0,,0,,,,<31,
5/30/2005,2005,5,30,,22.1,,9,,15.6,,2.4,,0,,0,,0,,0,,0,,,,<31,
5/31/2005,2005,5,31,,21.4,,3.8,,12.6,,5.4,,0,,0,,0,,0,,0,,,,<31,
6/1/2005,2005,6,1,,11.7,,8.3,,10,,8,,0,,12.8,,0,,12.8,,0,,,,<31,
6/2/2005,2005,6,2,,20.3,,7.1,,13.7,,4.3,,0,,0,,0,,0,,0,,,,<31,
6/3/2005,2005,6,3,,18.2,,8.5,,13.4,,4.6,,0,,5.4,,0,,5.4,,0,,,,<31,
6/4/2005,2005,6,4,,13.9,,8.4,,11.2,,6.8,,0,,8,,0,,8,,0,,8,E,44,E
6/5/2005,2005,6,5,,15.9,,3.6,,9.8,,8.2,,0,,0,,0,,0,,0,,,,<31,
6/6/2005,2005,6,6,,20.4,,10.5,,15.5,,2.5,,0,,1.6,,0,,1.6,,0,,,,<31,
6/7/2005,2005,6,7,,22.2,,6.4,,14.3,,3.7,,0,,0,,0,,0,,0,,,,<31,
6/8/2005,2005,6,8,,24.2,,4.9,,14.6,,3.4,,0,,0,,0,,0,,0,,,,<31,
6/9/2005,2005,6,9,,24.7,,11.5,,18.1,,0,,0.1,,0,,0,,0,,0,,,,<31,
6/10/2005,2005,6,10,,21.8,,9.9,,15.9,,2.1,,0,,0.6,,0,,0.6,,0,,21,E,37,E
6/11/2005,2005,6,11,,20.7,,8.8,,14.8,,3.2,,0,,0,,0,,0,,0,,,,<31,
6/12/2005,2005,6,12,,21.6,,6.3,,14,,4,,0,,0,,0,,0,,0,,,,<31,
6/13/2005,2005,6,13,,21.1,,10,,15.6,,2.4,,0,,0,,0,,0,,0,,,,<31,
6/14/2005,2005,6,14,,16.3,,9.5,,12.9,,5.1,,0,,4.6,,0,,4.6,,0,,,,<31,
6/15/2005,2005,6,15,,18.9,,7.4,,13.2,,4.8,,0,,1,,0,,1,,0,,6,E,37,E
6/16/2005,2005,6,16,,17.9,,6.8,,12.4,,5.6,,0,,1.6,,0,,1.6,,0,,,,<31,
6/17/2005,2005,6,17,,24.1,,5.1,,14.6,,3.4,,0,,0,,0,,0,,0,,,,<31,
6/18/2005,2005,6,18,,19.8,,7.5,,13.7,,4.3,,0,,5.2,,0,,5.2,,0,,,,<31,
6/19/2005,2005,6,19,,15.6,,5.7,,10.7,,7.3,,0,,0.4,,0,,0.4,,0,,12,E,35,E
6/20/2005,2005,6,20,,19.1,,9.8,,14.5,,3.5,,0,,0.6,,0,,0.6,,0,,,,<31,
6/21/2005,2005,6,21,,12,,6.3,,9.2,,8.8,,0,,12,,0,,12,,0,,,,<31,
6/22/2005,2005,6,22,,17.1,,4.6,,10.9,,7.1,,0,,0,,0,,0,,0,,,,<31,
6/23/2005,2005,6,23,,20.6,,5.1,,12.9,,5.1,,0,,0,,0,,0,,0,,,,<31,
6/24/2005,2005,6,24,,19.4,,6.1,,12.8,,5.2,,0,,1.8,,0,,1.8,,0,,,,<31,
6/25/2005,2005,6,25,,19.2,,7.8,,13.5,,4.5,,0,,0,,0,,0,,0,,,,<31,
6/26/2005,2005,6,26,,21.7,,7.2,,14.5,,3.5,,0,,0,,0,,0,,0,,,,<31,
6/27/2005,2005,6,27,,22.8,,9.6,,16.2,,1.8,,0,,0,,0,,0,,0,,,,<31,
6/28/2005,2005,6,28,,22.2,,10.7,,16.5,,1.5,,0,,0.4,,0,,0.4,,0,,6,E,37,E
6/29/2005,2005,6,29,,21.8,,11.7,,16.8,,1.2,,0,,1.4,,0,,1.4,,0,,,,<31,
6/30/2005,2005,6,30,,23.3,,11.3,,17.3,,0.7,,0,,4.4,,0,,4.4,,0,,,,<31,
7/1/2005,2005,7,1,,23.5,,11.1,,17.3,,0.7,,0,,14.8,,0,,14.8,,0,,9,E,56,E
7/2/2005,2005,7,2,,18.4,,9.2,,13.8,,4.2,,0,,0.2,,0,,0.2,,0,,,,<31,
7/3/2005,2005,7,3,,19.7,,8.5,,14.1,,3.9,,0,,0,,0,,0,,0,,,,<31,
7/4/2005,2005,7,4,,18.1,,10.9,,14.5,,3.5,,0,,1,,0,,1,,0,,,,<31,
7/5/2005,2005,7,5,,21.6,,4.6,,13.1,,4.9,,0,,0,T,0,,0,T,0,,,,<31,
7/6/2005,2005,7,6,,18.7,,10,,14.4,,3.6,,0,,1.4,,0,,1.4,,0,,,,<31,
7/7/2005,2005,7,7,,19.3,,10.6,,15,,3,,0,,0.2,,0,,0.2,,0,,,,<31,
7/8/2005,2005,7,8,,20.9,,7.4,,14.2,,3.8,,0,,1.8,,0,,1.8,,0,,,,<31,
7/9/2005,2005,7,9,,16.4,,10.8,,13.6,,4.4,,0,,4,,0,,4,,0,,,,<31,
7/10/2005,2005,7,10,,20.9,,2.7,,11.8,,6.2,,0,,0.4,,0,,0.4,,0,,,,<31,
7/11/2005,2005,7,11,,25.6,,12.2,,18.9,,0,,0.9,,0,T,0,,0,T,0,,,,<31,
7/12/2005,2005,7,12,,22.8,,10.7,,16.8,,1.2,,0,,0,T,0,,0,T,0,,,,<31,
7/13/2005,2005,7,13,,19.6,,10.6,,15.1,,2.9,,0,,3.4,,0,,3.4,,0,,,,<31,
7/14/2005,2005,7,14,,20.4,,5,,12.7,,5.3,,0,,0,,0,,0,,0,,,,<31,
7/15/2005,2005,7,15,,20.4,,6.2,,13.3,,4.7,,0,,0,,0,,0,,0,,,,<31,
7/16/2005,2005,7,16,,21.8,,11.2,,16.5,,1.5,,0,,0.2,,0,,0.2,,0,,,,<31,
7/17/2005,2005,7,17,,18.8,,9.8,,14.3,,3.7,,0,,10.4,,0,,10.4,,0,,,,<31,
7/18/2005,2005,7,18,,16.2,,7.3,,11.8,,6.2,,0,,0,T,0,,0,T,0,,,,<31,
7/19/2005,2005,7,19,,20.8,,4.7,,12.8,,5.2,,0,,0,,0,,0,,0,,,,<31,
7/20/2005,2005,7,20,,18.9,,7.9,,13.4,,4.6,,0,,6,,0,,6,,0,,,,<31,
7/21/2005,2005,7,21,,10.2,,6,,8.1,,9.9,,0,,5.4,,0,,5.4,,0,,,,<31,
7/22/2005,2005,7,22,,12.7,,7,,9.9,,8.1,,0,,0.8,,0,,0.8,,0,,,,<31,
7/23/2005,2005,7,23,,18.4,,2.8,,10.6,,7.4,,0,,0,,0,,0,,0,,,,<31,
7/24/2005,2005,7,24,,19.7,,5.6,,12.7,,5.3,,0,,6,,0,,6,,0,,1,E,56,E
7/25/2005,2005,7,25,,19.4,,7.7,,13.6,,4.4,,0,,2.2,,0,,2.2,,0,,,,<31,
7/26/2005,2005,7,26,,19.9,,8.4,,14.2,,3.8,,0,,0,,0,,0,,0,,,,<31,
7/27/2005,2005,7,27,,18.4,,10.4,,14.4,,3.6,,0,,0.2,,0,,0.2,,0,,,,<31,
7/28/2005,2005,7,28,,20.1,,11.1,,15.6,,2.4,,0,,3.2,,0,,3.2,,0,,,,<31,
7/29/2005,2005,7,29,,19.1,,5.8,,12.5,,5.5,,0,,0,,0,,0,,0,,,,<31,
7/30/2005,2005,7,30,,19.2,,5.4,,12.3,,5.7,,0,,0,,0,,0,,0,,,,<31,
7/31/2005,2005,7,31,,17.3,,4.1,,10.7,,7.3,,0,,0.2,,0,,0.2,,0,,,,<31,
8/1/2005,2005,8,1,,21.8,,4.3,,13.1,,4.9,,0,,0,,0,,0,,0,,,,<31,
8/2/2005,2005,8,2,,20.6,,7.5,,14.1,,3.9,,0,,0,,0,,0,,0,,,,<31,
8/3/2005,2005,8,3,,18.2,,3.9,,11.1,,6.9,,0,,0,,0,,0,,0,,,,<31,
8/4/2005,2005,8,4,,21.3,,11.5,,16.4,,1.6,,0,,0.6,,0,,0.6,,0,,27,E,33,E
8/5/2005,2005,8,5,,19.6,,11.3,,15.5,,2.5,,0,,0,T,0,,0,T,0,,,,<31,
8/6/2005,2005,8,6,,19.5,,7,,13.3,,4.7,,0,,2,,0,,2,,0,,,,<31,
8/7/2005,2005,8,7,,20.7,,7.7,,14.2,,3.8,,0,,0,,0,,0,,0,,,,<31,
8/8/2005,2005,8,8,,20.6,,9.3,,15,,3,,0,,0,,0,,0,,0,,29,E,37,E
8/9/2005,2005,8,9,,23.4,,9.7,,16.6,,1.4,,0,,0,,0,,0,,0,,,,<31,
8/10/2005,2005,8,10,,28.3,,7.3,,17.8,,0.2,,0,,0,,0,,0,,0,,,,<31,
8/11/2005,2005,8,11,,29.3,,6.7,,18,,0,,0,,0,,0,,0,,0,,,,<31,
8/12/2005,2005,8,12,,24.7,,7.7,,16.2,,1.8,,0,,0,,0,,0,,0,,,,<31,
8/13/2005,2005,8,13,,22.3,,9.6,,16,,2,,0,,0,,0,,0,,0,,,,<31,
8/14/2005,2005,8,14,,16.3,,9.5,,12.9,,5.1,,0,,0,,0,,0,,0,,,,<31,
8/15/2005,2005,8,15,,17.1,,4,,10.6,,7.4,,0,,0,,0,,0,,0,,,,<31,
8/16/2005,2005,8,16,,17.6,,2.8,,10.2,,7.8,,0,,0,,0,,0,,0,,,,<31,
8/17/2005,2005,8,17,,23.8,,1.4,,12.6,,5.4,,0,,0,,0,,0,,0,,,,<31,
8/18/2005,2005,8,18,,18.4,,12.1,,15.3,,2.7,,0,,2.2,,0,,2.2,,0,,,,<31,
8/19/2005,2005,8,19,,17.6,,11.3,,14.5,,3.5,,0,,2.4,,0,,2.4,,0,,,,<31,
8/20/2005,2005,8,20,,16.4,,6.3,,11.4,,6.6,,0,,1.6,,0,,1.6,,0,,,,<31,
8/21/2005,2005,8,21,,17.4,,3.2,,10.3,,7.7,,0,,0.6,,0,,0.6,,0,,,,<31,
8/22/2005,2005,8,22,,16.4,,6.3,,11.4,,6.6,,0,,0.6,,0,,0.6,,0,,,,<31,
8/23/2005,2005,8,23,,18.1,,2,,10.1,,7.9,,0,,0,,0,,0,,0,,,,<31,
8/24/2005,2005,8,24,,21.4,,3.7,,12.6,,5.4,,0,,0,,0,,0,,0,,,,<31,
8/25/2005,2005,8,25,,23.1,,5.7,,14.4,,3.6,,0,,0,,0,,0,,0,,,,<31,
8/26/2005,2005,8,26,,19.7,,7.8,,13.8,,4.2,,0,,2,,0,,2,,0,,24,E,37,E
8/27/2005,2005,8,27,,10.6,,3.4,,7,,11,,0,,1.4,,0,,1.4,,0,,,,<31,
8/28/2005,2005,8,28,,8.3,,4,,6.2,,11.8,,0,,3.8,,0,,3.8,,0,,,,<31,
8/29/2005,2005,8,29,,10.9,,0,,5.5,,12.5,,0,,0,T,0,,0,T,0,,,,<31,
8/30/2005,2005,8,30,,12.8,,6.4,,9.6,,8.4,,0,,11.8,,0,,11.8,,0,,30,E,46,E
8/31/2005,2005,8,31,,13.6,,6.5,,10.1,,7.9,,0,,2.2,,0,,2.2,,0,,,,<31,
9/1/2005,2005,9,1,,14.5,,3.3,,8.9,,9.1,,0,,0,T,0,,0,T,0,,,,<31,
9/2/2005,2005,9,2,,13.6,,5.9,,9.8,,8.2,,0,,0.8,,0,,0.8,,0,,,,<31,
9/3/2005,2005,9,3,,15.2,,3.3,,9.3,,8.7,,0,,0.2,,0,,0.2,,0,,,,<31,
9/4/2005,2005,9,4,,15.2,,1.1,,8.2,,9.8,,0,,0,,0,,0,,0,,,,<31,
9/5/2005,2005,9,5,,16.6,,2,,9.3,,8.7,,0,,0,,0,,0,,0,,,,<31,
9/6/2005,2005,9,6,,15.6,,5.4,,10.5,,7.5,,0,,0.8,,0,,0.8,,0,,,,<31,
9/7/2005,2005,9,7,,16.5,,5.6,,11.1,,6.9,,0,,0,T,0,,0,T,0,,26,E,33,E
9/8/2005,2005,9,8,,14.9,,5.7,,10.3,,7.7,,0,,1.2,,0,,1.2,,0,,,,<31,
9/9/2005,2005,9,9,,17.5,,3,,10.3,,7.7,,0,,0,,0,,0,,0,,,,<31,
9/10/2005,2005,9,10,,14,,3.4,,8.7,,9.3,,0,,0,,0,,0,,0,,,,<31,
9/11/2005,2005,9,11,,17.9,,5.4,,11.7,,6.3,,0,,0,,0,,0,,0,,,,<31,
9/12/2005,2005,9,12,,16.7,,-0.1,,8.3,,9.7,,0,,0.2,,0,,0.2,,0,,,,<31,
9/13/2005,2005,9,13,,12.2,,8.9,,10.6,,7.4,,0,,10,,0,,10,,0,,,,<31,
9/14/2005,2005,9,14,,11.6,,4.5,,8.1,,9.9,,0,,8.2,,0,,8.2,,0,,,,<31,
9/15/2005,2005,9,15,,12.6,,1.6,,7.1,,10.9,,0,,0,,0,,0,,0,,,,<31,
9/16/2005,2005,9,16,,12,,2.8,,7.4,,10.6,,0,,0,,0,,0,,0,,,,<31,
9/17/2005,2005,9,17,,13.2,,4.7,,9,,9,,0,,0.6,,0,,0.6,,0,,,,<31,
9/18/2005,2005,9,18,,13.7,,4.9,,9.3,,8.7,,0,,1.6,,0,,1.6,,0,,,,<31,
9/19/2005,2005,9,19,,12.2,,6.9,,9.6,,8.4,,0,,0.6,,0,,0.6,,0,,,,<31,
9/20/2005,2005,9,20,,12.4,,4.8,,8.6,,9.4,,0,,0,T,0,,0,T,0,,,,<31,
9/21/2005,2005,9,21,,10.5,,0.1,,5.3,,12.7,,0,,0.4,,0,,0.4,,0,,,,<31,
9/22/2005,2005,9,22,,8.6,,-0.3,,4.2,,13.8,,0,,1,,0,,1,,0,,,,<31,
9/23/2005,2005,9,23,,11.4,,0.2,,5.8,,12.2,,0,,0,T,0,,0,T,0,,,,<31,
9/24/2005,2005,9,24,,15.8,,5.6,,10.7,,7.3,,0,,1.8,,0,,1.8,,0,,25,E,52,E
9/25/2005,2005,9,25,,11.2,,0.3,,5.8,,12.2,,0,,0,,0,,0,,0,,29,E,33,E
9/26/2005,2005,9,26,,11.8,,-4.4,,3.7,,14.3,,0,,0,,0,,0,,0,,,,<31,
9/27/2005,2005,9,27,,9,,-4,,2.5,,15.5,,0,,1.8,,0,,1.8,,0,,,,<31,
9/28/2005,2005,9,28,,11.5,,3.7,,7.6,,10.4,,0,,3.6,,0,,3.6,,0,,,,<31,
9/29/2005,2005,9,29,,10.8,,2,,6.4,,11.6,,0,,2.2,,0,,2.2,,0,,,,<31,
9/30/2005,2005,9,30,,9.5,,-0.3,,4.6,,13.4,,0,,3.4,,0,,3.4,,0,,,,<31,
10/1/2005,2005,10,1,,9,,1.4,,5.2,,12.8,,0,,1.4,,0,,1.4,,0,,,,<31,
10/2/2005,2005,10,2,,4.8,,2.1,,3.5,,14.5,,0,,3,,0,,3,,0,,,,<31,
10/3/2005,2005,10,3,,4.5,,0.7,,2.6,,15.4,,0,,0.8,,0,T,0.8,,0,,,,<31,
10/4/2005,2005,10,4,,5.8,,-0.1,,2.9,,15.1,,0,,0,,0,T,0,T,0,,,,<31,
10/5/2005,2005,10,5,,5.2,,-2.5,,1.4,,16.6,,0,,0.2,,0,,0.2,,0,,,,<31,
10/6/2005,2005,10,6,,6.2,,-2.1,,2.1,,15.9,,0,,0.4,,0,,0.4,,0,,,,<31,
10/7/2005,2005,10,7,,9.1,,-1,,4.1,,13.9,,0,,2,,0,,2,,0,,,,<31,
10/8/2005,2005,10,8,,8.8,,-1.8,,3.5,,14.5,,0,,0,,0,,0,,0,,,,<31,
10/9/2005,2005,10,9,,6,,-3.4,,1.3,,16.7,,0,,3,,0,,3,,0,,10,E,46,E
10/10/2005,2005,10,10,,9,,-0.7,,4.2,,13.8,,0,,0,,0,,0,,0,,,,<31,
10/11/2005,2005,10,11,,6.4,,-3.2,,1.6,,16.4,,0,,1,,0,,1,,0,,10,E,43,E
10/12/2005,2005,10,12,,7.9,,1.5,,4.7,,13.3,,0,,0.2,,0,,0.2,,0,,,,<31,
10/13/2005,2005,10,13,,8.9,,-2.7,,3.1,,14.9,,0,,0,,0,,0,,0,,,,<31,
10/14/2005,2005,10,14,,6.5,,-5.8,,0.4,,17.6,,0,,0,,0,,0,,0,,,,<31,
10/15/2005,2005,10,15,,4.1,,-4.1,,0,,18,,0,,0,,0,T,0,T,0,,,,<31,
10/16/2005,2005,10,16,,0,,-9.7,,-4.9,,22.9,,0,,0,,0,,0,,0,,,,<31,
10/17/2005,2005,10,17,,1.9,,-7.1,,-2.6,,20.6,,0,,0,,0,,0,,0,,,,<31,
10/18/2005,2005,10,18,,4.6,,-2.6,,1,,17,,0,,0,,0,,0,,0,,,,<31,
10/19/2005,2005,10,19,,5.9,,-3.3,,1.3,,16.7,,0,,0,,0,T,0,T,0,,,,<31,
10/20/2005,2005,10,20,,4.5,,-8.2,,-1.9,,19.9,,0,,0,,0,,0,,0,,,,<31,
10/21/2005,2005,10,21,,4.3,,-5,,-0.4,,18.4,,0,,0,,5,,3.6,,0,,11,E,50,E
10/22/2005,2005,10,22,,10.1,,-3.7,,3.2,,14.8,,0,,0,T,0,T,0,T,0,,,,<31,
10/23/2005,2005,10,23,,8.3,,-4,,2.2,,15.8,,0,,0,,0,,0,,0,,9,E,37,E
10/24/2005,2005,10,24,,4.8,,-6.2,,-0.7,,18.7,,0,,0,,0,T,0,T,0,,,,<31,
10/25/2005,2005,10,25,,0.7,,-6.2,,-2.8,,20.8,,0,,0,,0,,0,,0,,,,<31,
10/26/2005,2005,10,26,,3.3,,-0.9,,1.2,,16.8,,0,,3.2,,0.2,,3.4,,0,,,,<31,
10/27/2005,2005,10,27,,2,,-8.7,,-3.4,,21.4,,0,,0,,0,,0,,0,,,,<31,
10/28/2005,2005,10,28,,0.7,,-11.8,,-5.6,,23.6,,0,,0,,0,,0,,0,,,,<31,
10/29/2005,2005,10,29,,0.9,,-4.9,,-2,,20,,0,,0,,0.6,,0.6,,0,,,,<31,
10/30/2005,2005,10,30,,-1,,-10.5,,-5.8,,23.8,,0,,0,,0,,0,,0,,,,<31,
10/31/2005,2005,10,31,,0.7,,-6.9,,-3.1,,21.1,,0,,0,,0.2,,0.2,,0,,11,E,33,E
11/1/2005,2005,11,1,,-1.1,,-6,,-3.6,,21.6,,0,,0,,0.5,,0.4,,0,,,,<31,
11/2/2005,2005,11,2,,-4.1,,-11.8,,-8,,26,,0,,0,,0,T,0,T,0,,,,<31,
11/3/2005,2005,11,3,,-3.8,,-8.5,,-6.2,,24.2,,0,,0,,0.8,,0.6,,0,,,,<31,
11/4/2005,2005,11,4,,-3.8,,-5.3,,-4.6,,22.6,,0,,0,,1,,1,,1,,,,<31,
11/5/2005,2005,11,5,,-4.6,,-11.5,,-8.1,,26.1,,0,,0,,3.6,,2.2,,2,,,,<31,
11/6/2005,2005,11,6,,-8.1,,-12.8,,-10.5,,28.5,,0,,0,,0.6,,0.4,,4,,,,<31,
11/7/2005,2005,11,7,,-8.3,,-11.7,,-10,,28,,0,,0,,1.6,,1,,6,,,,<31,
11/8/2005,2005,11,8,,-2.5,,-11.1,,-6.8,,24.8,,0,,0,,1.8,,0.6,,7,,,,<31,
11/9/2005,2005,11,9,,-3.4,,-10.2,,-6.8,,24.8,,0,,0,,3.1,,2.6,,8,,,,<31,
11/10/2005,2005,11,10,,-5,,-7.4,,-6.2,,24.2,,0,,0,,9.3,,6.6,,10,,,,<31,
11/11/2005,2005,11,11,,-6.4,,-14.2,,-10.3,,28.3,,0,,0,,0.4,,0.2,,16,,,,<31,
11/12/2005,2005,11,12,,-7,,-10.7,,-8.9,,26.9,,0,,0,,0,T,0,T,16,,,,<31,
11/13/2005,2005,11,13,,-9.7,,-12.3,,-11,,29,,0,,0,,0,T,0,T,16,,,,<31,
11/14/2005,2005,11,14,,-9.8,,-20.4,,-15.1,,33.1,,0,,0,,0,T,0,T,15,,,,<31,
11/15/2005,2005,11,15,,-12.5,,-17,,-14.8,,32.8,,0,,0,,4.2,,2,,14,,,,<31,
11/16/2005,2005,11,16,,-5.6,,-13.9,,-9.8,,27.8,,0,,0,,1,,0.8,,18,,,,<31,
11/17/2005,2005,11,17,,6.3,,-5.7,,0.3,,17.7,,0,,0.4,,0,T,0.4,,17,,26,E,41,E
11/18/2005,2005,11,18,,6.6,,-2.7,,2,,16,,0,,0,,0,,0,,10,,,,<31,
11/19/2005,2005,11,19,,9.7,,-1.9,,3.9,,14.1,,0,,0,T,3.2,,2.6,,10,,24,E,33,E
11/20/2005,2005,11,20,,-0.5,,-13,,-6.8,,24.8,,0,,0,,4.6,,4,,11,,,,<31,
11/21/2005,2005,11,21,,5.9,,-0.2,,2.9,,15.1,,0,,0,T,0,,0,T,15,,,,<31,
11/22/2005,2005,11,22,,6.4,,0.9,,3.7,,14.3,,0,,6.8,,0,,6.8,,10,,,,<31,
11/23/2005,2005,11,23,,12.1,,1.8,,7,,11,,0,,0,,0,,0,,6,,,,<31,
11/24/2005,2005,11,24,,8.3,,2.4,,5.4,,12.6,,0,,0,,0,,0,,2,,,,<31,
11/25/2005,2005,11,25,,6.9,,-3.3,,1.8,,16.2,,0,,0,,0,,0,,0,,18,E,37,E
11/26/2005,2005,11,26,,-2.2,,-13.5,,-7.9,,25.9,,0,,0,,0,,0,,0,,,,<31,
11/27/2005,2005,11,27,,-13.3,,-21.7,,-17.5,,35.5,,0,,0,,0,T,0,T,0,,,,<31,
11/28/2005,2005,11,28,,-19.6,,-26.5,,-23.1,,41.1,,0,,0,,0,T,0,T,0,,,,<31,
11/29/2005,2005,11,29,,-21.3,,-29.6,,-25.5,,43.5,,0,,0,,0,T,0,T,0,,,,<31,
11/30/2005,2005,11,30,,-20.7,,-27,,-23.9,,41.9,,0,,0,,0,T,0,T,0,,,,<31,
12/1/2005,2005,12,1,,-24,,-29,,-26.5,,44.5,,0,,0,,0,T,0,T,0,,,,,
12/2/2005,2005,12,2,,-19,,-24.2,,-21.6,,39.6,,0,,0,,1.2,,0.6,,0,,,,,
12/3/2005,2005,12,3,,-18.6,,-29.2,,-23.9,,41.9,,0,,0,,0.8,,0.6,,1,,,,,
12/4/2005,2005,12,4,,-20,,-26.2,,-23.1,,41.1,,0,,0,,2.8,,2.4,,3,,,,,
12/5/2005,2005,12,5,,-23.5,,-34,,-28.8,,46.8,,0,,0,,0.2,,0,T,4,,,,,
12/6/2005,2005,12,6,,-20,,-30.2,,-25.1,,43.1,,0,,0,,0,T,0,T,4,,,,,
12/7/2005,2005,12,7,,-12.5,,-20,,-16.3,,34.3,,0,,0,,2.4,,1.2,,5,,,,,
12/8/2005,2005,12,8,,1.9,,-13.3,,-5.7,,23.7,,0,,2.4,,1.2,,3.8,,7,,,,,
12/9/2005,2005,12,9,,0.9,,-9.8,,-4.5,,22.5,,0,,0,,0.4,,0.2,,6,,,,,
12/10/2005,2005,12,10,,2.9,,-5.3,,-1.2,,19.2,,0,,0,,0,,0,,6,,,,,
12/11/2005,2005,12,11,,-3.5,,-11.6,,-7.6,,25.6,,0,,0,,5.2,,6.4,,6,,,,,
12/12/2005,2005,12,12,,-1.8,,-7.7,,-4.8,,22.8,,0,,0,,0,T,0,T,9,,,,,
12/13/2005,2005,12,13,,-1.8,,-18.1,,-10,,28,,0,,0,,0,,0,,13,,,,,
12/14/2005,2005,12,14,,-17.6,,-25,,-21.3,,39.3,,0,,0,,0,,0,,13,,,,,
12/15/2005,2005,12,15,,-12.5,,-23.4,,-18,,36,,0,,0,,6.5,,4.8,,13,,,,,
12/16/2005,2005,12,16,,-14.4,,-22.5,,-18.5,,36.5,,0,,0,,0,,0,,20,,,,,
12/17/2005,2005,12,17,,-13.1,,-20.2,,-16.7,,34.7,,0,,0,,0,T,0,T,20,,,,,
12/18/2005,2005,12,18,,-15.3,,-24.4,,-19.9,,37.9,,0,,0,,0,T,0,T,19,,,,,
12/19/2005,2005,12,19,,-19.4,,-28.9,,-24.2,,42.2,,0,,0,,0,,0,,19,,,,,
12/20/2005,2005,12,20,,-15.7,,-20.7,,-18.2,,36.2,,0,,0,,1,,0.6,,19,,,,,
12/21/2005,2005,12,21,,-10.3,,-16.1,,-13.2,,31.2,,0,,0,,0,T,0,T,20,,,,,
12/22/2005,2005,12,22,,-13.2,,-19.1,,-16.2,,34.2,,0,,0,,0,,0,,20,,,,,
12/23/2005,2005,12,23,,-12,,-17.2,,-14.6,,32.6,,0,,0,,0,T,0,T,19,,,,,
12/24/2005,2005,12,24,,-12.3,,-20.2,,-16.3,,34.3,,0,,0,,0,,0,,19,,,,,
12/25/2005,2005,12,25,,-9,,-16.8,,-12.9,,30.9,,0,,0,,3.2,,3,,22,,,,,
12/26/2005,2005,12,26,,-11.7,,-18.2,,-15,,33,,0,,0,,0,,0,,22,,,,,
12/27/2005,2005,12,27,,-10,,-15.3,,-12.7,,30.7,,0,,0,,2,,1.2,,24,,,,,
12/28/2005,2005,12,28,,-14.2,,-20.4,,-17.3,,35.3,,0,,0,,0,,0,,24,,,,,
12/29/2005,2005,12,29,,-13.4,,-16.7,,-15.1,,33.1,,0,,0,,0,,0,,24,,,,,
12/30/2005,2005,12,30,,-14.8,,-19.5,,-17.2,,35.2,,0,,0,,0,T,0,T,24,,,,,
12/31/2005,2005,12,31,,-13.7,,-19.4,,-16.6,,34.6,,0,,0,,0.8,,0.8,,25,,,,,
