Station Name,TUNGSTEN,,,,,,,,,,,,,,,,,,,,,,,,,
Province,NORTHWEST TERRITORIES,,,,,,,,,,,,,,,,,,,,,,,,,
Latitude,61.95,,,,,,,,,,,,,,,,,,,,,,,,,
Longitude,-128.25,,,,,,,,,,,,,,,,,,,,,,,,,
Elevation,1143,,,,,,,,,,,,,,,,,,,,,,,,,
Climate Identifier,2203922,,,,,,,,,,,,,,,,,,,,,,,,,
WMO Identifier,,,,,,,,,,,,,,,,,,,,,,,,,,
TC Identifier,,,,,,,,,,,,,,,,,,,,,,,,,,
,,,,,,,,,,,,,,,,,,,,,,,,,,
Legend,,,,,,,,,,,,,,,,,,,,,,,,,,
A,Accumulated,,,,,,,,,,,,,,,,,,,,,,,,,
C,"Precipitation occurred, amount uncertain",,,,,,,,,,,,,,,,,,,,,,,,,
E,Estimated,,,,,,,,,,,,,,,,,,,,,,,,,
F,Accumulated and estimated,,,,,,,,,,,,,,,,,,,,,,,,,
L,Precipitation may or may not have occurred,,,,,,,,,,,,,,,,,,,,,,,,,
M,Missing,,,,,,,,,,,,,,,,,,,,,,,,,
N,Temperature missing but known to be > 0,,,,,,,,,,,,,,,,,,,,,,,,,
S,More than one occurrence,,,,,,,,,,,,,,,,,,,,,,,,,
T,Trace,,,,,,,,,,,,,,,,,,,,,,,,,
Y,Temperature missing but known to be < 0,,,,,,,,,,,,,,,,,,,,,,,,,
[empty],No data available,,,,,,,,,,,,,,,,,,,,,,,,,
^,The value displayed is based on incomplete data,,,,,,,,,,,,,,,,,,,,,,,,,
†,Data that is not subject to review by the National Climate Archives,,,,,,,,,,,,,,,,,,,,,,,,,
,,,,,,,,,,,,,,,,,,,,,,,,,,
Date/Time,Year,Month,Day,Data Quality,Max Temp (°C),Max Temp Flag,Min Temp (°C),Min Temp Flag,Mean Temp (°C),Mean Temp Flag,Heat Deg Days (°C),Heat Deg Days Flag,Cool Deg Days (°C),Cool Deg Days Flag,Total Rain (mm),Total Rain Flag,Total Snow (cm),Total Snow Flag,Total Precip (mm),Total Precip Flag,Snow on Grnd (cm),Snow on Grnd Flag,Dir of Max Gust (10s deg),Dir of Max Gust Flag,Spd of Max Gust (km/h),Spd of Max Gust Flag
1/1/1985,1985,1,1,,,M,,M,,M,,M,,M,0,,,M,,M,,M,,,,
1/2/1985,1985,1,2,,,M,,M,,M,,M,,M,0,,,M,,M,,M,,,,
1/3/1985,1985,1,3,,,M,,M,,M,,M,,M,0,,,M,,M,,M,,,,
1/4/1985,1985,1,4,,,M,,M,,M,,M,,M,0,,,M,,M,,M,,,,
1/5/1985,1985,1,5,,,M,,M,,M,,M,,M,0,,,M,,M,,M,,,,
1/6/1985,1985,1,6,,,M,,M,,M,,M,,M,0,,,M,,M,,M,,,,
1/7/1985,1985,1,7,,,M,,M,,M,,M,,M,0,,,M,,M,,M,,,,
1/8/1985,1985,1,8,,,M,,M,,M,,M,,M,0,,,M,,M,,M,,,,
1/9/1985,1985,1,9,,,M,,M,,M,,M,,M,0,,0,,0,,,M,,,,
1/10/1985,1985,1,10,,-10.5,,,M,,M,,M,,M,0,,0,T,0,T,48,,,,,
1/11/1985,1985,1,11,,-4,,-19,,-11.5,,29.5,,0,,0,,6.6,,6.6,,48,,,,,
1/12/1985,1985,1,12,,-3,,-12,,-7.5,,25.5,,0,,0,,1.7,,1.7,,54,,,,,
1/13/1985,1985,1,13,,-5,,-6,,-5.5,,23.5,,0,,0,,2.4,,2.4,,52,,,,,
1/14/1985,1985,1,14,,-8,,-11,,-9.5,,27.5,,0,,0,,1.6,,1.6,,54,,,,,
1/15/1985,1985,1,15,,-7,,-12,,-9.5,,27.5,,0,,0,,0,T,0,T,55,,,,,
1/16/1985,1985,1,16,,-10.5,,-17,,-13.8,,31.8,,0,,0,,10.9,,10.9,,54,,,,,
1/17/1985,1985,1,17,,-4,,-17,,-10.5,,28.5,,0,,0,,2.9,,2.9,,59,,,,,
1/18/1985,1985,1,18,,-15,,-20,,-17.5,,35.5,,0,,0,,1.8,,1.8,,60,,,,,
1/19/1985,1985,1,19,,-15,,-20,,-17.5,,35.5,,0,,0,,2,,2,,60,,,,,
1/20/1985,1985,1,20,,-7.5,,-18,,-12.8,,30.8,,0,,0,,1.9,,1.9,,61,,,,,
1/21/1985,1985,1,21,,-4,,-16,,-10,,28,,0,,0,,1,,1,,61,,,,,
1/22/1985,1985,1,22,,-1,,-17,,-9,,27,,0,,0,,1,,1,,60,,,,,
1/23/1985,1985,1,23,,1,,-11.5,,-5.3,,23.3,,0,,0,,0,T,0,T,61,,,,,
1/24/1985,1985,1,24,,-2,,-11,,-6.5,,24.5,,0,,0,,1.4,,1.4,,60,,,,,
1/25/1985,1985,1,25,,-2.5,,-12,,-7.3,,25.3,,0,,0,,0,T,0,T,61,,,,,
1/26/1985,1985,1,26,,-6,,-20,,-13,,31,,0,,0,,0,,0,,61,,,,,
1/27/1985,1985,1,27,,-4.5,,-20,,-12.3,,30.3,,0,,0,,2.1,,2.1,,61,,,,,
1/28/1985,1985,1,28,,-14.5,,-16,,-15.3,,33.3,,0,,0,,0,,0,,61,,,,,
1/29/1985,1985,1,29,,-15,,-27,,-21,,39,,0,,0,,0,,0,,61,,,,,
1/30/1985,1985,1,30,,-15.5,,-20.5,,-18,,36,,0,,0,,0,,0,,61,,,,,
1/31/1985,1985,1,31,,,M,-30,,,M,,M,,M,0,,0,,0,,61,,,,,
2/1/1985,1985,2,1,,-11,,-28,,-19.5,,37.5,,0,,0,,0,T,0,T,62,,,,,
2/2/1985,1985,2,2,,-9,,-18,,-13.5,,31.5,,0,,0,,0,,0,,62,,,,,
2/3/1985,1985,2,3,,-15,,-15.5,,-15.3,,33.3,,0,,0,,3.4,,3.4,,62,,,,,
2/4/1985,1985,2,4,,-10,,-23,,-16.5,,34.5,,0,,0,,4,,4,,65,,,,,
2/5/1985,1985,2,5,,-14,,-18,,-16,,34,,0,,0,,0,T,0,T,68,,,,,
2/6/1985,1985,2,6,,-18,,-25,,-21.5,,39.5,,0,,0,,0,T,0,T,68,,,,,
2/7/1985,1985,2,7,,-27,,-34,,-30.5,,48.5,,0,,0,,0,,0,,68,,,,,
2/8/1985,1985,2,8,,-29,,-37,,-33,,51,,0,,0,,0,,0,,68,,,,,
2/9/1985,1985,2,9,,-31,,-40,,-35.5,,53.5,,0,,0,,0,,0,,68,,,,,
2/10/1985,1985,2,10,,-33,,-42,,-37.5,,55.5,,0,,0,,0,,0,,68,,,,,
2/11/1985,1985,2,11,,-27,,-44,,-35.5,,53.5,,0,,0,,0,T,0,T,68,,,,,
2/12/1985,1985,2,12,,-27,,-43,,-35,,53,,0,,0,,1.6,,1.6,,68,,,,,
2/13/1985,1985,2,13,,-25,,-43,,-34,,52,,0,,0,,2.1,,2.1,,68,,,,,
2/14/1985,1985,2,14,,-23,,-41,,-32,,50,,0,,0,,14.6,,14.6,,68,,,,,
2/15/1985,1985,2,15,,-17.5,,-27,,-22.3,,40.3,,0,,0,,2,,2,,80,,,,,
2/16/1985,1985,2,16,,-23,,-30.5,,-26.8,,44.8,,0,,0,,1,,1,,80,,,,,
2/17/1985,1985,2,17,,-20,,-28,,-24,,42,,0,,0,,3.6,,3.6,,80,,,,,
2/18/1985,1985,2,18,,-14,,-29.5,,-21.8,,39.8,,0,,0,,2.7,,2.7,,82,,,,,
2/19/1985,1985,2,19,,-17,,-20,,-18.5,,36.5,,0,,0,,0,,0,,83,,,,,
2/20/1985,1985,2,20,,-19,,-33.5,,-26.3,,44.3,,0,,0,,11.6,,11.6,,83,,,,,
2/21/1985,1985,2,21,,-19,,-31,,-25,,43,,0,,0,,8,,8,,93,,,,,
2/22/1985,1985,2,22,,-22.5,,-27,,-24.8,,42.8,,0,,0,,3.4,,3.4,,98,,,,,
2/23/1985,1985,2,23,,-20.5,,-28,,-24.3,,42.3,,0,,0,,0,,0,,100,,,,,
2/24/1985,1985,2,24,,-17,,-30,,-23.5,,41.5,,0,,0,,0,,0,,100,,,,,
2/25/1985,1985,2,25,,-6,,-28.5,,-17.3,,35.3,,0,,0,,1,,1,,100,,,,,
2/26/1985,1985,2,26,,-0.5,,-23,,-11.8,,29.8,,0,,0,,11,,11,,101,,,,,
2/27/1985,1985,2,27,,0,,-7,,-3.5,,21.5,,0,,0,,3,,3,,112,,,,,
2/28/1985,1985,2,28,,,M,-6,,,M,,M,,M,0,,,M,,M,115,,,,,
3/1/1985,1985,3,1,,-15,,-17,,-16,,34,,0,,0,,0,T,0,T,116,,,,,
3/2/1985,1985,3,2,,-9.5,,-24,,-16.8,,34.8,,0,,0,,0,,0,,115,,,,,
3/3/1985,1985,3,3,,-12.5,,-21,,-16.8,,34.8,,0,,0,,0,,0,,115,,,,,
3/4/1985,1985,3,4,,-15,,-24,,-19.5,,37.5,,0,,0,,0,,0,,115,,,,,
3/5/1985,1985,3,5,,-17,,-30,,-23.5,,41.5,,0,,0,,0,,0,,115,,,,,
3/6/1985,1985,3,6,,-14,,-33,,-23.5,,41.5,,0,,0,,0,,0,,115,,,,,
3/7/1985,1985,3,7,,-3.5,,-30,,-16.8,,34.8,,0,,0,,0,,0,,115,,,,,
3/8/1985,1985,3,8,,-4,,-15,,-9.5,,27.5,,0,,0,,0,,0,,114,,,,,
3/9/1985,1985,3,9,,,M,-9,,,M,,M,,M,0,,0,L,0,L,114,,,,,
3/10/1985,1985,3,10,,-3.5,,,M,,M,,M,,M,0,,1,A,1,A,,M,,,,
3/11/1985,1985,3,11,,-3,,-20,,-11.5,,29.5,,0,,0,,1,,1,,115,,,,,
3/12/1985,1985,3,12,,-2,,-9,,-5.5,,23.5,,0,,0,,1,,1,,116,,,,,
3/13/1985,1985,3,13,,-4,,-10,,-7,,25,,0,,0,,4.5,,4.5,,117,,,,,
3/14/1985,1985,3,14,,-4.5,,-9.5,,-7,,25,,0,,0,,0,,0,,,M,,,,
3/15/1985,1985,3,15,,-5,,-20,,-12.5,,30.5,,0,,0,,0,,0,,,M,,,,
3/16/1985,1985,3,16,,-2,,-14.5,,-8.3,,26.3,,0,,0,,15,,15,,,M,,,,
3/17/1985,1985,3,17,,-3.5,,-10.5,,-7,,25,,0,,0,,0,,0,,,M,,,,
3/18/1985,1985,3,18,,-3,,-17,,-10,,28,,0,,0,,0,,0,,,M,,,,
3/19/1985,1985,3,19,,-3,,-18.5,,-10.8,,28.8,,0,,0,,0,,0,,,M,,,,
3/20/1985,1985,3,20,,-4,,-18,,-11,,29,,0,,0,,0,,0,,,M,,,,
3/21/1985,1985,3,21,,-4,,-23,,-13.5,,31.5,,0,,0,,0,,0,,,M,,,,
3/22/1985,1985,3,22,,,M,-24.5,,,M,,M,,M,0,,0,,0,,,M,,,,
3/23/1985,1985,3,23,,,M,,M,,M,,M,,M,0,,0,,0,,,M,,,,
3/24/1985,1985,3,24,,-5,,,M,,M,,M,,M,0,,0,,0,,,M,,,,
3/25/1985,1985,3,25,,-4,,-23,,-13.5,,31.5,,0,,0,,0,,0,,,M,,,,
3/26/1985,1985,3,26,,-5.5,,-22,,-13.8,,31.8,,0,,0,,0,,0,,115,,,,,
3/27/1985,1985,3,27,,-7.5,,-22,,-14.8,,32.8,,0,,0,,0,T,0,T,113,,,,,
3/28/1985,1985,3,28,,-7.5,,-21,,-14.3,,32.3,,0,,0,,0,,0,,111,,,,,
3/29/1985,1985,3,29,,-7,,-20,,-13.5,,31.5,,0,,0,,0,T,0,T,111,,,,,
3/30/1985,1985,3,30,,-5.5,,-20,,-12.8,,30.8,,0,,0,,13,,13,,111,,,,,
3/31/1985,1985,3,31,,-2,,-12,,-7,,25,,0,,0,,20,,20,,120,,,,,
4/1/1985,1985,4,1,,0,,-7,,-3.5,,21.5,,0,,0,,2.4,,2.4,,128,,,,,
4/2/1985,1985,4,2,,-6,,-13,,-9.5,,27.5,,0,,0,,0,T,0,T,121,,,,,
4/3/1985,1985,4,3,,-5.5,,-21.5,,-13.5,,31.5,,0,,0,,2.5,,2.5,,120,,,,,
4/4/1985,1985,4,4,,-2,,-14,,-8,,26,,0,,0,,5,,5,,121,,,,,
4/5/1985,1985,4,5,,-2.5,,-9,,-5.8,,23.8,,0,,0,,1.6,,1.6,,123,,,,,
4/6/1985,1985,4,6,,-1.5,,-17.5,,-9.5,,27.5,,0,,0,,0,T,0,T,120,,,,,
4/7/1985,1985,4,7,,0,,-15,,-7.5,,25.5,,0,,0,,16,,16,,115,,,,,
4/8/1985,1985,4,8,,1,,-8.5,,-3.8,,21.8,,0,,0,,0,T,0,T,123,,,,,
4/9/1985,1985,4,9,,-1.5,,-4.5,,-3,,21,,0,,0,,1,,1,,117,,,,,
4/10/1985,1985,4,10,,-3.5,,-10,,-6.8,,24.8,,0,,0,,0,,0,,113,,,,,
4/11/1985,1985,4,11,,-2,,-11.5,,-6.8,,24.8,,0,,0,,1,,1,,109,,,,,
4/12/1985,1985,4,12,,1,,-10,,-4.5,,22.5,,0,,0,,2,,2,,107,,,,,
4/13/1985,1985,4,13,,0,,-11,,-5.5,,23.5,,0,,0,,1,,1,,100,,,,,
4/14/1985,1985,4,14,,-6.5,,-15,,-10.8,,28.8,,0,,0,,0,,0,,100,,,,,
4/15/1985,1985,4,15,,-3.5,,-22,,-12.8,,30.8,,0,,0,,0,,0,,100,,,,,
4/16/1985,1985,4,16,,0,,-19.5,,-9.8,,27.8,,0,,0,,0,T,0,T,100,,,,,
4/17/1985,1985,4,17,,-1,,-16.5,,-8.8,,26.8,,0,,0,,2,,2,,100,,,,,
4/18/1985,1985,4,18,,1.5,,-10,,-4.3,,22.3,,0,,0,,5.5,,5.5,,100,,,,,
4/19/1985,1985,4,19,,-0.5,,-8.5,,-4.5,,22.5,,0,,0,,1,,1,,100,,,,,
4/20/1985,1985,4,20,,-0.5,,-13,,-6.8,,24.8,,0,,0,,0,,0,,99,,,,,
4/21/1985,1985,4,21,,2,,-17,,-7.5,,25.5,,0,,0,,0,,0,,97,,,,,
4/22/1985,1985,4,22,,2,,-14,,-6,,24,,0,,0,,0,,0,,95,,,,,
4/23/1985,1985,4,23,,1,,-14,,-6.5,,24.5,,0,,0,,0,,0,,92,,,,,
4/24/1985,1985,4,24,,2.5,,-13,,-5.3,,23.3,,0,,0,,0,,0,,90,,,,,
4/25/1985,1985,4,25,,0,,-15,,-7.5,,25.5,,0,,0,,6,,6,,87,,,,,
4/26/1985,1985,4,26,,0,,-5,,-2.5,,20.5,,0,,0,,0,T,0,T,92,,,,,
4/27/1985,1985,4,27,,0,,-9,,-4.5,,22.5,,0,,0,,1,,1,,90,,,,,
4/28/1985,1985,4,28,,-2,,-9,,-5.5,,23.5,,0,,0,,15,,15,,86,,,,,
4/29/1985,1985,4,29,,1,,-8,,-3.5,,21.5,,0,,0,,0,,0,,96,,,,,
4/30/1985,1985,4,30,,2,,-11,,-4.5,,22.5,,0,,0,,1,,1,,92,,,,,
5/1/1985,1985,5,1,,3.5,,-10,,-3.3,,21.3,,0,,0,,0,,0,,85,,,,,
5/2/1985,1985,5,2,,2.5,,-7,,-2.3,,20.3,,0,,0,,0,T,0,T,81,,,,,
5/3/1985,1985,5,3,,1.5,,-5.5,,-2,,20,,0,,0,,6,,6,,76,,,,,
5/4/1985,1985,5,4,,6,,0,,3,,15,,0,,0.4,,2,,2.4,,70,,,,,
5/5/1985,1985,5,5,,3.5,,-0.5,,1.5,,16.5,,0,,0,,0,T,0,T,66,,,,,
5/6/1985,1985,5,6,,6,,-1,,2.5,,15.5,,0,,0,T,0,T,0,T,63,,,,,
5/7/1985,1985,5,7,,6,,-2,,2,,16,,0,,0,T,0,T,0,T,56,,,,,
5/8/1985,1985,5,8,,5,,-0.5,,2.3,,15.7,,0,,0,T,0,T,0,T,54,,,,,
5/9/1985,1985,5,9,,4,,0,,2,,16,,0,,0,,0,T,0,T,50,,,,,
5/10/1985,1985,5,10,,4,,-3.5,,0.3,,17.7,,0,,0,,1,,1,,47,,,,,
5/11/1985,1985,5,11,,1.5,,-3.5,,-1,,19,,0,,0,,0,,0,,46,,,,,
5/12/1985,1985,5,12,,2.5,,-10,,-3.8,,21.8,,0,,0,,1,,1,,45,,,,,
5/13/1985,1985,5,13,,6,,-9,,-1.5,,19.5,,0,,0,,1.5,,1.5,,42,,,,,
5/14/1985,1985,5,14,,4,,-1.5,,1.3,,16.7,,0,,0,,2,,2,,37,,,,,
5/15/1985,1985,5,15,,6,,-2,,2,,16,,0,,0.6,,0,T,0.6,,35,,,,,
5/16/1985,1985,5,16,,10.5,,-1,,4.8,,13.2,,0,,0.5,,0,T,0.5,,31,,,,,
5/17/1985,1985,5,17,,7.5,,0,,3.8,,14.2,,0,,0,,0,,0,,29,,,,,
5/18/1985,1985,5,18,,10.5,,-4.5,,3,,15,,0,,0,,0,,0,,21,,,,,
5/19/1985,1985,5,19,,9.5,,-2,,3.8,,14.2,,0,,0,T,0,T,0,T,19,,,,,
5/20/1985,1985,5,20,,9.5,,-0.5,,4.5,,13.5,,0,,0,T,5,,5,,15,,,,,
5/21/1985,1985,5,21,,3.5,,0,,1.8,,16.2,,0,,0,T,7,,7,,12,,,,,
5/22/1985,1985,5,22,,6.5,,-3,,1.8,,16.2,,0,,0,,0,,0,,10,,,,,
5/23/1985,1985,5,23,,10,,-5,,2.5,,15.5,,0,,0,,0,,0,,4,,,,,
5/24/1985,1985,5,24,,10,,-3,,3.5,,14.5,,0,,0,,0,,0,,0,T,,,,
5/25/1985,1985,5,25,,12,,-4,,4,,14,,0,,0,,0,,0,,0,T,,,,
5/26/1985,1985,5,26,,13,,-2,,5.5,,12.5,,0,,0,,0,,0,,0,T,,,,
5/27/1985,1985,5,27,,5,,0,,2.5,,15.5,,0,,0,T,3,,3,,0,T,,,,
5/28/1985,1985,5,28,,9,,-2.5,,3.3,,14.7,,0,,0,T,1,,1,,1,,,,,
5/29/1985,1985,5,29,,12.5,,-2,,5.3,,12.7,,0,,0,,0,,0,,0,T,,,,
5/30/1985,1985,5,30,,12.5,,0,,6.3,,11.7,,0,,0,,0,,0,,0,T,,,,
5/31/1985,1985,5,31,,,M,-1,,,M,,M,,M,0,,0,,0,,0,T,,,,
6/1/1985,1985,6,1,,17,,1,,9,,9,,0,,0,,0,,0,,0,,,,,
6/2/1985,1985,6,2,,17.5,,0,,8.8,,9.2,,0,,0,,0,,0,,0,,,,,
6/3/1985,1985,6,3,,19.5,,0.5,,10,,8,,0,,0,,0,,0,,0,,,,,
6/4/1985,1985,6,4,,20.5,,1,,10.8,,7.2,,0,,0,,0,,0,,0,,,,,
6/5/1985,1985,6,5,,19.5,,2,,10.8,,7.2,,0,,0,,0,,0,,0,,,,,
6/6/1985,1985,6,6,,9,,5.5,,7.3,,10.7,,0,,5.1,,0,,5.1,,0,,,,,
6/7/1985,1985,6,7,,6.5,,1,,3.8,,14.2,,0,,5,,0,,5,,0,,,,,
6/8/1985,1985,6,8,,8,,1.5,,4.8,,13.2,,0,,0,T,0,,0,T,0,,,,,
6/9/1985,1985,6,9,,9.5,,0.5,,5,,13,,0,,4.3,,1,,5.3,,0,,,,,
6/10/1985,1985,6,10,,13,,1.5,,7.3,,10.7,,0,,0.2,,0,,0.2,,0,,,,,
6/11/1985,1985,6,11,,12,,1,,6.5,,11.5,,0,,0.3,,0,,0.3,,0,,,,,
6/12/1985,1985,6,12,,9.5,,3.5,,6.5,,11.5,,0,,1.6,,0,,1.6,,0,,,,,
6/13/1985,1985,6,13,,7.5,,0,,3.8,,14.2,,0,,1.4,,0,,1.4,,0,,,,,
6/14/1985,1985,6,14,,11,,-1.5,,4.8,,13.2,,0,,0,T,0,T,0,T,0,,,,,
6/15/1985,1985,6,15,,11,,-2,,4.5,,13.5,,0,,1.6,,0,T,1.6,,0,,,,,
6/16/1985,1985,6,16,,10.5,,-1,,4.8,,13.2,,0,,0,,0,,0,,0,,,,,
6/17/1985,1985,6,17,,11.5,,-1.5,,5,,13,,0,,0.9,,0,,0.9,,0,,,,,
6/18/1985,1985,6,18,,13,,1.5,,7.3,,10.7,,0,,1.5,,0,,1.5,,0,,,,,
6/19/1985,1985,6,19,,11,,4.5,,7.8,,10.2,,0,,6.8,,0,,6.8,,0,,,,,
6/20/1985,1985,6,20,,12.5,,2,,7.3,,10.7,,0,,4.2,,0,,4.2,,0,,,,,
6/21/1985,1985,6,21,,13.5,,1,,7.3,,10.7,,0,,1.4,,0,,1.4,,0,,,,,
6/22/1985,1985,6,22,,14,,0,,7,,11,,0,,0.2,,0,,0.2,,0,,,,,
6/23/1985,1985,6,23,,15,,0,,7.5,,10.5,,0,,4.5,,0,,4.5,,0,,,,,
6/24/1985,1985,6,24,,15,,3,,9,,9,,0,,0.2,,0,,0.2,,0,,,,,
6/25/1985,1985,6,25,,11,,6,,8.5,,9.5,,0,,0.4,,0,,0.4,,0,,,,,
6/26/1985,1985,6,26,,12.5,,3.5,,8,,10,,0,,4.4,,0,,4.4,,0,,,,,
6/27/1985,1985,6,27,,13,,1.5,,7.3,,10.7,,0,,0.4,,0,,0.4,,0,,,,,
6/28/1985,1985,6,28,,17,,0.5,,8.8,,9.2,,0,,0,,0,,0,,0,,,,,
6/29/1985,1985,6,29,,20.5,,0.5,,10.5,,7.5,,0,,0,,0,,0,,0,,,,,
6/30/1985,1985,6,30,,23,,1,,12,,6,,0,,0,,0,,0,,0,,,,,
7/1/1985,1985,7,1,,22.5,,4,,13.3,,4.7,,0,,0,,0,,0,,0,,,,,
7/2/1985,1985,7,2,,14.5,,11,,12.8,,5.2,,0,,2.6,E,0,,2.6,E,0,,,,,
7/3/1985,1985,7,3,,18,,6.5,,12.3,,5.7,,0,,0,,0,,0,,0,,,,,
7/4/1985,1985,7,4,,17,,7,,12,,6,,0,,1.8,E,0,,1.8,E,0,,,,,
7/5/1985,1985,7,5,,21,,3.5,,12.3,,5.7,,0,,0.2,E,0,,0.2,E,0,,,,,
7/6/1985,1985,7,6,,14,,7.5,,10.8,,7.2,,0,,3.8,E,0,,3.8,E,0,,,,,
7/7/1985,1985,7,7,,15.5,,0.5,,8,,10,,0,,0,,0,,0,,0,,,,,
7/8/1985,1985,7,8,,20.5,,0.5,,10.5,,7.5,,0,,1,E,0,,1,E,0,,,,,
7/9/1985,1985,7,9,,18,,6.5,,12.3,,5.7,,0,,4.6,E,0,,4.6,E,0,,,,,
7/10/1985,1985,7,10,,14.5,,9,,11.8,,6.2,,0,,0.2,E,0,,0.2,E,0,,,,,
7/11/1985,1985,7,11,,19,,9,,14,,4,,0,,1.4,E,0,,1.4,E,0,,,,,
7/12/1985,1985,7,12,,15.5,,7,,11.3,,6.7,,0,,4.8,E,0,,4.8,E,0,,,,,
7/13/1985,1985,7,13,,13.5,,8,,10.8,,7.2,,0,,7.4,E,0,,7.4,E,0,,,,,
7/14/1985,1985,7,14,,14,,6.5,,10.3,,7.7,,0,,6.2,E,0,,6.2,E,0,,,,,
7/15/1985,1985,7,15,,15,,2,,8.5,,9.5,,0,,0,,0,,0,,0,,,,,
7/16/1985,1985,7,16,,16,,1,,8.5,,9.5,,0,,4,E,0,,4,E,0,,,,,
7/17/1985,1985,7,17,,15.5,,6,,10.8,,7.2,,0,,7.6,E,0,,7.6,E,0,,,,,
7/18/1985,1985,7,18,,14.5,,2.5,,8.5,,9.5,,0,,0,,0,,0,,0,,,,,
7/19/1985,1985,7,19,,18.5,,2,,10.3,,7.7,,0,,0,,0,,0,,0,,,,,
7/20/1985,1985,7,20,,14.5,,7,,10.8,,7.2,,0,,15.4,E,0,,15.4,E,0,,,,,
7/21/1985,1985,7,21,,11.5,,6,,8.8,,9.2,,0,,6.4,E,0,,6.4,E,0,,,,,
7/22/1985,1985,7,22,,14,,4.5,,9.3,,8.7,,0,,0,,0,,0,,0,,,,,
7/23/1985,1985,7,23,,14,,3,,8.5,,9.5,,0,,2,E,0,,2,E,0,,,,,
7/24/1985,1985,7,24,,12.5,,5.5,,9,,9,,0,,5.2,E,0,,5.2,E,0,,,,,
7/25/1985,1985,7,25,,12.5,,6,,9.3,,8.7,,0,,4.4,E,0,,4.4,E,0,,,,,
7/26/1985,1985,7,26,,15,,6,,10.5,,7.5,,0,,6.4,E,0,,6.4,E,0,,,,,
7/27/1985,1985,7,27,,19,,3,,11,,7,,0,,1.8,E,0,,1.8,E,0,,,,,
7/28/1985,1985,7,28,,20.5,,2.5,,11.5,,6.5,,0,,0,,0,,0,,0,,,,,
7/29/1985,1985,7,29,,22.5,,3,,12.8,,5.2,,0,,0,,0,,0,,0,,,,,
7/30/1985,1985,7,30,,25,,4,,14.5,,3.5,,0,,0.2,E,0,,0.2,E,0,,,,,
7/31/1985,1985,7,31,,,M,7,,,M,,M,,M,0,,0,,0,,0,,,,,
8/1/1985,1985,8,1,,19,,5.5,,12.3,,5.7,,0,,0,T,0,,0,T,0,,,,,
8/2/1985,1985,8,2,,16,,8,,12,,6,,0,,3.2,,0,,3.2,,0,,,,,
8/3/1985,1985,8,3,,15.5,,4.5,,10,,8,,0,,0.5,,0,,0.5,,0,,,,,
8/4/1985,1985,8,4,,17.5,,2,,9.8,,8.2,,0,,0.4,,0,,0.4,,0,,,,,
8/5/1985,1985,8,5,,16.5,,3.5,,10,,8,,0,,0,,0,,0,,0,,,,,
8/6/1985,1985,8,6,,16,,2,,9,,9,,0,,0,,0,,0,,0,,,,,
8/7/1985,1985,8,7,,18.5,,3,,10.8,,7.2,,0,,2,,0,,2,,0,,,,,
8/8/1985,1985,8,8,,14.5,,5,,9.8,,8.2,,0,,6.2,,0,,6.2,,0,,,,,
8/9/1985,1985,8,9,,12,,5.5,,8.8,,9.2,,0,,1.9,,0,,1.9,,0,,,,,
8/10/1985,1985,8,10,,12,,3.5,,7.8,,10.2,,0,,1.3,,0,,1.3,,0,,,,,
8/11/1985,1985,8,11,,11,,5,,8,,10,,0,,7.1,,0,,7.1,,0,,,,,
8/12/1985,1985,8,12,,12,,-0.5,,5.8,,12.2,,0,,0.7,,0,,0.7,,0,,,,,
8/13/1985,1985,8,13,,13,,0,,6.5,,11.5,,0,,14.3,,0,,14.3,,0,,,,,
8/14/1985,1985,8,14,,14,,5,,9.5,,8.5,,0,,0,T,0,,0,T,0,,,,,
8/15/1985,1985,8,15,,18,,-0.5,,8.8,,9.2,,0,,0.2,,0,,0.2,,0,,,,,
8/16/1985,1985,8,16,,13,,0,,6.5,,11.5,,0,,6.7,,0,,6.7,,0,,,,,
8/17/1985,1985,8,17,,9.5,,4,,6.8,,11.2,,0,,28,,0,,28,,0,,,,,
8/18/1985,1985,8,18,,11,,2,,6.5,,11.5,,0,,0,T,0,,0,T,0,,,,,
8/19/1985,1985,8,19,,10.5,,3,,6.8,,11.2,,0,,4.3,,0,,4.3,,0,,,,,
8/20/1985,1985,8,20,,10,,0.5,,5.3,,12.7,,0,,3.9,,0,,3.9,,0,,,,,
8/21/1985,1985,8,21,,9,,-0.5,,4.3,,13.7,,0,,3.6,,0,,3.6,,0,,,,,
8/22/1985,1985,8,22,,9.5,,1,,5.3,,12.7,,0,,4.1,,0,,4.1,,0,,,,,
8/23/1985,1985,8,23,,9,,2.5,,5.8,,12.2,,0,,5.6,,0,,5.6,,0,,,,,
8/24/1985,1985,8,24,,10,,2,,6,,12,,0,,0,T,0,,0,T,0,,,,,
8/25/1985,1985,8,25,,12.5,,-2.5,,5,,13,,0,,0.5,,0,,0.5,,0,,,,,
8/26/1985,1985,8,26,,11.5,,-2,,4.8,,13.2,,0,,0,,0,,0,,0,,,,,
8/27/1985,1985,8,27,,11,,-2.5,,4.3,,13.7,,0,,0.4,,0,,0.4,,0,,,,,
8/28/1985,1985,8,28,,10,,-2,,4,,14,,0,,0,,0,,0,,0,,,,,
8/29/1985,1985,8,29,,13.5,,0.5,,7,,11,,0,,0,,0,,0,,0,,,,,
8/30/1985,1985,8,30,,13.5,,0,,6.8,,11.2,,0,,0,,0,,0,,0,,,,,
8/31/1985,1985,8,31,,10.5,,2,,6.3,,11.7,,0,,3.9,,0,,3.9,,0,,,,,
9/1/1985,1985,9,1,,11.5,,0,,5.8,,12.2,,0,,2.6,,0,,2.6,,0,,,,,
9/2/1985,1985,9,2,,9.5,,0.5,,5,,13,,0,,6.4,,0,,6.4,,0,,,,,
9/3/1985,1985,9,3,,10.5,,5,,7.8,,10.2,,0,,0.7,,0,,0.7,,0,,,,,
9/4/1985,1985,9,4,,8.5,,0.5,,4.5,,13.5,,0,,0.5,,0,,0.5,,0,,,,,
9/5/1985,1985,9,5,,6.5,,0,,3.3,,14.7,,0,,0,,0,,0,,0,,,,,
9/6/1985,1985,9,6,,7,,-6.5,,0.3,,17.7,,0,,0,,0,,0,,0,,,,,
9/7/1985,1985,9,7,,9,,-6.5,,1.3,,16.7,,0,,0,,0,,0,,0,,,,,
9/8/1985,1985,9,8,,17,,-3,,7,,11,,0,,0,,0,,0,,0,,,,,
9/9/1985,1985,9,9,,16,,-1.5,,7.3,,10.7,,0,,1.9,,0,,1.9,,0,,,,,
9/10/1985,1985,9,10,,9.5,,-1,,4.3,,13.7,,0,,10.5,,0,,10.5,,0,,,,,
9/11/1985,1985,9,11,,11,,0,,5.5,,12.5,,0,,0,,0,,0,,0,,,,,
9/12/1985,1985,9,12,,13,,0,,6.5,,11.5,,0,,0,,0,,0,,0,,,,,
9/13/1985,1985,9,13,,9.5,,3,,6.3,,11.7,,0,,1.5,,0,,1.5,,0,,,,,
9/14/1985,1985,9,14,,15,,3,,9,,9,,0,,0.5,,0,,0.5,,0,,,,,
9/15/1985,1985,9,15,,10,,3,,6.5,,11.5,,0,,8.3,,0,,8.3,,0,,,,,
9/16/1985,1985,9,16,,8,,3.5,,5.8,,12.2,,0,,5.5,,0,,5.5,,0,,,,,
9/17/1985,1985,9,17,,1.5,,-2,,-0.3,,18.3,,0,,1,,0,,1,,0,,,,,
9/18/1985,1985,9,18,,1.5,,-2.5,,-0.5,,18.5,,0,,0,,0,,0,,0,,,,,
9/19/1985,1985,9,19,,5,,-5,,0,,18,,0,,0,T,0,T,0,T,0,,,,,
9/20/1985,1985,9,20,,5,,-3.5,,0.8,,17.2,,0,,0,T,0,T,0,T,0,T,,,,
9/21/1985,1985,9,21,,-1.5,,-3,,-2.3,,20.3,,0,,0,,0,,0,,0,T,,,,
9/22/1985,1985,9,22,,2,,-9,,-3.5,,21.5,,0,,0,,6,,6,,0,T,,,,
9/23/1985,1985,9,23,,5,,-9,,-2,,20,,0,,0,,2,,2,,3,,,,,
9/24/1985,1985,9,24,,7,,-2.5,,2.3,,15.7,,0,,14,,0,,14,,0,T,,,,
9/25/1985,1985,9,25,,5,,-1,,2,,16,,0,,2.2,,0,T,2.2,,0,,,,,
9/26/1985,1985,9,26,,4.5,,-1.5,,1.5,,16.5,,0,,0,T,0,T,0,T,0,,,,,
9/27/1985,1985,9,27,,8,,-4,,2,,16,,0,,0,,0,,0,,0,,,,,
9/28/1985,1985,9,28,,12,,-4,,4,,14,,0,,0,,0,,0,,0,,,,,
9/29/1985,1985,9,29,,8,,-4,,2,,16,,0,,0,,0,,0,,0,,,,,
9/30/1985,1985,9,30,,6,,-5,,0.5,,17.5,,0,,9.1,,2,,11.1,,0,,,,,
10/1/1985,1985,10,1,,5,,0,,2.5,,15.5,,0,,4.5,,0,T,4.5,,0,T,,,,
10/2/1985,1985,10,2,,5,,0,,2.5,,15.5,,0,,2,,0,T,2,,0,T,,,,
10/3/1985,1985,10,3,,5,,-1,,2,,16,,0,,0,,0,,0,,0,T,,,,
10/4/1985,1985,10,4,,1.5,,-2.5,,-0.5,,18.5,,0,,0,,4.5,,4.5,,0,,,,,
10/5/1985,1985,10,5,,1,,-1.5,,-0.3,,18.3,,0,,0,T,0,,0,T,2,,,,,
10/6/1985,1985,10,6,,-1,,-11.5,,-6.3,,24.3,,0,,0,,0,,0,,0,T,,,,
10/7/1985,1985,10,7,,1,,-13,,-6,,24,,0,,0,,0,,0,,0,T,,,,
10/8/1985,1985,10,8,,0,,-14.5,,-7.3,,25.3,,0,,0,,0,T,0,T,0,T,,,,
10/9/1985,1985,10,9,,4,,-5,,-0.5,,18.5,,0,,0,T,0,T,0,T,0,T,,,,
10/10/1985,1985,10,10,,3,,-1,,1,,17,,0,,0,T,0,T,0,T,0,T,,,,
10/11/1985,1985,10,11,,,M,-4,,,M,,M,,M,,M,,M,,M,0,T,,,,
10/12/1985,1985,10,12,,,M,,M,,M,,M,,M,,M,,M,,M,,M,,,,
10/13/1985,1985,10,13,,,M,,M,,M,,M,,M,,M,,M,,M,,M,,,,
10/14/1985,1985,10,14,,,M,,M,,M,,M,,M,,M,,M,,M,,M,,,,
10/15/1985,1985,10,15,,,M,,M,,M,,M,,M,,M,,M,,M,,M,,,,
10/16/1985,1985,10,16,,,M,,M,,M,,M,,M,,M,,M,,M,,M,,,,
10/17/1985,1985,10,17,,,M,,M,,M,,M,,M,,M,,M,,M,,M,,,,
10/18/1985,1985,10,18,,,M,,M,,M,,M,,M,,M,,M,,M,,M,,,,
10/19/1985,1985,10,19,,,M,,M,,M,,M,,M,,M,,M,,M,,M,,,,
10/20/1985,1985,10,20,,,M,,M,,M,,M,,M,,M,,M,,M,,M,,,,
10/21/1985,1985,10,21,,,M,,M,,M,,M,,M,,M,,M,,M,,M,,,,
10/22/1985,1985,10,22,,-8,,,M,,M,,M,,M,,M,,M,,M,,M,,,,
10/23/1985,1985,10,23,,-6.5,,-13,,-9.8,,27.8,,0,,0,,3,,3,,9,,,,,
10/24/1985,1985,10,24,,-8,,-17,,-12.5,,30.5,,0,,0,,4.6,,4.6,,12,,,,,
10/25/1985,1985,10,25,,-8,,-13,,-10.5,,28.5,,0,,0,,1.4,,1.4,,14,,,,,
10/26/1985,1985,10,26,,-8,,-13.5,,-10.8,,28.8,,0,,0,,1,,1,,12,,,,,
10/27/1985,1985,10,27,,-11,,-12.5,,-11.8,,29.8,,0,,0,,0,,0,,10,,,,,
10/28/1985,1985,10,28,,-14,,-24.5,,-19.3,,37.3,,0,,0,,0,T,0,T,10,,,,,
10/29/1985,1985,10,29,,-11.5,,-21,,-16.3,,34.3,,0,,0,,10,,10,,10,,,,,
10/30/1985,1985,10,30,,-9,,-16,,-12.5,,30.5,,0,,0,,8.4,,8.4,,16,,,,,
10/31/1985,1985,10,31,,,M,-19,,,M,,M,,M,0,,0,,0,,20,,,,,
11/1/1985,1985,11,1,,-13,,-20,,-16.5,,34.5,,0,,0,,0,T,0,T,18,,,,,
11/2/1985,1985,11,2,,-14,,-19,,-16.5,,34.5,,0,,0,,0,T,0,T,18,,,,,
11/3/1985,1985,11,3,,-8,,-19.5,,-13.8,,31.8,,0,,0,,0,T,0,T,17,,,,,
11/4/1985,1985,11,4,,-15.5,,-22,,-18.8,,36.8,,0,,0,,0,T,0,T,17,,,,,
11/5/1985,1985,11,5,,-20.5,,-30,,-25.3,,43.3,,0,,0,,0,,0,,15,,,,,
11/6/1985,1985,11,6,,-20.5,,-30,,-25.3,,43.3,,0,,0,,0,T,0,T,15,,,,,
11/7/1985,1985,11,7,,-19,,-30,,-24.5,,42.5,,0,,0,,1.4,,1.4,,15,,,,,
11/8/1985,1985,11,8,,-25,,-30,,-27.5,,45.5,,0,,0,,0,,0,,15,,,,,
11/9/1985,1985,11,9,,-23,,-33,,-28,,46,,0,,0,,0,,0,,14,,,,,
11/10/1985,1985,11,10,,-12.5,,-32,,-22.3,,40.3,,0,,0,,2.2,,2.2,,14,,,,,
11/11/1985,1985,11,11,,-7,,-25,,-16,,34,,0,,0,,0,T,0,T,15,,,,,
11/12/1985,1985,11,12,,-6,,-16.5,,-11.3,,29.3,,0,,0,,13.5,,13.5,,14,,,,,
11/13/1985,1985,11,13,,-6,,-10,,-8,,26,,0,,0,,23,,23,,27,,,,,
11/14/1985,1985,11,14,,-4,,-11,,-7.5,,25.5,,0,,0,,11.5,,11.5,,44,,,,,
11/15/1985,1985,11,15,,-16,,-16,,-16,,34,,0,,0,,1,,1,,48,,,,,
11/16/1985,1985,11,16,,-29,,-31,,-30,,48,,0,,0,,0,,0,,46,,,,,
11/17/1985,1985,11,17,,-20,,-35,,-27.5,,45.5,,0,,0,,0,T,0,T,44,,,,,
11/18/1985,1985,11,18,,-20.5,,-33,,-26.8,,44.8,,0,,0,,0,T,0,T,40,,,,,
11/19/1985,1985,11,19,,-23.5,,-30,,-26.8,,44.8,,0,,0,,0,,0,,40,,,,,
11/20/1985,1985,11,20,,-18,,-31,,-24.5,,42.5,,0,,0,,0,,0,,40,,,,,
11/21/1985,1985,11,21,,-18,,-31,,-24.5,,42.5,,0,,0,,0,,0,,36,,,,,
11/22/1985,1985,11,22,,-14,,-31,,-22.5,,40.5,,0,,0,,0,T,0,T,34,,,,,
11/23/1985,1985,11,23,,-9,,-21.5,,-15.3,,33.3,,0,,0,,0,,0,,30,,,,,
11/24/1985,1985,11,24,,-19,,-25,,-22,,40,,0,,0,,0,,0,,30,,,,,
11/25/1985,1985,11,25,,-34,,-38,,-36,,54,,0,,0,,0,,0,,30,,,,,
11/26/1985,1985,11,26,,-25,,-41,,-33,,51,,0,,0,,0,T,0,T,30,,,,,
11/27/1985,1985,11,27,,-25,,-41,,-33,,51,,0,,0,,0,T,0,T,30,,,,,
11/28/1985,1985,11,28,,-21.5,,-32,,-26.8,,44.8,,0,,0,,0,,0,,30,,,,,
11/29/1985,1985,11,29,,-19.5,,-30,,-24.8,,42.8,,0,,0,,0,,0,,30,,,,,
11/30/1985,1985,11,30,,-18,,-26.5,,-22.3,,40.3,,0,,0,,0,,0,,30,,,,,
12/1/1985,1985,12,1,,-20,,-27.5,,-23.8,,41.8,,0,,0,,0,,0,,30,,,,,
12/2/1985,1985,12,2,,-29,,-33,,-31,,49,,0,,0,,0,,0,,30,,,,,
12/3/1985,1985,12,3,,-23,,-35,,-29,,47,,0,,0,,0,,0,,30,,,,,
12/4/1985,1985,12,4,,-11.5,,-35,,-23.3,,41.3,,0,,0,,8.7,,8.7,,30,,,,,
12/5/1985,1985,12,5,,-8,,-32,,-20,,38,,0,,0,,0,,0,,35,,,,,
12/6/1985,1985,12,6,,-5,,-15,,-10,,28,,0,,0,,0,,0,,33,,,,,
12/7/1985,1985,12,7,,-10,,-15,,-12.5,,30.5,,0,,0,,0,,0,,33,,,,,
12/8/1985,1985,12,8,,-15,,-19.5,,-17.3,,35.3,,0,,0,,0,,0,,32,,,,,
12/9/1985,1985,12,9,,-8,,-22,,-15,,33,,0,,0,,0,T,0,T,32,,,,,
12/10/1985,1985,12,10,,-3,,-22.5,,-12.8,,30.8,,0,,0,,0,T,0,T,31,,,,,
12/11/1985,1985,12,11,,-9.5,,-14.5,,-12,,30,,0,,0,,1.5,,1.5,,31,,,,,
12/12/1985,1985,12,12,,-7,,-16,,-11.5,,29.5,,0,,0,,0,,0,,32,,,,,
12/13/1985,1985,12,13,,,M,-12,,,M,,M,,M,0,,0,C,0,C,30,,,,,
12/14/1985,1985,12,14,,,M,,M,,M,,M,,M,0,,0,C,0,C,,M,,,,
12/15/1985,1985,12,15,,-3,,,M,,M,,M,,M,0,,2,A,2,A,,M,,,,
12/16/1985,1985,12,16,,-6,,-15,,-10.5,,28.5,,0,,0,,7.4,,7.4,,35,,,,,
12/17/1985,1985,12,17,,-3,,-16,,-9.5,,27.5,,0,,0,,11.6,,11.6,,40,,,,,
12/18/1985,1985,12,18,,-1,,-7.5,,-4.3,,22.3,,0,,0,,6.8,,6.8,,40,,,,,
12/19/1985,1985,12,19,,0,,-14.5,,-7.3,,25.3,,0,,0,,0,T,0,T,44,,,,,
12/20/1985,1985,12,20,,5,,-8.5,,-1.8,,19.8,,0,,0,,0,,0,,42,,,,,
12/21/1985,1985,12,21,,2.5,,-2.5,,0,,18,,0,,0,,1.1,,1.1,,35,,,,,
12/22/1985,1985,12,22,,3,,-6.5,,-1.8,,19.8,,0,,0,,0,T,0,T,32,,,,,
12/23/1985,1985,12,23,,3.5,,-5,,-0.8,,18.8,,0,,0,,0,,0,,30,,,,,
12/24/1985,1985,12,24,,5,,-7,,-1,,19,,0,,0,,0,T,0,T,28,,,,,
12/25/1985,1985,12,25,,0.5,,-2.5,,-1,,19,,0,,0,,0,,0,,26,,,,,
12/26/1985,1985,12,26,,-15.5,,-20,,-17.8,,35.8,,0,,0,,0,,0,,23,,,,,
12/27/1985,1985,12,27,,-10.5,,-24,,-17.3,,35.3,,0,,0,,0,,0,,23,,,,,
12/28/1985,1985,12,28,,-4,,-19,,-11.5,,29.5,,0,,0,,5.4,,5.4,,23,,,,,
12/29/1985,1985,12,29,,-5,,-11.5,,-8.3,,26.3,,0,,0,,3.6,,3.6,,26,,,,,
12/30/1985,1985,12,30,,-6,,-9,,-7.5,,25.5,,0,,0,,2,,2,,28,,,,,
12/31/1985,1985,12,31,,,M,-16.5,,,M,,M,,M,0,,0,,0,,28,,,,,
1/1/1986,1986,1,1,,-15,,-16.5,,-15.8,,33.8,,0,,0,,2,,2,,35,,,,,
1/2/1986,1986,1,2,,-14,,-20,,-17,,35,,0,,0,,1.6,,1.6,,35,,,,,
1/3/1986,1986,1,3,,-8.5,,-23,,-15.8,,33.8,,0,,0,,1.3,,1.3,,35,,,,,
1/4/1986,1986,1,4,,-11,,-19,,-15,,33,,0,,0,,0,,0,,36,,,,,
1/5/1986,1986,1,5,,-11.5,,-21.5,,-16.5,,34.5,,0,,0,,0,,0,,36,,,,,
1/6/1986,1986,1,6,,-7.5,,-21.5,,-14.5,,32.5,,0,,0,,3.7,,3.7,,36,,,,,
1/7/1986,1986,1,7,,-6,,-14.5,,-10.3,,28.3,,0,,0,,10.6,,10.6,,40,,,,,
1/8/1986,1986,1,8,,-6,,-10.5,,-8.3,,26.3,,0,,0,,4.1,,4.1,,46,,,,,
1/9/1986,1986,1,9,,-11,,-22,,-16.5,,34.5,,0,,0,,4.7,,4.7,,48,,,,,
1/10/1986,1986,1,10,,-6,,-23,,-14.5,,32.5,,0,,0,,1,,1,,51,,,,,
1/11/1986,1986,1,11,,-8,,-15,,-11.5,,29.5,,0,,0,,8.3,,8.3,,51,,,,,
1/12/1986,1986,1,12,,-4,,-15,,-9.5,,27.5,,0,,0,,1.1,,1.1,,56,,,,,
1/13/1986,1986,1,13,,-2,,-15,,-8.5,,26.5,,0,,0,,1.3,,1.3,,56,,,,,
1/14/1986,1986,1,14,,0,,-8,,-4,,22,,0,,0,,0,T,0,T,56,,,,,
1/15/1986,1986,1,15,,-11.5,,-19,,-15.3,,33.3,,0,,0,,0,,0,,54,,,,,
1/16/1986,1986,1,16,,-11,,-19,,-15,,33,,0,,0,,0,T,0,T,54,,,,,
1/17/1986,1986,1,17,,-17,,-20,,-18.5,,36.5,,0,,0,,0,T,0,T,54,,,,,
1/18/1986,1986,1,18,,-17,,-28,,-22.5,,40.5,,0,,0,,4.7,,4.7,,54,,,,,
1/19/1986,1986,1,19,,-20.5,,-20.5,,-20.5,,38.5,,0,,0,,3.1,,3.1,,56,,,,,
1/20/1986,1986,1,20,,-21.5,,-24,,-22.8,,40.8,,0,,0,,2,,2,,57,,,,,
1/21/1986,1986,1,21,,-22,,-24,,-23,,41,,0,,0,,1.2,,1.2,,57,,,,,
1/22/1986,1986,1,22,,-21,,-24,,-22.5,,40.5,,0,,0,,2.4,,2.4,,58,,,,,
1/23/1986,1986,1,23,,-12,,-24.5,,-18.3,,36.3,,0,,0,,2,,2,,58,,,,,
1/24/1986,1986,1,24,,-8,,-24,,-16,,34,,0,,0,,2.7,,2.7,,59,,,,,
1/25/1986,1986,1,25,,-11,,-20,,-15.5,,33.5,,0,,0,,12.8,,12.8,,60,,,,,
1/26/1986,1986,1,26,,-8,,-19,,-13.5,,31.5,,0,,0,,14.1,,14.1,,70,,,,,
1/27/1986,1986,1,27,,-11.5,,-13,,-12.3,,30.3,,0,,0,,25.2,,25.2,,79,,,,,
1/28/1986,1986,1,28,,-19,,-19.5,,-19.3,,37.3,,0,,0,,2.5,,2.5,,90,,,,,
1/29/1986,1986,1,29,,-22.5,,-24,,-23.3,,41.3,,0,,0,,1,,1,,89,,,,,
1/30/1986,1986,1,30,,-16,,-27,,-21.5,,39.5,,0,,0,,0,,0,,88,,,,,
1/31/1986,1986,1,31,,,M,-28,,,M,,M,,M,0,,0,,0,,88,,,,,
2/1/1986,1986,2,1,,-7,,-17.5,,-12.3,,30.3,,0,,0,,0,,0,,88,,,,,
2/2/1986,1986,2,2,,-1,,-19,,-10,,28,,0,,0,,0,T,0,T,88,,,,,
2/3/1986,1986,2,3,,-3,,-9.5,,-6.3,,24.3,,0,,0,,0,T,0,T,87,,,,,
2/4/1986,1986,2,4,,-10,,-12,,-11,,29,,0,,0,,0,T,0,T,87,,,,,
2/5/1986,1986,2,5,,-15,,-25,,-20,,38,,0,,0,,0,,0,,87,,,,,
2/6/1986,1986,2,6,,-14,,-25,,-19.5,,37.5,,0,,0,,0,,0,,87,,,,,
2/7/1986,1986,2,7,,-8,,-22.5,,-15.3,,33.3,,0,,0,,0,,0,,87,,,,,
2/8/1986,1986,2,8,,-7,,-17,,-12,,30,,0,,0,,0,,0,,87,,,,,
2/9/1986,1986,2,9,,-3.5,,-17,,-10.3,,28.3,,0,,0,,0,T,0,T,87,,,,,
2/10/1986,1986,2,10,,-9,,-16,,-12.5,,30.5,,0,,0,,0,,0,,87,,,,,
2/11/1986,1986,2,11,,-10,,-21,,-15.5,,33.5,,0,,0,,0,,0,,87,,,,,
2/12/1986,1986,2,12,,-8,,-20,,-14,,32,,0,,0,,0,T,0,T,87,,,,,
2/13/1986,1986,2,13,,-6,,-17.5,,-11.8,,29.8,,0,,0,,0,T,0,T,87,,,,,
2/14/1986,1986,2,14,,-12,,-12.5,,-12.3,,30.3,,0,,0,,0,,0,,87,,,,,
2/15/1986,1986,2,15,,-21,,-30,,-25.5,,43.5,,0,,0,,0,,0,,87,,,,,
2/16/1986,1986,2,16,,-21,,-32,,-26.5,,44.5,,0,,0,,0,T,0,T,87,,,,,
2/17/1986,1986,2,17,,-22,,-33.5,,-27.8,,45.8,,0,,0,,0,,0,,87,,,,,
2/18/1986,1986,2,18,,-28,,-37,,-32.5,,50.5,,0,,0,,0,,0,,86,,,,,
2/19/1986,1986,2,19,,-24.5,,-40,,-32.3,,50.3,,0,,0,,0,,0,,86,,,,,
2/20/1986,1986,2,20,,-22,,-33,,-27.5,,45.5,,0,,0,,0,T,0,T,86,,,,,
2/21/1986,1986,2,21,,-17.5,,-34,,-25.8,,43.8,,0,,0,,0,T,0,T,86,,,,,
2/22/1986,1986,2,22,,-23,,-33,,-28,,46,,0,,0,,0,,0,,86,,,,,
2/23/1986,1986,2,23,,-22,,-36,,-29,,47,,0,,0,,3.4,,3.4,,86,,,,,
2/24/1986,1986,2,24,,-16.5,,-35,,-25.8,,43.8,,0,,0,,18.8,,18.8,,87,,,,,
2/25/1986,1986,2,25,,-3,,-25,,-14,,32,,0,,0,,6.1,,6.1,,96,,,,,
2/26/1986,1986,2,26,,2,,-17.5,,-7.8,,25.8,,0,,0,,10.6,,10.6,,100,,,,,
2/27/1986,1986,2,27,,0,,-4.5,,-2.3,,20.3,,0,,0,,11.4,,11.4,,107,,,,,
2/28/1986,1986,2,28,,1.5,,-2,,-0.3,,18.3,,0,,0,,4.5,,4.5,,110,,,,,
3/1/1986,1986,3,1,,-4.5,,-17,,-10.8,,28.8,,0,,0,,12.8,,12.8,,108,,,,,
3/2/1986,1986,3,2,,-4,,-12,,-8,,26,,0,,0,,3.6,,3.6,,114,,,,,
3/3/1986,1986,3,3,,-6,,-7,,-6.5,,24.5,,0,,0,,11.1,,11.1,,115,,,,,
3/4/1986,1986,3,4,,-7,,-17,,-12,,30,,0,,0,,4,,4,,118,,,,,
3/5/1986,1986,3,5,,-17.5,,-28,,-22.8,,40.8,,0,,0,,0,,0,,116,,,,,
3/6/1986,1986,3,6,,-19,,-35.5,,-27.3,,45.3,,0,,0,,3.1,,3.1,,116,,,,,
3/7/1986,1986,3,7,,-17,,-31,,-24,,42,,0,,0,,3,,3,,116,,,,,
3/8/1986,1986,3,8,,-16,,-21.5,,-18.8,,36.8,,0,,0,,6,,6,,116,,,,,
3/9/1986,1986,3,9,,-13.5,,-21,,-17.3,,35.3,,0,,0,,3,,3,,116,,,,,
3/10/1986,1986,3,10,,-8.5,,-17.5,,-13,,31,,0,,0,,0,,0,,116,,,,,
3/11/1986,1986,3,11,,-6.5,,-17.5,,-12,,30,,0,,0,,0,,0,,116,,,,,
3/12/1986,1986,3,12,,-4.5,,-17,,-10.8,,28.8,,0,,0,,0,,0,,116,,,,,
3/13/1986,1986,3,13,,-0.5,,-12.5,,-6.5,,24.5,,0,,0,,0,,0,,116,,,,,
3/14/1986,1986,3,14,,1,,-14.5,,-6.8,,24.8,,0,,0,,0,,0,,116,,,,,
3/15/1986,1986,3,15,,2,,-14,,-6,,24,,0,,0,,0,,0,,116,,,,,
3/16/1986,1986,3,16,,1,,-11,,-5,,23,,0,,0,,2,,2,,116,,,,,
3/17/1986,1986,3,17,,-6,,-9,,-7.5,,25.5,,0,,0,,1,,1,,116,,,,,
3/18/1986,1986,3,18,,-6.5,,-11,,-8.8,,26.8,,0,,0,,0,,0,,116,,,,,
3/19/1986,1986,3,19,,-3,,-11.5,,-7.3,,25.3,,0,,0,,2,,2,,116,,,,,
3/20/1986,1986,3,20,,-6,,-11,,-8.5,,26.5,,0,,0,,3,,3,,116,,,,,
3/21/1986,1986,3,21,,-12,,-12.5,,-12.3,,30.3,,0,,0,,4,,4,,116,,,,,
3/22/1986,1986,3,22,,-14,,-18.5,,-16.3,,34.3,,0,,0,,0,,0,,120,,,,,
3/23/1986,1986,3,23,,-12,,-31,,-21.5,,39.5,,0,,0,,0,,0,,120,,,,,
3/24/1986,1986,3,24,,-7.5,,-29,,-18.3,,36.3,,0,,0,,0,,0,,120,,,,,
3/25/1986,1986,3,25,,-1,,-26,,-13.5,,31.5,,0,,0,,1.5,,1.5,,118,,,,,
3/26/1986,1986,3,26,,-2,,-18,,-10,,28,,0,,0,,5.6,,5.6,,119,,,,,
3/27/1986,1986,3,27,,0,,-9,,-4.5,,22.5,,0,,0,,1.8,,1.8,,122,,,,,
3/28/1986,1986,3,28,,-0.5,,-8,,-4.3,,22.3,,0,,0,,7.4,,7.4,,120,,,,,
3/29/1986,1986,3,29,,-1,,-6,,-3.5,,21.5,,0,,0,,0,T,0,T,125,,,,,
3/30/1986,1986,3,30,,-3,,-10.5,,-6.8,,24.8,,0,,0,,4.4,,4.4,,121,,,,,
3/31/1986,1986,3,31,,-10.5,,-18,,-14.3,,32.3,,0,,0,,0,,0,,123,,,,,
4/1/1986,1986,4,1,,-12,,-27,,-19.5,,37.5,,0,,0,,0,,0,,118,,,,,
4/2/1986,1986,4,2,,-9,,-29,,-19,,37,,0,,0,,1,,1,,118,,,,,
4/3/1986,1986,4,3,,-1,,-27,,-14,,32,,0,,0,,2.6,,2.6,,118,,,,,
4/4/1986,1986,4,4,,2,,-11,,-4.5,,22.5,,0,,0,,12,,12,,115,,,,,
4/5/1986,1986,4,5,,-0.5,,-4,,-2.3,,20.3,,0,,0,,21.6,,21.6,,120,,,,,
4/6/1986,1986,4,6,,-1,,-4.5,,-2.8,,20.8,,0,,0,,0,T,0,T,127,,,,,
4/7/1986,1986,4,7,,-5,,-9,,-7,,25,,0,,0,,18.7,,18.7,,125,,,,,
4/8/1986,1986,4,8,,-8,,-13.5,,-10.8,,28.8,,0,,0,,17.5,,17.5,,130,,,,,
4/9/1986,1986,4,9,,-13.5,,-28,,-20.8,,38.8,,0,,0,,0,,0,,134,,,,,
4/10/1986,1986,4,10,,-12.5,,-27.5,,-20,,38,,0,,0,,0,,0,,134,,,,,
4/11/1986,1986,4,11,,-11.5,,-29,,-20.3,,38.3,,0,,0,,0,T,0,T,134,,,,,
4/12/1986,1986,4,12,,-11.5,,-27.5,,-19.5,,37.5,,0,,0,,0,T,0,T,134,,,,,
4/13/1986,1986,4,13,,-8.5,,-19,,-13.8,,31.8,,0,,0,,0,T,0,T,134,,,,,
4/14/1986,1986,4,14,,-3.5,,-16,,-9.8,,27.8,,0,,0,,0,T,0,T,134,,,,,
4/15/1986,1986,4,15,,0.5,,-13.5,,-6.5,,24.5,,0,,0,,1,,1,,130,,,,,
4/16/1986,1986,4,16,,1.5,,-12,,-5.3,,23.3,,0,,0,,6,,6,,125,,,,,
4/17/1986,1986,4,17,,0.5,,-10.5,,-5,,23,,0,,0,,10.6,,10.6,,120,,,,,
4/18/1986,1986,4,18,,1,,-7.5,,-3.3,,21.3,,0,,0,,0,,0,,124,,,,,
4/19/1986,1986,4,19,,-1,,-18,,-9.5,,27.5,,0,,0,,19.3,,19.3,,120,,,,,
4/20/1986,1986,4,20,,,M,-14.5,,,M,,M,,M,0,,0,C,0,C,130,,,,,
4/21/1986,1986,4,21,,,M,,M,,M,,M,,M,0,,0,C,0,C,,M,,,,
4/22/1986,1986,4,22,,0,,,M,,M,,M,,M,0,,2,A,2,A,,M,,,,
4/23/1986,1986,4,23,,0,,-9,,-4.5,,22.5,,0,,0,,0,,0,,120,,,,,
4/24/1986,1986,4,24,,-1,,-17,,-9,,27,,0,,0,,0,,0,,118,,,,,
4/25/1986,1986,4,25,,1.5,,-18.5,,-8.5,,26.5,,0,,0,,2.6,,2.6,,115,,,,,
4/26/1986,1986,4,26,,4.5,,-16,,-5.8,,23.8,,0,,0,,2.8,,2.8,,110,,,,,
4/27/1986,1986,4,27,,3.5,,-2,,0.8,,17.2,,0,,0,,1.6,,1.6,,98,,,,,
4/28/1986,1986,4,28,,6,,-1,,2.5,,15.5,,0,,0,,0,T,0,T,95,,,,,
4/29/1986,1986,4,29,,5.5,,-2,,1.8,,16.2,,0,,0,,0,,0,,91,,,,,
4/30/1986,1986,4,30,,,M,-5.5,,,M,,M,,M,0,,0,,0,,86,,,,,
5/1/1986,1986,5,1,,6,,-6.5,,-0.3,,18.3,,0,,0,,0,,0,,83,,,,,
5/2/1986,1986,5,2,,5.5,,-9,,-1.8,,19.8,,0,,0,,0,,0,,80,,,,,
5/3/1986,1986,5,3,,6.5,,-9,,-1.3,,19.3,,0,,0,,0,,0,,71,,,,,
5/4/1986,1986,5,4,,7,,-6,,0.5,,17.5,,0,,0,,0,,0,,66,,,,,
5/5/1986,1986,5,5,,7.5,,-6.5,,0.5,,17.5,,0,,0,,0,T,0,T,63,,,,,
5/6/1986,1986,5,6,,6.5,,-6.5,,0,,18,,0,,0,,1.6,,1.6,,60,,,,,
5/7/1986,1986,5,7,,7,,-3,,2,,16,,0,,0,,15.4,,15.4,,49,,,,,
5/8/1986,1986,5,8,,5.5,,-1.5,,2,,16,,0,,0,,10,,10,,45,,,,,
5/9/1986,1986,5,9,,5.5,,-4,,0.8,,17.2,,0,,0,,0,,0,,42,,,,,
5/10/1986,1986,5,10,,6,,-7.5,,-0.8,,18.8,,0,,0,,0,,0,,35,,,,,
5/11/1986,1986,5,11,,4.5,,-6.5,,-1,,19,,0,,0,,10.6,,10.6,,31,,,,,
5/12/1986,1986,5,12,,3,,-4.5,,-0.8,,18.8,,0,,0,,0,T,0,T,30,,,,,
5/13/1986,1986,5,13,,4.5,,-3.5,,0.5,,17.5,,0,,0,,0,,0,,26,,,,,
5/14/1986,1986,5,14,,6,,-2.5,,1.8,,16.2,,0,,0,,0,,0,,20,,,,,
5/15/1986,1986,5,15,,6,,-4,,1,,17,,0,,0,,0,T,0,T,18,,,,,
5/16/1986,1986,5,16,,5,,-1,,2,,16,,0,,0,,4.7,,4.7,,14,,,,,
5/17/1986,1986,5,17,,4.5,,-1,,1.8,,16.2,,0,,0,,2,,2,,14,,,,,
5/18/1986,1986,5,18,,5,,-5,,0,,18,,0,,0,,0,T,0,T,12,,,,,
5/19/1986,1986,5,19,,7.5,,-4.5,,1.5,,16.5,,0,,0,T,0,T,0,T,11,,,,,
5/20/1986,1986,5,20,,8.5,,-3,,2.8,,15.2,,0,,3.4,,14.2,,17.6,,10,,,,,
5/21/1986,1986,5,21,,4.5,,-1,,1.8,,16.2,,0,,0,T,3.6,,3.6,,10,,,,,
5/22/1986,1986,5,22,,5,,-0.5,,2.3,,15.7,,0,,0,,0,,0,,9,,,,,
5/23/1986,1986,5,23,,7.5,,-1,,3.3,,14.7,,0,,0,T,0,T,0,T,7,,,,,
5/24/1986,1986,5,24,,7.5,,-1,,3.3,,14.7,,0,,2.2,,0,,2.2,,6,,,,,
5/25/1986,1986,5,25,,8.5,,1,,4.8,,13.2,,0,,0.8,,0,,0.8,,4,,,,,
5/26/1986,1986,5,26,,9,,2.5,,5.8,,12.2,,0,,5,,0,,5,,0,T,,,,
5/27/1986,1986,5,27,,9.5,,2,,5.8,,12.2,,0,,0.6,,0,,0.6,,0,T,,,,
5/28/1986,1986,5,28,,12,,-2,,5,,13,,0,,0,,0.6,,0.6,,0,T,,,,
5/29/1986,1986,5,29,,10,,0,,5,,13,,0,,0.2,,0,,0.2,,0,T,,,,
5/30/1986,1986,5,30,,11,,3.5,,7.3,,10.7,,0,,1.4,,0,,1.4,,0,T,,,,
5/31/1986,1986,5,31,,13,,0,,6.5,,11.5,,0,,0,,0,,0,,0,T,,,,
6/1/1986,1986,6,1,,5,,-1,,2,,16,,0,,10,,1.6,,11.6,,0,T,,,,
6/2/1986,1986,6,2,,6.5,,0,,3.3,,14.7,,0,,3.6,,0,T,3.6,,0,T,,,,
6/3/1986,1986,6,3,,10.5,,0,,5.3,,12.7,,0,,1.5,,0,,1.5,,0,T,,,,
6/4/1986,1986,6,4,,13,,-3,,5,,13,,0,,0,,0,,0,,0,T,,,,
6/5/1986,1986,6,5,,16,,-1.5,,7.3,,10.7,,0,,0,,0,,0,,0,T,,,,
6/6/1986,1986,6,6,,19,,-1,,9,,9,,0,,0,,0,,0,,0,,,,,
6/7/1986,1986,6,7,,20.5,,3,,11.8,,6.2,,0,,3.4,,0,,3.4,,0,,,,,
6/8/1986,1986,6,8,,12,,3,,7.5,,10.5,,0,,0.8,,0,,0.8,,0,,,,,
6/9/1986,1986,6,9,,8.5,,3.5,,6,,12,,0,,1.9,,0,T,1.9,,0,,,,,
6/10/1986,1986,6,10,,9,,1,,5,,13,,0,,0.9,,0,T,0.9,,0,,,,,
6/11/1986,1986,6,11,,8,,2,,5,,13,,0,,4.2,,0,T,4.2,,0,,,,,
6/12/1986,1986,6,12,,10,,0,,5,,13,,0,,0,,0,,0,,0,,,,,
6/13/1986,1986,6,13,,13,,-2.5,,5.3,,12.7,,0,,0,,0,,0,,0,,,,,
6/14/1986,1986,6,14,,15,,-2,,6.5,,11.5,,0,,0,,0,,0,,0,,,,,
6/15/1986,1986,6,15,,16,,-1,,7.5,,10.5,,0,,0,,0,,0,,0,,,,,
6/16/1986,1986,6,16,,18,,0,,9,,9,,0,,0,,0,,0,,0,,,,,
6/17/1986,1986,6,17,,20,,-0.5,,9.8,,8.2,,0,,0,,0,,0,,0,,,,,
6/18/1986,1986,6,18,,17,,1,,9,,9,,0,,0,T,0,,0,T,0,,,,,
6/19/1986,1986,6,19,,17,,2,,9.5,,8.5,,0,,1,,0,,1,,0,,,,,
6/20/1986,1986,6,20,,15.5,,3,,9.3,,8.7,,0,,6.5,,0,,6.5,,0,,,,,
6/21/1986,1986,6,21,,17,,7,,12,,6,,0,,1,,0,,1,,0,,,,,
6/22/1986,1986,6,22,,17,,9,,13,,5,,0,,0,T,0,,0,T,0,,,,,
6/23/1986,1986,6,23,,9,,5,,7,,11,,0,,0.8,,0,,0.8,,0,,,,,
6/24/1986,1986,6,24,,6,,1,,3.5,,14.5,,0,,17.2,,0,,17.2,,0,,,,,
6/25/1986,1986,6,25,,15,,2,,8.5,,9.5,,0,,0,T,0,,0,T,0,,,,,
6/26/1986,1986,6,26,,17.5,,1.5,,9.5,,8.5,,0,,0,,0,,0,,0,,,,,
6/27/1986,1986,6,27,,19,,3,,11,,7,,0,,0,,0,,0,,0,,,,,
6/28/1986,1986,6,28,,21.5,,3.5,,12.5,,5.5,,0,,0,,0,,0,,0,,,,,
6/29/1986,1986,6,29,,22,,2,,12,,6,,0,,0,T,0,,0,T,0,,,,,
6/30/1986,1986,6,30,,22.5,,3,,12.8,,5.2,,0,,0,,0,,0,,0,,,,,
7/1/1986,1986,7,1,,19.5,,5.5,,12.5,,5.5,,0,,0.9,,0,,0.9,,0,,,,,
7/2/1986,1986,7,2,,21.5,,2.5,,12,,6,,0,,0,T,0,,0,T,0,,,,,
7/3/1986,1986,7,3,,17,,9.5,,13.3,,4.7,,0,,0,,0,,0,,0,,,,,
7/4/1986,1986,7,4,,18,,1.5,,9.8,,8.2,,0,,0,,0,,0,,0,,,,,
7/5/1986,1986,7,5,,19,,3,,11,,7,,0,,0,,0,,0,,0,,,,,
7/6/1986,1986,7,6,,20.5,,0,,10.3,,7.7,,0,,0,,0,,0,,0,,,,,
7/7/1986,1986,7,7,,20.5,,3,,11.8,,6.2,,0,,0,,0,,0,,0,,,,,
7/8/1986,1986,7,8,,21.5,,2,,11.8,,6.2,,0,,0,,0,,0,,0,,,,,
7/9/1986,1986,7,9,,22.5,,5,,13.8,,4.2,,0,,0,,0,,0,,0,,,,,
7/10/1986,1986,7,10,,20,,6.5,,13.3,,4.7,,0,,0,,0,,0,,0,,,,,
7/11/1986,1986,7,11,,22,,5,,13.5,,4.5,,0,,0,T,0,,0,T,0,,,,,
7/12/1986,1986,7,12,,22.5,,8.5,,15.5,,2.5,,0,,0.8,,0,,0.8,,0,,,,,
7/13/1986,1986,7,13,,20,,7.5,,13.8,,4.2,,0,,2.1,,0,,2.1,,0,,,,,
7/14/1986,1986,7,14,,20.5,,7,,13.8,,4.2,,0,,2.5,,0,,2.5,,0,,,,,
7/15/1986,1986,7,15,,24.5,,6,,15.3,,2.7,,0,,0,,0,,0,,0,,,,,
7/16/1986,1986,7,16,,26,,5.5,,15.8,,2.2,,0,,3.6,,0,,3.6,,0,,,,,
7/17/1986,1986,7,17,,21.5,,7,,14.3,,3.7,,0,,2,,0,,2,,0,,,,,
7/18/1986,1986,7,18,,21.5,,10,,15.8,,2.2,,0,,1.4,,0,,1.4,,0,,,,,
7/19/1986,1986,7,19,,22,,6,,14,,4,,0,,0.3,,0,,0.3,,0,,,,,
7/20/1986,1986,7,20,,19,,10,,14.5,,3.5,,0,,17.3,,0,,17.3,,0,,,,,
7/21/1986,1986,7,21,,17.5,,8,,12.8,,5.2,,0,,9.2,,0,,9.2,,0,,,,,
7/22/1986,1986,7,22,,12,,5.5,,8.8,,9.2,,0,,8.1,,0,,8.1,,0,,,,,
7/23/1986,1986,7,23,,14,,2.5,,8.3,,9.7,,0,,9,,0,,9,,0,,,,,
7/24/1986,1986,7,24,,12,,4.5,,8.3,,9.7,,0,,4.8,,0,,4.8,,0,,,,,
7/25/1986,1986,7,25,,13,,6.5,,9.8,,8.2,,0,,3.4,,0,,3.4,,0,,,,,
7/26/1986,1986,7,26,,15,,2,,8.5,,9.5,,0,,4.6,,0,,4.6,,0,,,,,
7/27/1986,1986,7,27,,13.5,,5,,9.3,,8.7,,0,,1.9,,0,,1.9,,0,,,,,
7/28/1986,1986,7,28,,15.5,,6,,10.8,,7.2,,0,,1,,0,,1,,0,,,,,
7/29/1986,1986,7,29,,15,,5,,10,,8,,0,,0,,0,,0,,0,,,,,
7/30/1986,1986,7,30,,20,,3.5,,11.8,,6.2,,0,,0,,0,,0,,0,,,,,
7/31/1986,1986,7,31,,20,,3.5,,11.8,,6.2,,0,,0,,0,,0,,0,,,,,
8/1/1986,1986,8,1,,19.5,,5.5,,12.5,,5.5,,0,,0,,0,,0,,0,,,,,
8/2/1986,1986,8,2,,19.5,,6,,12.8,,5.2,,0,,0,,0,,0,,0,,,,,
8/3/1986,1986,8,3,,16,,5,,10.5,,7.5,,0,,3.9,,0,,3.9,,0,,,,,
8/4/1986,1986,8,4,,15,,4.5,,9.8,,8.2,,0,,3.1,,0,,3.1,,0,,,,,
8/5/1986,1986,8,5,,16.5,,5,,10.8,,7.2,,0,,1.3,,0,,1.3,,0,,,,,
8/6/1986,1986,8,6,,13,,5,,9,,9,,0,,4.7,,0,,4.7,,0,,,,,
8/7/1986,1986,8,7,,13.5,,5,,9.3,,8.7,,0,,6.3,,0,,6.3,,0,,,,,
8/8/1986,1986,8,8,,17,,5.5,,11.3,,6.7,,0,,0,,0,,0,,0,,,,,
8/9/1986,1986,8,9,,21,,2.5,,11.8,,6.2,,0,,0,,0,,0,,0,,,,,
8/10/1986,1986,8,10,,20,,5,,12.5,,5.5,,0,,0.4,,0,,0.4,,0,,,,,
8/11/1986,1986,8,11,,15,,10,,12.5,,5.5,,0,,1.6,,0,,1.6,,0,,,,,
8/12/1986,1986,8,12,,15.5,,8,,11.8,,6.2,,0,,6.6,,0,,6.6,,0,,,,,
8/13/1986,1986,8,13,,11,,7,,9,,9,,0,,17.4,,0,T,17.4,,0,,,,,
8/14/1986,1986,8,14,,9,,0.5,,4.8,,13.2,,0,,4.4,,0,T,4.4,,0,,,,,
8/15/1986,1986,8,15,,13,,0.5,,6.8,,11.2,,0,,12.1,,0,T,12.1,,0,,,,,
8/16/1986,1986,8,16,,9.5,,4,,6.8,,11.2,,0,,6,,0,T,6,,0,,,,,
8/17/1986,1986,8,17,,7,,3.5,,5.3,,12.7,,0,,0.8,,0,,0.8,,0,,,,,
8/18/1986,1986,8,18,,12,,2,,7,,11,,0,,1.4,,0,,1.4,,0,,,,,
8/19/1986,1986,8,19,,12.5,,1,,6.8,,11.2,,0,,14.4,,0,,14.4,,0,,,,,
8/20/1986,1986,8,20,,12,,2.5,,7.3,,10.7,,0,,0,,0,,0,,0,,,,,
8/21/1986,1986,8,21,,11.5,,-1,,5.3,,12.7,,0,,0,,0,,0,,0,,,,,
8/22/1986,1986,8,22,,12.5,,1.5,,7,,11,,0,,2.5,,0,,2.5,,0,,,,,
8/23/1986,1986,8,23,,5.5,,-1,,2.3,,15.7,,0,,0,,0,,0,,0,,,,,
8/24/1986,1986,8,24,,9.5,,-8,,0.8,,17.2,,0,,0,,0,,0,,0,,,,,
8/25/1986,1986,8,25,,13.5,,-7,,3.3,,14.7,,0,,0,,0,,0,,0,,,,,
8/26/1986,1986,8,26,,15.5,,1,,8.3,,9.7,,0,,0,,0,,0,,0,,,,,
8/27/1986,1986,8,27,,19,,3.5,,11.3,,6.7,,0,,0,,0,,0,,0,,,,,
8/28/1986,1986,8,28,,14,,5,,9.5,,8.5,,0,,2.6,,0,,2.6,,0,,,,,
8/29/1986,1986,8,29,,9.5,,5,,7.3,,10.7,,0,,3,,0,,3,,0,,,,,
8/30/1986,1986,8,30,,12,,3.5,,7.8,,10.2,,0,,0.4,,0,,0.4,,0,,,,,
8/31/1986,1986,8,31,,,M,-0.5,,,M,,M,,M,0,,0,,0,,0,,,,,
9/1/1986,1986,9,1,,8,,2,,5,,13,,0,,5.6,,0,,5.6,,0,,,,,
9/2/1986,1986,9,2,,9,,3,,6,,12,,0,,6.1,,0,,6.1,,0,,,,,
9/3/1986,1986,9,3,,9.5,,2.5,,6,,12,,0,,2.5,,0,,2.5,,0,,,,,
9/4/1986,1986,9,4,,13,,-2,,5.5,,12.5,,0,,0,,0,,0,,0,,,,,
9/5/1986,1986,9,5,,16,,-2,,7,,11,,0,,0,,0,,0,,0,,,,,
9/6/1986,1986,9,6,,17,,-2,,7.5,,10.5,,0,,0,,0,,0,,0,,,,,
9/7/1986,1986,9,7,,18.5,,-2,,8.3,,9.7,,0,,0,,0,,0,,0,,,,,
9/8/1986,1986,9,8,,18,,-2.5,,7.8,,10.2,,0,,0,,0,,0,,0,,,,,
9/9/1986,1986,9,9,,10,,-2,,4,,14,,0,,4,,0,,4,,0,,,,,
9/10/1986,1986,9,10,,12,,3.5,,7.8,,10.2,,0,,0,T,0,,0,T,0,,,,,
9/11/1986,1986,9,11,,10.5,,1,,5.8,,12.2,,0,,0,,0,,0,,0,,,,,
9/12/1986,1986,9,12,,11,,-0.5,,5.3,,12.7,,0,,0,,0,,0,,0,,,,,
9/13/1986,1986,9,13,,11.5,,0,,5.8,,12.2,,0,,0,,0,,0,,0,,,,,
9/14/1986,1986,9,14,,7,,1.5,,4.3,,13.7,,0,,0.8,,0,,0.8,,0,,,,,
9/15/1986,1986,9,15,,9,,-2.5,,3.3,,14.7,,0,,0,,0,,0,,0,,,,,
9/16/1986,1986,9,16,,10,,-7,,1.5,,16.5,,0,,0,,0,,0,,0,,,,,
9/17/1986,1986,9,17,,12.5,,-7,,2.8,,15.2,,0,,0,,0,,0,,0,,,,,
9/18/1986,1986,9,18,,10.5,,-4.5,,3,,15,,0,,1.6,,0,,1.6,,0,,,,,
9/19/1986,1986,9,19,,12,,0.5,,6.3,,11.7,,0,,0,,0,,0,,0,,,,,
9/20/1986,1986,9,20,,13,,-2,,5.5,,12.5,,0,,0.6,,0,,0.6,,0,,,,,
9/21/1986,1986,9,21,,8,,-1.5,,3.3,,14.7,,0,,4.6,,0,,4.6,,0,,,,,
9/22/1986,1986,9,22,,8,,-4,,2,,16,,0,,2.2,,0,,2.2,,0,,,,,
9/23/1986,1986,9,23,,5,,-4.5,,0.3,,17.7,,0,,0.8,,1,,1.8,,0,,,,,
9/24/1986,1986,9,24,,1.5,,-0.5,,0.5,,17.5,,0,,1.2,,1.6,,2.8,,0,T,,,,
9/25/1986,1986,9,25,,2,,-1,,0.5,,17.5,,0,,0.6,,15.6,,16.2,,0,T,,,,
9/26/1986,1986,9,26,,1,,-2,,-0.5,,18.5,,0,,0.4,,4,,4.4,,3,,,,,
9/27/1986,1986,9,27,,6,,-2,,2,,16,,0,,0,,0,,0,,0,T,,,,
9/28/1986,1986,9,28,,4,,-1,,1.5,,16.5,,0,,0,T,0,,0,T,0,,,,,
9/29/1986,1986,9,29,,3,,0,,1.5,,16.5,,0,,0,,0,,0,,0,,,,,
9/30/1986,1986,9,30,,5,,-3,,1,,17,,0,,0,T,0,,0,T,0,,,,,
10/1/1986,1986,10,1,,6,,-3,,1.5,,16.5,,0,,0,,0,T,0,T,,,,,,
10/2/1986,1986,10,2,,2.5,,-1.5,,0.5,,17.5,,0,,0,,0,T,0,T,,,,,,
10/3/1986,1986,10,3,,2,,-2,,0,,18,,0,,0,,0,T,0,T,,,,,,
10/4/1986,1986,10,4,,5,,-3,,1,,17,,0,,5.5,,0,,5.5,,,,,,,
10/5/1986,1986,10,5,,5,,-3.5,,0.8,,17.2,,0,,0,,0,,0,,,,,,,
10/6/1986,1986,10,6,,2,,-5.5,,-1.8,,19.8,,0,,0,,0,T,0,T,,,,,,
10/7/1986,1986,10,7,,0.5,,-6.5,,-3,,21,,0,,0,,0,T,0,T,,,,,,
10/8/1986,1986,10,8,,2,,-7.5,,-2.8,,20.8,,0,,0,,3,,3,,,,,,,
10/9/1986,1986,10,9,,1.5,,-6,,-2.3,,20.3,,0,,0,,0,,0,,,,,,,
10/10/1986,1986,10,10,,4.5,,-9,,-2.3,,20.3,,0,,0,,0,,0,,,,,,,
10/11/1986,1986,10,11,,8,,-5.5,,1.3,,16.7,,0,,0,,0,,0,,,,,,,
10/12/1986,1986,10,12,,6.5,,-4,,1.3,,16.7,,0,,0,,0,,0,,,,,,,
10/13/1986,1986,10,13,,7.5,,-2.5,,2.5,,15.5,,0,,0,,0,,0,,,,,,,
10/14/1986,1986,10,14,,6,,-3.5,,1.3,,16.7,,0,,4,,0,,4,,,,,,,
10/15/1986,1986,10,15,,6,,-0.5,,2.8,,15.2,,0,,3,,0,,3,,,,,,,
10/16/1986,1986,10,16,,6,,2,,4,,14,,0,,3,,0,,3,,,,,,,
10/17/1986,1986,10,17,,2,,0,,1,,17,,0,,0,,0,T,0,T,,,,,,
10/18/1986,1986,10,18,,2,,-1.5,,0.3,,17.7,,0,,0,,0,T,0,T,,,,,,
10/19/1986,1986,10,19,,3,,-1.5,,0.8,,17.2,,0,,0,,3,,3,,,,,,,
10/20/1986,1986,10,20,,1.5,,-1.5,,0,,18,,0,,0,,0,,0,,,,,,,
10/21/1986,1986,10,21,,0,,-5,,-2.5,,20.5,,0,,0,,3,,3,,,,,,,
10/22/1986,1986,10,22,,1,,-7,,-3,,21,,0,,3,,0,,3,,,,,,,
10/23/1986,1986,10,23,,5,,-2,,1.5,,16.5,,0,,6,,0,,6,,,,,,,
10/24/1986,1986,10,24,,4,,0,,2,,16,,0,,4.2,,0,T,4.2,,,,,,,
10/25/1986,1986,10,25,,3.5,,0,,1.8,,16.2,,0,,0,,3,,3,,,,,,,
10/26/1986,1986,10,26,,2.5,,-3,,-0.3,,18.3,,0,,0,,7.5,,7.5,,,,,,,
10/27/1986,1986,10,27,,-0.5,,-9,,-4.8,,22.8,,0,,0,,0,,0,,,,,,,
10/28/1986,1986,10,28,,-15.5,,-23,,-19.3,,37.3,,0,,0,,0,,0,,,,,,,
10/29/1986,1986,10,29,,-12,,-23,,-17.5,,35.5,,0,,0,,0,,0,,,,,,,
10/30/1986,1986,10,30,,-12,,-22.5,,-17.3,,35.3,,0,,0,,0,,0,,,,,,,
10/31/1986,1986,10,31,,-9.5,,-23,,-16.3,,34.3,,0,,0,,0,,0,,,,,,,
11/1/1986,1986,11,1,,-5,,-23,,-14,,32,,0,,0,,0,T,0,T,,M,,,,
11/2/1986,1986,11,2,,1,,-23,,-11,,29,,0,,2.6,,0,T,2.6,,,M,,,,
11/3/1986,1986,11,3,,3.5,,-5.5,,-1,,19,,0,,0,,2,,2,,,M,,,,
11/4/1986,1986,11,4,,2,,-2,,0,,18,,0,,0,,0,,0,,2,,,,,
11/5/1986,1986,11,5,,-1,,-2,,-1.5,,19.5,,0,,0,,16,,16,,,M,,,,
11/6/1986,1986,11,6,,-17.5,,-17.5,,-17.5,,35.5,,0,,0,,0,,0,,18,,,,,
11/7/1986,1986,11,7,,-24,,-32.5,,-28.3,,46.3,,0,,0,,0,,0,,18,,,,,
11/8/1986,1986,11,8,,-23,,-35,,-29,,47,,0,,0,,0,,0,,,M,,,,
11/9/1986,1986,11,9,,-28,,-33,,-30.5,,48.5,,0,,0,,0,,0,,,M,,,,
11/10/1986,1986,11,10,,,M,-32,,,M,,M,,M,0,,0,,0,,16,,,,,
11/11/1986,1986,11,11,,-23,,-32,,-27.5,,45.5,,0,,0,,0,,0,,,M,,,,
11/12/1986,1986,11,12,,-16,,-33,,-24.5,,42.5,,0,,0,,0,,0,,,M,,,,
11/13/1986,1986,11,13,,-16,,-28,,-22,,40,,0,,0,,0,,0,,14,,,,,
11/14/1986,1986,11,14,,-12,,-28,,-20,,38,,0,,0,,2,,2,,,M,,,,
11/15/1986,1986,11,15,,-12,,-28,,-20,,38,,0,,0,,2,,2,,16,,,,,
11/16/1986,1986,11,16,,-19,,-21,,-20,,38,,0,,0,,1,,1,,18,,,,,
11/17/1986,1986,11,17,,-25,,-32,,-28.5,,46.5,,0,,0,,0,,0,,19,,,,,
11/18/1986,1986,11,18,,-26,,-33,,-29.5,,47.5,,0,,0,,0,,0,,,M,,,,
11/19/1986,1986,11,19,,-22,,-36,,-29,,47,,0,,0,,0,,0,,,M,,,,
11/20/1986,1986,11,20,,-23.5,,-39,,-31.3,,49.3,,0,,0,,0,,0,,,M,,,,
11/21/1986,1986,11,21,,-24.5,,-37,,-30.8,,48.8,,0,,0,,1,,1,,18,,,,,
11/22/1986,1986,11,22,,-19,,-36.5,,-27.8,,45.8,,0,,0,,3,,3,,19,,,,,
11/23/1986,1986,11,23,,-9,,-25,,-17,,35,,0,,0,,1,,1,,22,,,,,
11/24/1986,1986,11,24,,-8,,-21,,-14.5,,32.5,,0,,0,,2,,2,,23,,,,,
11/25/1986,1986,11,25,,-11,,-21.5,,-16.3,,34.3,,0,,0,,3,,3,,25,,,,,
11/26/1986,1986,11,26,,-14,,-21,,-17.5,,35.5,,0,,0,,0,T,0,T,28,,,,,
11/27/1986,1986,11,27,,-14,,-23,,-18.5,,36.5,,0,,0,,2,,2,,28,,,,,
11/28/1986,1986,11,28,,-6,,-23,,-14.5,,32.5,,0,,0,,3,,3,,30,,,,,
11/29/1986,1986,11,29,,-4,,-18,,-11,,29,,0,,0,,1,,1,,33,,,,,
11/30/1986,1986,11,30,,-6,,-9,,-7.5,,25.5,,0,,0,,0,,0,,34,,,,,
12/1/1986,1986,12,1,,-5,,-8,,-6.5,,24.5,,0,,0,,0,,0,,,,,,,
12/2/1986,1986,12,2,,-6,,-15,,-10.5,,28.5,,0,,0,,0,,0,,,,,,,
12/3/1986,1986,12,3,,-13.5,,-19,,-16.3,,34.3,,0,,0,,0,,0,,,,,,,
12/4/1986,1986,12,4,,-14,,-23.5,,-18.8,,36.8,,0,,0,,0,,0,,,,,,,
12/5/1986,1986,12,5,,-14.5,,-25,,-19.8,,37.8,,0,,0,,2,,2,,,,,,,
12/6/1986,1986,12,6,,-7,,-26.5,,-16.8,,34.8,,0,,0,,19,,19,,,,,,,
12/7/1986,1986,12,7,,-7,,-18.5,,-12.8,,30.8,,0,,0,,0,,0,,,,,,,
12/8/1986,1986,12,8,,-4,,-25,,-14.5,,32.5,,0,,0,,0,,0,,,,,,,
12/9/1986,1986,12,9,,3,,-23,,-10,,28,,0,,0,,0,,0,,,,,,,
12/10/1986,1986,12,10,,3,,-6,,-1.5,,19.5,,0,,0,,0,,0,,,,,,,
12/11/1986,1986,12,11,,3,,-13,,-5,,23,,0,,0,,0,,0,,,,,,,
12/12/1986,1986,12,12,,-1,,-15.5,,-8.3,,26.3,,0,,0,,0,,0,,,,,,,
12/13/1986,1986,12,13,,-6,,-17,,-11.5,,29.5,,0,,0,,0,,0,,,,,,,
12/14/1986,1986,12,14,,-5,,-17.5,,-11.3,,29.3,,0,,0,,1,,1,,,,,,,
12/15/1986,1986,12,15,,-2,,-14,,-8,,26,,0,,0,,2,,2,,,,,,,
12/16/1986,1986,12,16,,-1,,-12,,-6.5,,24.5,,0,,0,,1,,1,,,,,,,
12/17/1986,1986,12,17,,-3,,-10,,-6.5,,24.5,,0,,0,,0,,0,,,,,,,
12/18/1986,1986,12,18,,-10.5,,-20,,-15.3,,33.3,,0,,0,,0,,0,,,,,,,
12/19/1986,1986,12,19,,-7,,-21,,-14,,32,,0,,0,,0,,0,,,,,,,
12/20/1986,1986,12,20,,-6.5,,-19,,-12.8,,30.8,,0,,0,,2,,2,,,,,,,
12/21/1986,1986,12,21,,-7.5,,-19.5,,-13.5,,31.5,,0,,0,,0,,0,,,,,,,
12/22/1986,1986,12,22,,-14.5,,-18.5,,-16.5,,34.5,,0,,0,,5,,5,,,,,,,
12/23/1986,1986,12,23,,-14,,-22,,-18,,36,,0,,0,,3,,3,,,,,,,
12/24/1986,1986,12,24,,-17.5,,-20,,-18.8,,36.8,,0,,0,,16,,16,,,,,,,
12/25/1986,1986,12,25,,-6,,-19.5,,-12.8,,30.8,,0,,0,,3,,3,,,,,,,
12/26/1986,1986,12,26,,-4.5,,-17.5,,-11,,29,,0,,0,,2,,2,,,,,,,
12/27/1986,1986,12,27,,-4,,-18,,-11,,29,,0,,0,,0,,0,,,,,,,
12/28/1986,1986,12,28,,-4.5,,-20,,-12.3,,30.3,,0,,0,,3,,3,,,,,,,
12/29/1986,1986,12,29,,-3.5,,-31.5,,-17.5,,35.5,,0,,0,,5,,5,,,,,,,
12/30/1986,1986,12,30,,-2.5,,-7.5,,-5,,23,,0,,0,,0,,0,,,,,,,
12/31/1986,1986,12,31,,-9,,-12.5,,-10.8,,28.8,,0,,0,,0,,0,,,,,,,
1/1/1987,1987,1,1,,-9.5,,-19.5,,-14.5,,32.5,,0,,0,,0,,0,,88,,,,,
1/2/1987,1987,1,2,,-11.5,,-19.5,,-15.5,,33.5,,0,,0,,0,T,0,T,88,,,,,
1/3/1987,1987,1,3,,-10.5,,-17,,-13.8,,31.8,,0,,0,,0,T,0,T,89,,,,,
1/4/1987,1987,1,4,,-10,,-16.5,,-13.3,,31.3,,0,,0,,0,,0,,89,,,,,
1/5/1987,1987,1,5,,-1.5,,-18.5,,-10,,28,,0,,0,,0,T,0,T,89,,,,,
1/6/1987,1987,1,6,,0.5,,-15,,-7.3,,25.3,,0,,0,,0,T,0,T,89,,,,,
1/7/1987,1987,1,7,,0.5,,-8.5,,-4,,22,,0,,0,,0,,0,,89,,,,,
1/8/1987,1987,1,8,,-3,,-7.5,,-5.3,,23.3,,0,,0,,11,,11,,89,,,,,
1/9/1987,1987,1,9,,-1,,-6,,-3.5,,21.5,,0,,0,,10,,10,,100,,,,,
1/10/1987,1987,1,10,,-3,,-5,,-4,,22,,0,,0,,2,,2,,110,,,,,
1/11/1987,1987,1,11,,-12,,-17,,-14.5,,32.5,,0,,0,,0,,0,,112,,,,,
1/12/1987,1987,1,12,,-23,,-25,,-24,,42,,0,,0,,0,,0,,112,,,,,
1/13/1987,1987,1,13,,-24,,-34.5,,-29.3,,47.3,,0,,0,,0,,0,,112,,,,,
1/14/1987,1987,1,14,,-17,,-33,,-25,,43,,0,,0,,0,,0,,112,,,,,
1/15/1987,1987,1,15,,-18.5,,-30,,-24.3,,42.3,,0,,0,,1,,1,,112,,,,,
1/16/1987,1987,1,16,,-7.5,,-27.5,,-17.5,,35.5,,0,,0,,3,,3,,112,,,,,
1/17/1987,1987,1,17,,-6,,-20.5,,-13.3,,31.3,,0,,0,,0,,0,,115,,,,,
1/18/1987,1987,1,18,,-6,,-15,,-10.5,,28.5,,0,,0,,0,,0,,115,,,,,
1/19/1987,1987,1,19,,-3,,-19,,-11,,29,,0,,0,,2,,2,,115,,,,,
1/20/1987,1987,1,20,,-2,,-15,,-8.5,,26.5,,0,,0,,0,T,0,T,117,,,,,
1/21/1987,1987,1,21,,-11.5,,-19,,-15.3,,33.3,,0,,0,,0,,0,,117,,,,,
1/22/1987,1987,1,22,,-8,,-20,,-14,,32,,0,,0,,0,,0,,117,,,,,
1/23/1987,1987,1,23,,-11,,-17,,-14,,32,,0,,0,,0,,0,,117,,,,,
1/24/1987,1987,1,24,,-7,,-18,,-12.5,,30.5,,0,,0,,0,,0,,117,,,,,
1/25/1987,1987,1,25,,-4.5,,-18.5,,-11.5,,29.5,,0,,0,,0,T,0,T,117,,,,,
1/26/1987,1987,1,26,,-5.5,,-9.5,,-7.5,,25.5,,0,,0,,0,T,0,T,117,,,,,
1/27/1987,1987,1,27,,-10.5,,-14,,-12.3,,30.3,,0,,0,,1,,1,,117,,,,,
1/28/1987,1987,1,28,,-16,,-18,,-17,,35,,0,,0,,2,,2,,117,,,,,
1/29/1987,1987,1,29,,-25,,-27,,-26,,44,,0,,0,,0,,0,,118,,,,,
1/30/1987,1987,1,30,,-22,,-28.5,,-25.3,,43.3,,0,,0,,0,,0,,117,,,,,
1/31/1987,1987,1,31,,-12.5,,-28,,-20.3,,38.3,,0,,0,,2,,2,,116,,,,,
2/1/1987,1987,2,1,,-10.5,,-26.5,,-18.5,,36.5,,0,,0,,0,,0,,117,,,,,
2/2/1987,1987,2,2,,-10,,-25.5,,-17.8,,35.8,,0,,0,,0,,0,,117,,,,,
2/3/1987,1987,2,3,,-8,,-23,,-15.5,,33.5,,0,,0,,0,,0,,116,,,,,
2/4/1987,1987,2,4,,-4,,-18.5,,-11.3,,29.3,,0,,0,,1,,1,,116,,,,,
2/5/1987,1987,2,5,,-4.5,,-17,,-10.8,,28.8,,0,,0,,2,,2,,117,,,,,
2/6/1987,1987,2,6,,-4,,-11,,-7.5,,25.5,,0,,0,,8,,8,,119,,,,,
2/7/1987,1987,2,7,,-8,,-8,,-8,,26,,0,,0,,0,,0,,127,,,,,
2/8/1987,1987,2,8,,-11,,-19,,-15,,33,,0,,0,,0,T,0,T,127,,,,,
2/9/1987,1987,2,9,,-7,,-18,,-12.5,,30.5,,0,,0,,3,,3,,127,,,,,
2/10/1987,1987,2,10,,-8,,-12,,-10,,28,,0,,0,,2,,2,,130,,,,,
2/11/1987,1987,2,11,,-11,,-14,,-12.5,,30.5,,0,,0,,0,T,0,T,132,,,,,
2/12/1987,1987,2,12,,-18,,-23,,-20.5,,38.5,,0,,0,,0,,0,,132,,,,,
2/13/1987,1987,2,13,,-14,,-26,,-20,,38,,0,,0,,0,,0,,132,,,,,
2/14/1987,1987,2,14,,-16.5,,-25,,-20.8,,38.8,,0,,0,,0,T,0,T,132,,,,,
2/15/1987,1987,2,15,,-16,,-23,,-19.5,,37.5,,0,,0,,0,,0,,132,,,,,
2/16/1987,1987,2,16,,-9.5,,-22,,-15.8,,33.8,,0,,0,,0,,0,,132,,,,,
2/17/1987,1987,2,17,,-6,,-19,,-12.5,,30.5,,0,,0,,0,,0,,130,,,,,
2/18/1987,1987,2,18,,-8,,-15,,-11.5,,29.5,,0,,0,,2,,2,,130,,,,,
2/19/1987,1987,2,19,,-4.5,,-19,,-11.8,,29.8,,0,,0,,9,,9,,132,,,,,
2/20/1987,1987,2,20,,-7.5,,-14,,-10.8,,28.8,,0,,0,,1,,1,,141,,,,,
2/21/1987,1987,2,21,,-5,,-13.5,,-9.3,,27.3,,0,,0,,1,,1,,142,,,,,
2/22/1987,1987,2,22,,-4.5,,-12,,-8.3,,26.3,,0,,0,,0,,0,,143,,,,,
2/23/1987,1987,2,23,,-7.5,,-15,,-11.3,,29.3,,0,,0,,0,,0,,143,,,,,
2/24/1987,1987,2,24,,-5.5,,-15.5,,-10.5,,28.5,,0,,0,,3,,3,,143,,,,,
2/25/1987,1987,2,25,,-6,,-11,,-8.5,,26.5,,0,,0,,8,,8,,145,,,,,
2/26/1987,1987,2,26,,-7,,-10,,-8.5,,26.5,,0,,0,,3,,3,,148,,,,,
2/27/1987,1987,2,27,,-15,,-22,,-18.5,,36.5,,0,,0,,0,,0,,151,,,,,
2/28/1987,1987,2,28,,-17.5,,-24.5,,-21,,39,,0,,0,,0,,0,,150,,,,,
3/1/1987,1987,3,1,,-18.5,,-31,,-24.8,,42.8,,0,,0,,0,,0,,151,,,,,
3/2/1987,1987,3,2,,-21.5,,-34.5,,-28,,46,,0,,0,,0,,0,,151,,,,,
3/3/1987,1987,3,3,,-25,,-37.5,,-31.3,,49.3,,0,,0,,0,,0,,151,,,,,
3/4/1987,1987,3,4,,-26,,-41,,-33.5,,51.5,,0,,0,,0,T,0,T,150,,,,,
3/5/1987,1987,3,5,,-25,,-38,,-31.5,,49.5,,0,,0,,0,,0,,150,,,,,
3/6/1987,1987,3,6,,-24.5,,-33.5,,-29,,47,,0,,0,,0,,0,,150,,,,,
3/7/1987,1987,3,7,,-21.5,,-35.5,,-28.5,,46.5,,0,,0,,0,,0,,150,,,,,
3/8/1987,1987,3,8,,-13,,-32.5,,-22.8,,40.8,,0,,0,,0,,0,,150,,,,,
3/9/1987,1987,3,9,,-11,,-31,,-21,,39,,0,,0,,0,,0,,148,,,,,
3/10/1987,1987,3,10,,-12,,-30.5,,-21.3,,39.3,,0,,0,,0,,0,,147,,,,,
3/11/1987,1987,3,11,,-8.5,,-30,,-19.3,,37.3,,0,,0,,0,,0,,146,,,,,
3/12/1987,1987,3,12,,-7,,-27.5,,-17.3,,35.3,,0,,0,,0,,0,,146,,,,,
3/13/1987,1987,3,13,,-7.5,,-26,,-16.8,,34.8,,0,,0,,1,,1,,146,,,,,
3/14/1987,1987,3,14,,-6,,-16.5,,-11.3,,29.3,,0,,0,,4,,4,,147,,,,,
3/15/1987,1987,3,15,,-9,,-11.5,,-10.3,,28.3,,0,,0,,2,,2,,151,,,,,
3/16/1987,1987,3,16,,-9.5,,-20,,-14.8,,32.8,,0,,0,,4,,4,,153,,,,,
3/17/1987,1987,3,17,,-6,,-17,,-11.5,,29.5,,0,,0,,2,,2,,157,,,,,
3/18/1987,1987,3,18,,-5.5,,-11.5,,-8.5,,26.5,,0,,0,,0,T,0,T,159,,,,,
3/19/1987,1987,3,19,,-6.5,,-11,,-8.8,,26.8,,0,,0,,0,T,0,T,159,,,,,
3/20/1987,1987,3,20,,-5,,-22,,-13.5,,31.5,,0,,0,,0,,0,,159,,,,,
3/21/1987,1987,3,21,,-2.5,,-17,,-9.8,,27.8,,0,,0,,0,,0,,159,,,,,
3/22/1987,1987,3,22,,0,,-19.5,,-9.8,,27.8,,0,,0,,0,,0,,158,,,,,
3/23/1987,1987,3,23,,2,,-18.5,,-8.3,,26.3,,0,,0,,0,,0,,157,,,,,
3/24/1987,1987,3,24,,3,,-12.5,,-4.8,,22.8,,0,,0,,0,,0,,155,,,,,
3/25/1987,1987,3,25,,0.5,,-8,,-3.8,,21.8,,0,,0,,0,T,0,T,154,,,,,
3/26/1987,1987,3,26,,-8,,-12.5,,-10.3,,28.3,,0,,0,,0,,0,,154,,,,,
3/27/1987,1987,3,27,,-6,,-25,,-15.5,,33.5,,0,,0,,0,,0,,154,,,,,
3/28/1987,1987,3,28,,-5,,-20.5,,-12.8,,30.8,,0,,0,,2,,2,,154,,,,,
3/29/1987,1987,3,29,,4,,-14.5,,-5.3,,23.3,,0,,0,,2,,2,,156,,,,,
3/30/1987,1987,3,30,,1.5,,-7.5,,-3,,21,,0,,0,,1,,1,,158,,,,,
3/31/1987,1987,3,31,,-1,,-5,,-3,,21,,0,,0,,0,,0,,158,,,,,
4/1/1987,1987,4,1,,1.5,,-17,,-7.8,,25.8,,0,,0,,1,,1,,156,,,,,
4/2/1987,1987,4,2,,1,,-12,,-5.5,,23.5,,0,,0,,7,,7,,157,,,,,
4/3/1987,1987,4,3,,-6,,-9.5,,-7.8,,25.8,,0,,0,,5,,5,,164,,,,,
4/4/1987,1987,4,4,,1,,-9,,-4,,22,,0,,0,,15,,15,,169,,,,,
4/5/1987,1987,4,5,,-1,,-6.5,,-3.8,,21.8,,0,,0,,0,,0,,185,,,,,
4/6/1987,1987,4,6,,-1,,-19,,-10,,28,,0,,0,,0,T,0,T,180,,,,,
4/7/1987,1987,4,7,,-1.5,,-16,,-8.8,,26.8,,0,,0,,6,,6,,180,,,,,
4/8/1987,1987,4,8,,0,,-7,,-3.5,,21.5,,0,,0,,0,,0,,186,,,,,
4/9/1987,1987,4,9,,-1,,-6,,-3.5,,21.5,,0,,0,,0,T,0,T,186,,,,,
4/10/1987,1987,4,10,,0,,-6,,-3,,21,,0,,0,,1,,1,,185,,,,,
4/11/1987,1987,4,11,,2.5,,-13,,-5.3,,23.3,,0,,0,,0,T,0,T,185,,,,,
4/12/1987,1987,4,12,,4,,-11.5,,-3.8,,21.8,,0,,0,,0,T,0,T,183,,,,,
4/13/1987,1987,4,13,,1,,-8,,-3.5,,21.5,,0,,0,,3,,3,,181,,,,,
4/14/1987,1987,4,14,,4.5,,-4,,0.3,,17.7,,0,,0,,3,,3,,182,,,,,
4/15/1987,1987,4,15,,0.5,,-2.5,,-1,,19,,0,,0,,0,T,0,T,183,,,,,
4/16/1987,1987,4,16,,2.5,,-6,,-1.8,,19.8,,0,,0,,0,T,0,T,183,,,,,
4/17/1987,1987,4,17,,-3,,-5.5,,-4.3,,22.3,,0,,0,,0,T,0,T,182,,,,,
4/18/1987,1987,4,18,,1,,-11,,-5,,23,,0,,0,,0,,0,,180,,,,,
4/19/1987,1987,4,19,,-1,,-17.5,,-9.3,,27.3,,0,,0,,3,,3,,178,,,,,
4/20/1987,1987,4,20,,-2.5,,-5.5,,-4,,22,,0,,0,,0,,0,,178,,,,,
4/21/1987,1987,4,21,,3,,-8,,-2.5,,20.5,,0,,0,,1,,1,,175,,,,,
4/22/1987,1987,4,22,,4,,-7.5,,-1.8,,19.8,,0,,0,,0,,0,,173,,,,,
4/23/1987,1987,4,23,,3,,-10.5,,-3.8,,21.8,,0,,0,,0,,0,,170,,,,,
4/24/1987,1987,4,24,,3.5,,-14,,-5.3,,23.3,,0,,0,,0,,0,,168,,,,,
4/25/1987,1987,4,25,,2,,-10,,-4,,22,,0,,0,,0,,0,,160,,,,,
4/26/1987,1987,4,26,,2,,-8,,-3,,21,,0,,0,,2,,2,,155,,,,,
4/27/1987,1987,4,27,,3.5,,-3.5,,0,,18,,0,,0,,0,,0,,150,,,,,
4/28/1987,1987,4,28,,5.5,,-9.5,,-2,,20,,0,,0,,0,,0,,148,,,,,
4/29/1987,1987,4,29,,9,,-6.5,,1.3,,16.7,,0,,0,,0,,0,,140,,,,,
4/30/1987,1987,4,30,,9.5,,-5.5,,2,,16,,0,,0,T,0,,0,T,135,,,,,
5/1/1987,1987,5,1,,4,,-2.5,,0.8,,17.2,,0,,2,,0,T,2,,130,,,,,
5/2/1987,1987,5,2,,5.5,,1,,3.3,,14.7,,0,,0,T,0,T,0,T,122,,,,,
5/3/1987,1987,5,3,,5.5,,-1.5,,2,,16,,0,,0,,2,,2,,117,,,,,
5/4/1987,1987,5,4,,6,,-0.5,,2.8,,15.2,,0,,0,,0,T,0,T,117,,,,,
5/5/1987,1987,5,5,,6,,-1,,2.5,,15.5,,0,,0,,0,,0,,114,,,,,
5/6/1987,1987,5,6,,6.5,,-6,,0.3,,17.7,,0,,0,T,0,T,0,T,100,,,,,
5/7/1987,1987,5,7,,4.5,,-1.5,,1.5,,16.5,,0,,3,,0,,3,,97,,,,,
5/8/1987,1987,5,8,,6,,-2,,2,,16,,0,,0,,0,,0,,85,,,,,
5/9/1987,1987,5,9,,6,,-6.5,,-0.3,,18.3,,0,,0,,0,,0,,80,,,,,
5/10/1987,1987,5,10,,7,,-7,,0,,18,,0,,0,,0,,0,,75,,,,,
5/11/1987,1987,5,11,,3.5,,-7.5,,-2,,20,,0,,0,,0,T,0,T,70,,,,,
5/12/1987,1987,5,12,,3.5,,-3,,0.3,,17.7,,0,,0,,1,,1,,67,,,,,
5/13/1987,1987,5,13,,3.5,,-3,,0.3,,17.7,,0,,0,,0,,0,,65,,,,,
5/14/1987,1987,5,14,,4,,-1.5,,1.3,,16.7,,0,,0,,2,,2,,63,,,,,
5/15/1987,1987,5,15,,3,,-5,,-1,,19,,0,,0,,0,,0,,63,,,,,
5/16/1987,1987,5,16,,7,,-3.5,,1.8,,16.2,,0,,0,,0,,0,,60,,,,,
5/17/1987,1987,5,17,,5,,-2,,1.5,,16.5,,0,,0,,0,,0,,55,,,,,
5/18/1987,1987,5,18,,5.5,,-5,,0.3,,17.7,,0,,0,,0,,0,,42,,,,,
5/19/1987,1987,5,19,,9.5,,-8,,0.8,,17.2,,0,,0,,0,,0,,36,,,,,
5/20/1987,1987,5,20,,13.5,,-6,,3.8,,14.2,,0,,0,,0,,0,,29,,,,,
5/21/1987,1987,5,21,,14.5,,-3.5,,5.5,,12.5,,0,,0,,0,,0,,20,,,,,
5/22/1987,1987,5,22,,14,,-1.5,,6.3,,11.7,,0,,0,,0,,0,,14,,,,,
5/23/1987,1987,5,23,,10,,-2,,4,,14,,0,,0,,0,,0,,8,,,,,
5/24/1987,1987,5,24,,8.5,,2.5,,5.5,,12.5,,0,,0.5,,0,,0.5,,0,,,,,
5/25/1987,1987,5,25,,12,,-2.5,,4.8,,13.2,,0,,0,,0,,0,,0,,,,,
5/26/1987,1987,5,26,,18.5,,2,,10.3,,7.7,,0,,0,,0,,0,,0,,,,,
5/27/1987,1987,5,27,,13.5,,2,,7.8,,10.2,,0,,0,,0,,0,,0,,,,,
5/28/1987,1987,5,28,,17,,-2.5,,7.3,,10.7,,0,,0,,0,,0,,0,,,,,
5/29/1987,1987,5,29,,17,,5,,11,,7,,0,,3,,0,,3,,0,,,,,
5/30/1987,1987,5,30,,15,,2,,8.5,,9.5,,0,,4,,0,,4,,0,,,,,
5/31/1987,1987,5,31,,15,,5,,10,,8,,0,,0,,0,,0,,0,,,,,
6/1/1987,1987,6,1,,17,,1.5,,9.3,,8.7,,0,,0,,0,,0,,0,,,,,
6/2/1987,1987,6,2,,9,,6,,7.5,,10.5,,0,,4,,0,,4,,0,,,,,
6/3/1987,1987,6,3,,10,,3,,6.5,,11.5,,0,,12,,0,,12,,0,,,,,
6/4/1987,1987,6,4,,8,,-1,,3.5,,14.5,,0,,0,,0,,0,,0,,,,,
6/5/1987,1987,6,5,,10,,2,,6,,12,,0,,2,,0,,2,,0,,,,,
6/6/1987,1987,6,6,,9,,1.5,,5.3,,12.7,,0,,0,,0,,0,,0,,,,,
6/7/1987,1987,6,7,,15.5,,-0.5,,7.5,,10.5,,0,,0,,0,,0,,0,,,,,
6/8/1987,1987,6,8,,20,,0.5,,10.3,,7.7,,0,,0,T,0,,0,T,0,,,,,
6/9/1987,1987,6,9,,15,,5,,10,,8,,0,,0,,0,,0,,0,,,,,
6/10/1987,1987,6,10,,13.5,,3,,8.3,,9.7,,0,,0,,0,,0,,0,,,,,
6/11/1987,1987,6,11,,13,,2,,7.5,,10.5,,0,,2.8,,0,,2.8,,0,,,,,
6/12/1987,1987,6,12,,10.5,,2,,6.3,,11.7,,0,,1.2,,0,,1.2,,0,,,,,
6/13/1987,1987,6,13,,10.5,,1,,5.8,,12.2,,0,,1.4,,0,,1.4,,0,,,,,
6/14/1987,1987,6,14,,10.5,,2,,6.3,,11.7,,0,,8.2,,0,,8.2,,0,,,,,
6/15/1987,1987,6,15,,11.5,,-0.5,,5.5,,12.5,,0,,0.8,,0,,0.8,,0,,,,,
6/16/1987,1987,6,16,,10,,3.5,,6.8,,11.2,,0,,3,,0,,3,,0,,,,,
6/17/1987,1987,6,17,,10,,2,,6,,12,,0,,1,,0,,1,,0,,,,,
6/18/1987,1987,6,18,,13,,3.5,,8.3,,9.7,,0,,3,,0,,3,,0,,,,,
6/19/1987,1987,6,19,,12,,0,,6,,12,,0,,0,,0,,0,,0,,,,,
6/20/1987,1987,6,20,,17,,0,,8.5,,9.5,,0,,0,,0,,0,,0,,,,,
6/21/1987,1987,6,21,,17,,3,,10,,8,,0,,0,,0,,0,,0,,,,,
6/22/1987,1987,6,22,,15,,4,,9.5,,8.5,,0,,8,,0,,8,,0,,,,,
6/23/1987,1987,6,23,,16.5,,7.5,,12,,6,,0,,1,,0,,1,,0,,,,,
6/24/1987,1987,6,24,,16,,2.5,,9.3,,8.7,,0,,2.5,,0,,2.5,,0,,,,,
6/25/1987,1987,6,25,,12,,8,,10,,8,,0,,0,,0,,0,,0,,,,,
6/26/1987,1987,6,26,,12.5,,5.5,,9,,9,,0,,1.5,,0,,1.5,,0,,,,,
6/27/1987,1987,6,27,,17,,0.5,,8.8,,9.2,,0,,0,,0,,0,,0,,,,,
6/28/1987,1987,6,28,,17,,4,,10.5,,7.5,,0,,0,,0,,0,,0,,,,,
6/29/1987,1987,6,29,,24.5,,3.5,,14,,4,,0,,0,,0,,0,,0,,,,,
6/30/1987,1987,6,30,,23.5,,6.5,,15,,3,,0,,0,,0,,0,,0,,,,,
7/1/1987,1987,7,1,,14.5,,9.5,,12,,6,,0,,1.3,,0,,1.3,,0,,,,,
7/2/1987,1987,7,2,,12.5,,7.5,,10,,8,,0,,4.4,,0,,4.4,,0,,,,,
7/3/1987,1987,7,3,,16.5,,6.5,,11.5,,6.5,,0,,0,,0,,0,,0,,,,,
7/4/1987,1987,7,4,,16.5,,7.5,,12,,6,,0,,0,,0,,0,,0,,,,,
7/5/1987,1987,7,5,,19.5,,1,,10.3,,7.7,,0,,8.4,,0,,8.4,,0,,,,,
7/6/1987,1987,7,6,,6.5,,3,,4.8,,13.2,,0,,13,,0,,13,,0,,,,,
7/7/1987,1987,7,7,,14.5,,0,,7.3,,10.7,,0,,0,,0,,0,,0,,,,,
7/8/1987,1987,7,8,,17.5,,6,,11.8,,6.2,,0,,4,,0,,4,,0,,,,,
7/9/1987,1987,7,9,,18.5,,7.5,,13,,5,,0,,2,,0,,2,,0,,,,,
7/10/1987,1987,7,10,,16.5,,6,,11.3,,6.7,,0,,6,,0,,6,,0,,,,,
7/11/1987,1987,7,11,,16,,7,,11.5,,6.5,,0,,22,,0,,22,,0,,,,,
7/12/1987,1987,7,12,,14,,8,,11,,7,,0,,3,,0,,3,,0,,,,,
7/13/1987,1987,7,13,,15.5,,3.5,,9.5,,8.5,,0,,2,,0,,2,,0,,,,,
7/14/1987,1987,7,14,,12,,4,,8,,10,,0,,8,,0,,8,,0,,,,,
7/15/1987,1987,7,15,,16.5,,5,,10.8,,7.2,,0,,3,,0,,3,,0,,,,,
7/16/1987,1987,7,16,,19.5,,3,,11.3,,6.7,,0,,0,,0,,0,,0,,,,,
7/17/1987,1987,7,17,,23,,2,,12.5,,5.5,,0,,0,,0,,0,,0,,,,,
7/18/1987,1987,7,18,,24,,5,,14.5,,3.5,,0,,0,,0,,0,,0,,,,,
7/19/1987,1987,7,19,,21.5,,5,,13.3,,4.7,,0,,0,,0,,0,,0,,,,,
7/20/1987,1987,7,20,,16.5,,9,,12.8,,5.2,,0,,1.2,,0,,1.2,,0,,,,,
7/21/1987,1987,7,21,,21.5,,4,,12.8,,5.2,,0,,1.2,,0,,1.2,,0,,,,,
7/22/1987,1987,7,22,,21,,9,,15,,3,,0,,7.4,,0,,7.4,,0,,,,,
7/23/1987,1987,7,23,,22,,9,,15.5,,2.5,,0,,2.2,,0,,2.2,,0,,,,,
7/24/1987,1987,7,24,,21.5,,9,,15.3,,2.7,,0,,0,,0,,0,,0,,,,,
7/25/1987,1987,7,25,,21.5,,3,,12.3,,5.7,,0,,0,,0,,0,,0,,,,,
7/26/1987,1987,7,26,,20.5,,4.5,,12.5,,5.5,,0,,0,,0,,0,,0,,,,,
7/27/1987,1987,7,27,,20,,4.5,,12.3,,5.7,,0,,0,,0,,0,,0,,,,,
7/28/1987,1987,7,28,,18,,7,,12.5,,5.5,,0,,0,,0,,0,,0,,,,,
7/29/1987,1987,7,29,,19,,4.5,,11.8,,6.2,,0,,0,,0,,0,,0,,,,,
7/30/1987,1987,7,30,,21,,1.5,,11.3,,6.7,,0,,0,,0,,0,,0,,,,,
7/31/1987,1987,7,31,,,M,4,,,M,,M,,M,0,,0,,0,,0,,,,,
8/1/1987,1987,8,1,,17.5,,8,,12.8,,5.2,,0,,4,,0,,4,,0,,,,,
8/2/1987,1987,8,2,,13.5,,7.5,,10.5,,7.5,,0,,3,,0,,3,,0,,,,,
8/3/1987,1987,8,3,,15,,6.5,,10.8,,7.2,,0,,3.5,,0,,3.5,,0,,,,,
8/4/1987,1987,8,4,,17,,7,,12,,6,,0,,1,,0,,1,,0,,,,,
8/5/1987,1987,8,5,,17.5,,8,,12.8,,5.2,,0,,10,,0,,10,,0,,,,,
8/6/1987,1987,8,6,,17,,8,,12.5,,5.5,,0,,3,,0,,3,,0,,,,,
8/7/1987,1987,8,7,,14,,7,,10.5,,7.5,,0,,7,,0,,7,,0,,,,,
8/8/1987,1987,8,8,,13,,6,,9.5,,8.5,,0,,2,,0,,2,,0,,,,,
8/9/1987,1987,8,9,,14,,0,,7,,11,,0,,4,,0,,4,,0,,,,,
8/10/1987,1987,8,10,,10,,-3,,3.5,,14.5,,0,,9.5,,0,,9.5,,0,,,,,
8/11/1987,1987,8,11,,12,,4,,8,,10,,0,,1,,0,,1,,0,,,,,
8/12/1987,1987,8,12,,15,,-2,,6.5,,11.5,,0,,0,T,0,,0,T,0,,,,,
8/13/1987,1987,8,13,,17,,0,,8.5,,9.5,,0,,0,,0,,0,,0,,,,,
8/14/1987,1987,8,14,,18,,1,,9.5,,8.5,,0,,0,,0,,0,,0,,,,,
8/15/1987,1987,8,15,,16.5,,5,,10.8,,7.2,,0,,7,,0,,7,,0,,,,,
8/16/1987,1987,8,16,,12,,6,,9,,9,,0,,6,,0,,6,,0,,,,,
8/17/1987,1987,8,17,,12,,6,,9,,9,,0,,3,,0,,3,,0,,,,,
8/18/1987,1987,8,18,,12,,6,,9,,9,,0,,4.5,,0,,4.5,,0,,,,,
8/19/1987,1987,8,19,,12,,4,,8,,10,,0,,4.5,,0,,4.5,,0,,,,,
8/20/1987,1987,8,20,,10,,4.5,,7.3,,10.7,,0,,14,,0,,14,,0,,,,,
8/21/1987,1987,8,21,,11,,4,,7.5,,10.5,,0,,1.5,,0,,1.5,,0,,,,,
8/22/1987,1987,8,22,,14,,3.5,,8.8,,9.2,,0,,0.5,,0,,0.5,,0,,,,,
8/23/1987,1987,8,23,,16,,0,,8,,10,,0,,5,,0,,5,,0,,,,,
8/24/1987,1987,8,24,,19,,3,,11,,7,,0,,0,,0,,0,,0,,,,,
8/25/1987,1987,8,25,,21,,0,,10.5,,7.5,,0,,0,T,0,,0,T,0,,,,,
8/26/1987,1987,8,26,,18,,4,,11,,7,,0,,5.2,,0,,5.2,,0,,,,,
8/27/1987,1987,8,27,,12,,7,,9.5,,8.5,,0,,2.2,,0,,2.2,,0,,,,,
8/28/1987,1987,8,28,,13,,5,,9,,9,,0,,1,,0,,1,,0,,,,,
8/29/1987,1987,8,29,,13.5,,4,,8.8,,9.2,,0,,0,T,0,,0,T,0,,,,,
8/30/1987,1987,8,30,,10,,3.5,,6.8,,11.2,,0,,8,,2,,10,,0,,,,,
8/31/1987,1987,8,31,,0,,-6,,-3,,21,,0,,0,,0,T,0,T,2,,,,,
9/1/1987,1987,9,1,,9,,-6,,1.5,,16.5,,0,,0,,0,,0,,0,,,,,
9/2/1987,1987,9,2,,9,,-2,,3.5,,14.5,,0,,0,T,0,,0,T,0,,,,,
9/3/1987,1987,9,3,,10,,3,,6.5,,11.5,,0,,2.2,,0,,2.2,,0,,,,,
9/4/1987,1987,9,4,,13,,4,,8.5,,9.5,,0,,16,,0,,16,,0,,,,,
9/5/1987,1987,9,5,,10.5,,5,,7.8,,10.2,,0,,0,,0,,0,,0,,,,,
9/6/1987,1987,9,6,,12,,-5.5,,3.3,,14.7,,0,,0,,0,,0,,0,,,,,
9/7/1987,1987,9,7,,13,,-3,,5,,13,,0,,5,,0,,5,,0,,,,,
9/8/1987,1987,9,8,,12,,2,,7,,11,,0,,0,,0,,0,,0,,,,,
9/9/1987,1987,9,9,,11.5,,2,,6.8,,11.2,,0,,3,,0,,3,,0,,,,,
9/10/1987,1987,9,10,,8,,6,,7,,11,,0,,18,,0,,18,,0,,,,,
9/11/1987,1987,9,11,,8,,1,,4.5,,13.5,,0,,10,,0,,10,,0,,,,,
9/12/1987,1987,9,12,,5,,1,,3,,15,,0,,3,,0,,3,,0,,,,,
9/13/1987,1987,9,13,,6.5,,0,,3.3,,14.7,,0,,0,,0,,0,,0,,,,,
9/14/1987,1987,9,14,,4,,-4,,0,,18,,0,,1,,0,T,1,,0,,,,,
9/15/1987,1987,9,15,,5,,-0.5,,2.3,,15.7,,0,,2,,0,,2,,0,,,,,
9/16/1987,1987,9,16,,7.5,,-1,,3.3,,14.7,,0,,0,,0,,0,,0,,,,,
9/17/1987,1987,9,17,,6.5,,-1,,2.8,,15.2,,0,,2,,0,,2,,0,,,,,
9/18/1987,1987,9,18,,7.5,,1,,4.3,,13.7,,0,,0,,0,,0,,0,,,,,
9/19/1987,1987,9,19,,3.5,,-2,,0.8,,17.2,,0,,2,,0,,2,,0,,,,,
9/20/1987,1987,9,20,,6,,-1,,2.5,,15.5,,0,,1.8,,0,,1.8,,0,,,,,
9/21/1987,1987,9,21,,7.5,,-2,,2.8,,15.2,,0,,0,,0,,0,,0,,,,,
9/22/1987,1987,9,22,,10,,-5,,2.5,,15.5,,0,,0,,0,,0,,0,,,,,
9/23/1987,1987,9,23,,9.5,,-7,,1.3,,16.7,,0,,0,,0,,0,,0,,,,,
9/24/1987,1987,9,24,,9,,-6.5,,1.3,,16.7,,0,,0,,0,,0,,0,,,,,
9/25/1987,1987,9,25,,8,,-6.5,,0.8,,17.2,,0,,0,,0,,0,,0,,,,,
9/26/1987,1987,9,26,,6.5,,0,,3.3,,14.7,,0,,4,,0,,4,,0,,,,,
9/27/1987,1987,9,27,,6,,0,,3,,15,,0,,0,,0,T,0,T,0,,,,,
9/28/1987,1987,9,28,,5,,-1,,2,,16,,0,,0,,0,,0,,0,,,,,
9/29/1987,1987,9,29,,3.5,,-3,,0.3,,17.7,,0,,0,,10,,10,,0,,,,,
9/30/1987,1987,9,30,,4.5,,-2,,1.3,,16.7,,0,,6,,0,,6,,10,,,,,
10/1/1987,1987,10,1,,6.5,,-1.5,,2.5,,15.5,,0,,4,,0,,4,,0,,,,,
10/2/1987,1987,10,2,,8,,0,,4,,14,,0,,8,,0,,8,,0,,,,,
10/3/1987,1987,10,3,,4.5,,1,,2.8,,15.2,,0,,1,,0,,1,,0,,,,,
10/4/1987,1987,10,4,,4.5,,1,,2.8,,15.2,,0,,0,,0,T,0,T,0,,,,,
10/5/1987,1987,10,5,,0,,-2,,-1,,19,,0,,0,,1,,1,,0,,,,,
10/6/1987,1987,10,6,,2,,-2,,0,,18,,0,,0,,0,T,0,T,1,,,,,
10/7/1987,1987,10,7,,1,,-2,,-0.5,,18.5,,0,,0,,0,,0,,0,T,,,,
10/8/1987,1987,10,8,,2,,-7,,-2.5,,20.5,,0,,0,,0,,0,,0,,,,,
10/9/1987,1987,10,9,,5,,-7,,-1,,19,,0,,0,,0,,0,,0,,,,,
10/10/1987,1987,10,10,,5,,-6.5,,-0.8,,18.8,,0,,4,,0,,4,,0,,,,,
10/11/1987,1987,10,11,,6,,-2,,2,,16,,0,,0,,0,T,0,T,0,,,,,
10/12/1987,1987,10,12,,1,,0,,0.5,,17.5,,0,,0,,0,,0,,0,,,,,
10/13/1987,1987,10,13,,2,,-7,,-2.5,,20.5,,0,,0,,0,T,0,T,0,,,,,
10/14/1987,1987,10,14,,1,,-8,,-3.5,,21.5,,0,,0,,0,T,0,T,0,T,,,,
10/15/1987,1987,10,15,,0,,-2,,-1,,19,,0,,0,,0,,0,,0,T,,,,
10/16/1987,1987,10,16,,-1,,-3,,-2,,20,,0,,0,,3,,3,,,M,,,,
10/17/1987,1987,10,17,,-2,,-5,,-3.5,,21.5,,0,,0,,0,,0,,,M,,,,
10/18/1987,1987,10,18,,0,,-13,,-6.5,,24.5,,0,,0,,0,,0,,,M,,,,
10/19/1987,1987,10,19,,-1,,-11,,-6,,24,,0,,0,,7,,7,,,M,,,,
10/20/1987,1987,10,20,,2,,-3,,-0.5,,18.5,,0,,0,,0,,0,,,M,,,,
10/21/1987,1987,10,21,,0,,-4,,-2,,20,,0,,0,,0,,0,,,M,,,,
10/22/1987,1987,10,22,,0,,-13,,-6.5,,24.5,,0,,0,,2,,2,,8,,,,,
10/23/1987,1987,10,23,,1,,-11,,-5,,23,,0,,0,,1,,1,,10,,,,,
10/24/1987,1987,10,24,,2,,-3,,-0.5,,18.5,,0,,0,,1,,1,,11,,,,,
10/25/1987,1987,10,25,,2,,-2,,0,,18,,0,,0,,0,T,0,T,11,,,,,
10/26/1987,1987,10,26,,-2,,-6.5,,-4.3,,22.3,,0,,0,,0,T,0,T,10,,,,,
10/27/1987,1987,10,27,,-2,,-6.5,,-4.3,,22.3,,0,,0,,3,,3,,10,,,,,
10/28/1987,1987,10,28,,-2,,-6.5,,-4.3,,22.3,,0,,0,,5,,5,,13,,,,,
10/29/1987,1987,10,29,,-2,,-6,,-4,,22,,0,,0,,0,T,0,T,18,,,,,
10/30/1987,1987,10,30,,-6.5,,-17,,-11.8,,29.8,,0,,0,,4,,4,,18,,,,,
10/31/1987,1987,10,31,,-5,,-18.5,,-11.8,,29.8,,0,,0,,2,,2,,22,,,,,
11/1/1987,1987,11,1,,-5,,-20,,-12.5,,30.5,,0,,0,,4,,4,,22,,,,,
11/2/1987,1987,11,2,,-1,,-20,,-10.5,,28.5,,0,,0,,10,,10,,26,,,,,
11/3/1987,1987,11,3,,-4,,-7,,-5.5,,23.5,,0,,0,,0,,0,,36,,,,,
11/4/1987,1987,11,4,,-6,,-11,,-8.5,,26.5,,0,,0,,0,,0,,36,,,,,
11/5/1987,1987,11,5,,-8.5,,-17,,-12.8,,30.8,,0,,0,,4,,4,,36,,,,,
11/6/1987,1987,11,6,,-6,,-17,,-11.5,,29.5,,0,,0,,0,,0,,40,,,,,
11/7/1987,1987,11,7,,-8,,-12.5,,-10.3,,28.3,,0,,0,,0.5,,0.5,,,M,,,,
11/8/1987,1987,11,8,,-7,,-18,,-12.5,,30.5,,0,,0,,3,,3,,40,,,,,
11/9/1987,1987,11,9,,-2.5,,-15,,-8.8,,26.8,,0,,0,,8,,8,,41,,,,,
11/10/1987,1987,11,10,,-2,,-8,,-5,,23,,0,,0,,12,,12,,47,,,,,
11/11/1987,1987,11,11,,-4,,-6.5,,-5.3,,23.3,,0,,0,,0.5,,0.5,,52,,,,,
11/12/1987,1987,11,12,,-7,,-11,,-9,,27,,0,,0,,6,,6,,52,,,,,
11/13/1987,1987,11,13,,-11,,-11.5,,-11.3,,29.3,,0,,0,,0,,0,,52,,,,,
11/14/1987,1987,11,14,,-10.5,,-21,,-15.8,,33.8,,0,,0,,2,,2,,49,,,,,
11/15/1987,1987,11,15,,-10,,-17,,-13.5,,31.5,,0,,0,,0,,0,,49,,,,,
11/16/1987,1987,11,16,,-24,,-24,,-24,,42,,0,,0,,0,,0,,49,,,,,
11/17/1987,1987,11,17,,-9,,-27,,-18,,36,,0,,0,,2,,2,,49,,,,,
11/18/1987,1987,11,18,,-6.5,,-27,,-16.8,,34.8,,0,,0,,0,,0,,50,,,,,
11/19/1987,1987,11,19,,-7,,-22,,-14.5,,32.5,,0,,0,,3,,3,,50,,,,,
11/20/1987,1987,11,20,,-5,,-16,,-10.5,,28.5,,0,,0,,0,,0,,52,,,,,
11/21/1987,1987,11,21,,-8,,-12,,-10,,28,,0,,0,,2,,2,,51,,,,,
11/22/1987,1987,11,22,,-12,,-13,,-12.5,,30.5,,0,,0,,1,,1,,52,,,,,
11/23/1987,1987,11,23,,-12,,-15,,-13.5,,31.5,,0,,0,,6,,6,,52,,,,,
11/24/1987,1987,11,24,,-3.5,,-16.5,,-10,,28,,0,,0,,2,,2,,59,,,,,
11/25/1987,1987,11,25,,-9,,-13.5,,-11.3,,29.3,,0,,0,,1,,1,,59,,,,,
11/26/1987,1987,11,26,,-5,,-14,,-9.5,,27.5,,0,,0,,1,,1,,58,,,,,
11/27/1987,1987,11,27,,-5,,-11,,-8,,26,,0,,0,,7,,7,,58,,,,,
11/28/1987,1987,11,28,,1,,-7,,-3,,21,,0,,0,,6,,6,,63,,,,,
11/29/1987,1987,11,29,,-3,,-7,,-5,,23,,0,,0,,2,,2,,60,,,,,
11/30/1987,1987,11,30,,-4,,-7,,-5.5,,23.5,,0,,0,,0,,0,,60,,,,,
12/1/1987,1987,12,1,,-7,,-17,,-12,,30,,0,,0,,0.5,,0.5,,60,,,,,
12/2/1987,1987,12,2,,-7,,-19,,-13,,31,,0,,0,,2,,2,,,M,,,,
12/3/1987,1987,12,3,,-14,,-15,,-14.5,,32.5,,0,,0,,0,,0,,,M,,,,
12/4/1987,1987,12,4,,-16,,-24,,-20,,38,,0,,0,,0,,0,,,M,,,,
12/5/1987,1987,12,5,,-13,,-27,,-20,,38,,0,,0,,1,,1,,,M,,,,
12/6/1987,1987,12,6,,-10,,-30,,-20,,38,,0,,0,,1,,1,,,M,,,,
12/7/1987,1987,12,7,,-9,,-14,,-11.5,,29.5,,0,,0,,0,,0,,58,,,,,
12/8/1987,1987,12,8,,-10,,-22,,-16,,34,,0,,0,,0,T,0,T,,M,,,,
12/9/1987,1987,12,9,,-11,,-20,,-15.5,,33.5,,0,,0,,0,,0,,,M,,,,
12/10/1987,1987,12,10,,-9,,-21,,-15,,33,,0,,0,,0,,0,,,M,,,,
12/11/1987,1987,12,11,,-6,,-21,,-13.5,,31.5,,0,,0,,0,,0,,,M,,,,
12/12/1987,1987,12,12,,-11,,-18,,-14.5,,32.5,,0,,0,,1,,1,,,M,,,,
12/13/1987,1987,12,13,,-9,,-17,,-13,,31,,0,,0,,3,,3,,,M,,,,
12/14/1987,1987,12,14,,-10,,-14.5,,-12.3,,30.3,,0,,0,,0,,0,,60,,,,,
12/15/1987,1987,12,15,,-14,,-20,,-17,,35,,0,,0,,0,,0,,,M,,,,
12/16/1987,1987,12,16,,-21,,-29,,-25,,43,,0,,0,,0,,0,,,M,,,,
12/17/1987,1987,12,17,,-11,,-27,,-19,,37,,0,,0,,4,,4,,,M,,,,
12/18/1987,1987,12,18,,-7,,-22,,-14.5,,32.5,,0,,0,,0,,0,,,M,,,,
12/19/1987,1987,12,19,,-9,,-19,,-14,,32,,0,,0,,1,,1,,,M,,,,
12/20/1987,1987,12,20,,-8,,-13,,-10.5,,28.5,,0,,0,,2,,2,,,M,,,,
12/21/1987,1987,12,21,,-7,,-15,,-11,,29,,0,,0,,0,,0,,64,,,,,
12/22/1987,1987,12,22,,-7,,-11,,-9,,27,,0,,0,,0,,0,,,M,,,,
12/23/1987,1987,12,23,,-2,,-18,,-10,,28,,0,,0,,0,,0,,,M,,,,
12/24/1987,1987,12,24,,1,,-16,,-7.5,,25.5,,0,,0,,0,,0,,,M,,,,
12/25/1987,1987,12,25,,-2,,-6,,-4,,22,,0,,0,,4,,4,,,M,,,,
12/26/1987,1987,12,26,,-5,,-8,,-6.5,,24.5,,0,,0,,0,,0,,,M,,,,
12/27/1987,1987,12,27,,-8,,-17,,-12.5,,30.5,,0,,0,,2,,2,,,M,,,,
12/28/1987,1987,12,28,,-10,,-15,,-12.5,,30.5,,0,,0,,0,,0,,66,,,,,
12/29/1987,1987,12,29,,-15.5,,-27,,-21.3,,39.3,,0,,0,,0,,0,,66,,,,,
12/30/1987,1987,12,30,,-15.5,,-26.5,,-21,,39,,0,,0,,0,,0,,66,,,,,
12/31/1987,1987,12,31,,-16.5,,-22,,-19.3,,37.3,,0,,0,,0,,0,,66,,,,,
1/1/1988,1988,1,1,,-13,,-25,,-19,,37,,0,,0,,0,,0,,64,,,,,
1/2/1988,1988,1,2,,-9,,-21.5,,-15.3,,33.3,,0,,0,,0.5,,0.5,,64,,,,,
1/3/1988,1988,1,3,,-10.5,,-16.5,,-13.5,,31.5,,0,,0,,0,,0,,64,,,,,
1/4/1988,1988,1,4,,-16.5,,-21.5,,-19,,37,,0,,0,,0,,0,,63,,,,,
1/5/1988,1988,1,5,,-20,,-25,,-22.5,,40.5,,0,,0,,0,,0,,63,,,,,
1/6/1988,1988,1,6,,-21,,-25,,-23,,41,,0,,0,,0,,0,,63,,,,,
1/7/1988,1988,1,7,,-20,,-27,,-23.5,,41.5,,0,,0,,0,,0,,63,,,,,
1/8/1988,1988,1,8,,-18,,-26.5,,-22.3,,40.3,,0,,0,,0,,0,,63,,,,,
1/9/1988,1988,1,9,,-27,,-28,,-27.5,,45.5,,0,,0,,0,,0,,62,,,,,
1/10/1988,1988,1,10,,-30,,-37,,-33.5,,51.5,,0,,0,,0,,0,,62,,,,,
1/11/1988,1988,1,11,,-23,,-37,,-30,,48,,0,,0,,0,,0,,62,,,,,
1/12/1988,1988,1,12,,-21,,-35,,-28,,46,,0,,0,,0,T,0,T,61,,,,,
1/13/1988,1988,1,13,,-23,,-29,,-26,,44,,0,,0,,0,,0,,61,,,,,
1/14/1988,1988,1,14,,-20,,-30,,-25,,43,,0,,0,,0,T,0,T,61,,,,,
1/15/1988,1988,1,15,,-18,,-30,,-24,,42,,0,,0,,1,,1,,61,,,,,
1/16/1988,1988,1,16,,-13,,-23,,-18,,36,,0,,0,,1,,1,,62,,,,,
1/17/1988,1988,1,17,,-10,,-20,,-15,,33,,0,,0,,0,,0,,63,,,,,
1/18/1988,1988,1,18,,-18,,-21,,-19.5,,37.5,,0,,0,,1,,1,,65,,,,,
1/19/1988,1988,1,19,,-15,,-26,,-20.5,,38.5,,0,,0,,0,,0,,64,,,,,
1/20/1988,1988,1,20,,-14,,-21.5,,-17.8,,35.8,,0,,0,,5,,5,,64,,,,,
1/21/1988,1988,1,21,,-3,,-21.5,,-12.3,,30.3,,0,,0,,6,E,6,E,68,,,,,
1/22/1988,1988,1,22,,-3,,-20,,-11.5,,29.5,,0,,0,,0,,0,,74,,,,,
1/23/1988,1988,1,23,,-3,,-10,E,-6.5,,24.5,,0,,0,,0,,0,,74,,,,,
1/24/1988,1988,1,24,,-8,,-10,,-9,,27,,0,,0,,1,,1,,74,,,,,
1/25/1988,1988,1,25,,-7,,-11,,-9,,27,,0,,0,,4,,4,,72,,,,,
1/26/1988,1988,1,26,,-13.5,,-15,,-14.3,,32.3,,0,,0,,2,,2,,76,,,,,
1/27/1988,1988,1,27,,-20.5,,-24,,-22.3,,40.3,,0,,0,,0,,0,,76,,,,,
1/28/1988,1988,1,28,,-29,,-35,,-32,,50,,0,,0,,0,,0,,74,,,,,
1/29/1988,1988,1,29,,-28,,-35,,-31.5,,49.5,,0,,0,,0,,0,,74,,,,,
1/30/1988,1988,1,30,,-25,,-42,,-33.5,,51.5,,0,,0,,0,,0,,74,,,,,
1/31/1988,1988,1,31,,-18,,-38,,-28,,46,,0,,0,,0,,0,,74,,,,,
2/1/1988,1988,2,1,,-19,,-30,,-24.5,,42.5,,0,,0,,0,,0,,74,,,,,
2/2/1988,1988,2,2,,-20,,-30,,-25,,43,,0,,0,,0,,0,,,M,,,,
2/3/1988,1988,2,3,,-29,,-37,,-33,,51,,0,,0,,0,,0,,,M,,,,
2/4/1988,1988,2,4,,-29,,-41,,-35,,53,,0,,0,,0,,0,,,M,,,,
2/5/1988,1988,2,5,,-19,,-40,,-29.5,,47.5,,0,,0,,2,,2,,,M,,,,
2/6/1988,1988,2,6,,-17,,-32,,-24.5,,42.5,,0,,0,,1,,1,,76,,,,,
2/7/1988,1988,2,7,,-20,,-25,,-22.5,,40.5,,0,,0,,0,,0,,76,,,,,
2/8/1988,1988,2,8,,-32,,-35,,-33.5,,51.5,,0,,0,,0,,0,,,M,,,,
2/9/1988,1988,2,9,,-24.5,,-38.5,,-31.5,,49.5,,0,,0,,1,,1,,75,,,,,
2/10/1988,1988,2,10,,-16,,-37,,-26.5,,44.5,,0,,0,,0,,0,,76,,,,,
2/11/1988,1988,2,11,,-11,,-26,,-18.5,,36.5,,0,,0,,2,,2,,75,,,,,
2/12/1988,1988,2,12,,-19,,-22,,-20.5,,38.5,,0,,0,,0,,0,,77,,,,,
2/13/1988,1988,2,13,,-20.5,,-25,,-22.8,,40.8,,0,,0,,2,,2,,,M,,,,
2/14/1988,1988,2,14,,-15,,-25,,-20,,38,,0,,0,,1,,1,,79,,,,,
2/15/1988,1988,2,15,,-6,,-24,,-15,,33,,0,,0,,3,,3,,80,,,,,
2/16/1988,1988,2,16,,-3.5,,-16.5,,-10,,28,,0,,0,,10,,10,,83,,,,,
2/17/1988,1988,2,17,,-3,,-10,,-6.5,,24.5,,0,,0,,4,,4,,92,,,,,
2/18/1988,1988,2,18,,0,,-8,,-4,,22,,0,,0,,4,,4,,96,,,,,
2/19/1988,1988,2,19,,-0.5,,-5.5,,-3,,21,,0,,0,,3,,3,,100,,,,,
2/20/1988,1988,2,20,,1.5,,-5,,-1.8,,19.8,,0,,0,,3,,3,,103,,,,,
2/21/1988,1988,2,21,,-6.5,,-8,,-7.3,,25.3,,0,,0,,0,,0,,106,,,,,
2/22/1988,1988,2,22,,-17,,-27,,-22,,40,,0,,0,,0,,0,,,M,,,,
2/23/1988,1988,2,23,,-8.5,,-26.5,,-17.5,,35.5,,0,,0,,0,,0,,105,,,,,
2/24/1988,1988,2,24,,2,,-20,,-9,,27,,0,,0,,0,,0,,,M,,,,
2/25/1988,1988,2,25,,1.5,,-11.5,,-5,,23,,0,,0,,1,,1,,104,,,,,
2/26/1988,1988,2,26,,-1,,-5,,-3,,21,,0,,0,,0,,0,,104,,,,,
2/27/1988,1988,2,27,,-1,,-9,,-5,,23,,0,,0,,0,,0,,103,,,,,
2/28/1988,1988,2,28,,-2,,-11,,-6.5,,24.5,,0,,0,,0,,0,,102,,,,,
2/29/1988,1988,2,29,,-6.5,,-17,,-11.8,,29.8,,0,,0,,0,,0,,101,,,,,
3/1/1988,1988,3,1,,-6.5,,-25,,-15.8,,33.8,,0,,0,,0,,0,,100,,,,,
3/2/1988,1988,3,2,,-5,,-12,,-8.5,,26.5,,0,,0,,0,,0,,100,,,,,
3/3/1988,1988,3,3,,-2,,-10,,-6,,24,,0,,0,,0,,0,,98,,,,,
3/4/1988,1988,3,4,,-5,,-22,,-13.5,,31.5,,0,,0,,1,,1,,97,,,,,
3/5/1988,1988,3,5,,-3,,-20,,-11.5,,29.5,,0,,0,,0,,0,,98,,,,,
3/6/1988,1988,3,6,,-2,,-17,,-9.5,,27.5,,0,,0,,0,,0,,93,,,,,
3/7/1988,1988,3,7,,-3,,-13,,-8,,26,,0,,0,,9,,9,,86,,,,,
3/8/1988,1988,3,8,,-1,,-8,,-4.5,,22.5,,0,,0,,0,,0,,90,,,,,
3/9/1988,1988,3,9,,-2,,-10,,-6,,24,,0,,0,,0,,0,,89,,,,,
3/10/1988,1988,3,10,,-2,,-13,,-7.5,,25.5,,0,,0,,0,,0,,88,,,,,
3/11/1988,1988,3,11,,3,,-15,,-6,,24,,0,,0,,0,,0,,88,,,,,
3/12/1988,1988,3,12,,-1,,-20,,-10.5,,28.5,,0,,0,,0,T,0,T,87,,,,,
3/13/1988,1988,3,13,,-1,,-20,,-10.5,,28.5,,0,,0,,0,T,0,T,87,,,,,
3/14/1988,1988,3,14,,-4,,-19,,-11.5,,29.5,,0,,0,,0,,0,,87,,,,,
3/15/1988,1988,3,15,,-4,,-19,,-11.5,,29.5,,0,,0,,0,,0,,87,,,,,
3/16/1988,1988,3,16,,-6.5,,-18,,-12.3,,30.3,,0,,0,,7,,7,,86,,,,,
3/17/1988,1988,3,17,,-8,,-14,,-11,,29,,0,,0,,9,,9,,92,,,,,
3/18/1988,1988,3,18,,-16,,-20,,-18,,36,,0,,0,,5,,5,,101,,,,,
3/19/1988,1988,3,19,,-13,,-22,,-17.5,,35.5,,0,,0,,18,,18,,106,,,,,
3/20/1988,1988,3,20,,-11,,-20.5,,-15.8,,33.8,,0,,0,,6,,6,,118,,,,,
3/21/1988,1988,3,21,,-6,,-16.5,,-11.3,,29.3,,0,,0,,7,,7,,124,,,,,
3/22/1988,1988,3,22,,-3,,-14,,-8.5,,26.5,,0,,0,,0,,0,,128,,,,,
3/23/1988,1988,3,23,,-3,,-11,,-7,,25,,0,,0,,4,,4,,128,,,,,
3/24/1988,1988,3,24,,-4,,-9.5,,-6.8,,24.8,,0,,0,,0,,0,,130,,,,,
3/25/1988,1988,3,25,,-3,,-16,,-9.5,,27.5,,0,,0,,0,,0,,130,,,,,
3/26/1988,1988,3,26,,-3,,-18,,-10.5,,28.5,,0,,0,,0,,0,,128,,,,,
3/27/1988,1988,3,27,,-5,,-14,,-9.5,,27.5,,0,,0,,2,,2,,128,,,,,
3/28/1988,1988,3,28,,-5.5,,-11.5,,-8.5,,26.5,,0,,0,,1,,1,,130,,,,,
3/29/1988,1988,3,29,,-5,,-11,,-8,,26,,0,,0,,0,,0,,130,,,,,
3/30/1988,1988,3,30,,-4,,-10,,-7,,25,,0,,0,,2,,2,,130,,,,,
3/31/1988,1988,3,31,,-2,,-10,,-6,,24,,0,,0,,15,,15,,131,,,,,
4/1/1988,1988,4,1,,-0.5,,-6,,-3.3,,21.3,,0,,0,,0,,0,,140,,,,,
4/2/1988,1988,4,2,,-1,,-11,,-6,,24,,0,,0,,0,T,0,T,136,,,,,
4/3/1988,1988,4,3,,-7,,-10,,-8.5,,26.5,,0,,0,,0,T,0,T,122,,,,,
4/4/1988,1988,4,4,,-4,,-11,,-7.5,,25.5,,0,,0,,0,T,0,T,117,,,,,
4/5/1988,1988,4,5,,-5.5,,-10,,-7.8,,25.8,,0,,0,,0,,0,,110,,,,,
4/6/1988,1988,4,6,,-2,,-12,,-7,,25,,0,,0,,0,,0,,102,,,,,
4/7/1988,1988,4,7,,0,,-19.5,,-9.8,,27.8,,0,,0,,0,T,0,T,96,,,,,
4/8/1988,1988,4,8,,-1,,-16,,-8.5,,26.5,,0,,0,,0,,0,,91,,,,,
4/9/1988,1988,4,9,,-1.5,,-14,,-7.8,,25.8,,0,,0,,15,,15,,91,,,,,
4/10/1988,1988,4,10,,1.5,,-9,,-3.8,,21.8,,0,,0,,1.5,,1.5,,106,,,,,
4/11/1988,1988,4,11,,1,,-7,,-3,,21,,0,,0,,0,,0,,110,,,,,
4/12/1988,1988,4,12,,4,,-14,,-5,,23,,0,,0,,0,,0,,100,,,,,
4/13/1988,1988,4,13,,6,,-12,,-3,,21,,0,,0,,0,,0,,96,,,,,
4/14/1988,1988,4,14,,5,,-12,,-3.5,,21.5,,0,,0,,0,,0,,88,,,,,
4/15/1988,1988,4,15,,5,,-9,,-2,,20,,0,,0,,0,,0,,82,,,,,
4/16/1988,1988,4,16,,5,,-8,,-1.5,,19.5,,0,,0,,0,,0,,78,,,,,
4/17/1988,1988,4,17,,7.5,,-5,,1.3,,16.7,,0,,0,,0,T,0,T,70,,,,,
4/18/1988,1988,4,18,,7,,-4,,1.5,,16.5,,0,,0,,0,,0,,70,,,,,
4/19/1988,1988,4,19,,6,,-7,,-0.5,,18.5,,0,,0,,0,,0,,67,,,,,
4/20/1988,1988,4,20,,5,,-4,,0.5,,17.5,,0,,0,,0,T,0,T,65,,,,,
4/21/1988,1988,4,21,,2,,-5,,-1.5,,19.5,,0,,0,,0,,0,,64,,,,,
4/22/1988,1988,4,22,,3.5,,-4,,-0.3,,18.3,,0,,0,,0,,0,,64,,,,,
4/23/1988,1988,4,23,,5,,-3,,1,,17,,0,,0,,0,,0,,57,,,,,
4/24/1988,1988,4,24,,7,,-9.5,,-1.3,,19.3,,0,,0,,0,,0,,51,,,,,
4/25/1988,1988,4,25,,7.5,,-7.5,,0,,18,,0,,0,,0,,0,,45,,,,,
4/26/1988,1988,4,26,,4.5,,-5,,-0.3,,18.3,,0,,0,,0,,0,,40,,,,,
4/27/1988,1988,4,27,,8,,-2,,3,,15,,0,,0,,0,,0,,34,,,,,
4/28/1988,1988,4,28,,8,,1,,4.5,,13.5,,0,,0,,0,,0,,34,,,,,
4/29/1988,1988,4,29,,6,,-0.5,,2.8,,15.2,,0,,0,,0,T,0,T,32,,,,,
4/30/1988,1988,4,30,,5,,0,,2.5,,15.5,,0,,0,,1.5,,1.5,,30,,,,,
5/1/1988,1988,5,1,,4,,-3,,0.5,,17.5,,0,,0,,0,,0,,28,,,,,
5/2/1988,1988,5,2,,5,,-3,,1,,17,,0,,0,,0,T,0,T,,M,,,,
5/3/1988,1988,5,3,,6.5,,-2,,2.3,,15.7,,0,,0,,0,,0,,26,,,,,
5/4/1988,1988,5,4,,7,,-6,,0.5,,17.5,,0,,0,,0,,0,,24,,,,,
5/5/1988,1988,5,5,,8.5,,-2,,3.3,,14.7,,0,,0,,0,,0,,22,,,,,
5/6/1988,1988,5,6,,10,,-5,,2.5,,15.5,,0,,0,,0,,0,,20,,,,,
5/7/1988,1988,5,7,,11.5,,-2,,4.8,,13.2,,0,,0,T,0,,0,T,18,,,,,
5/8/1988,1988,5,8,,10,,3,,6.5,,11.5,,0,,1.5,,0,,1.5,,16,,,,,
5/9/1988,1988,5,9,,10,,2,,6,,12,,0,,1.8,,0.5,,2.3,,12,,,,,
5/10/1988,1988,5,10,,10,,-0.5,,4.8,,13.2,,0,,4,,0,,4,,10,,,,,
5/11/1988,1988,5,11,,10.5,,-1,,4.8,,13.2,,0,,0.2,,0,,0.2,,8,,,,,
5/12/1988,1988,5,12,,11.5,,-1,,5.3,,12.7,,0,,0,,0,,0,,6,,,,,
5/13/1988,1988,5,13,,15,,5,,10,,8,,0,,5,,0,,5,,4,,,,,
5/14/1988,1988,5,14,,7.5,,4.5,,6,,12,,0,,4.8,,0,,4.8,,4,,,,,
5/15/1988,1988,5,15,,6,,2,,4,,14,,0,,0.8,,0,,0.8,,2,,,,,
5/16/1988,1988,5,16,,10,,-5,,2.5,,15.5,,0,,2,,0,,2,,2,,,,,
5/17/1988,1988,5,17,,6.5,,0,,3.3,,14.7,,0,,1,,0,,1,,0,,,,,
5/18/1988,1988,5,18,,9,,-3,,3,,15,,0,,0,,0,,0,,0,,,,,
5/19/1988,1988,5,19,,8.5,,0,,4.3,,13.7,,0,,0,,0,,0,,0,,,,,
5/20/1988,1988,5,20,,7,,-1,,3,,15,,0,,0,,0,,0,,0,,,,,
5/21/1988,1988,5,21,,11,,-4.5,,3.3,,14.7,,0,,0,T,0,,0,T,0,,,,,
5/22/1988,1988,5,22,,8,,2,,5,,13,,0,,1,,0,,1,,0,,,,,
5/23/1988,1988,5,23,,7.5,,2.5,,5,,13,,0,,8,,0,,8,,0,,,,,
5/24/1988,1988,5,24,,9,,2,,5.5,,12.5,,0,,1,,0,,1,,0,,,,,
5/25/1988,1988,5,25,,13,,-2,,5.5,,12.5,,0,,0,,0,,0,,0,,,,,
5/26/1988,1988,5,26,,11,,4,,7.5,,10.5,,0,,1,,0,,1,,0,,,,,
5/27/1988,1988,5,27,,10,,3.5,,6.8,,11.2,,0,,0.7,,0,,0.7,,0,,,,,
5/28/1988,1988,5,28,,10.5,,2,,6.3,,11.7,,0,,0,,0,,0,,0,,,,,
5/29/1988,1988,5,29,,9,,3.5,,6.3,,11.7,,0,,2.5,,0,,2.5,,0,,,,,
5/30/1988,1988,5,30,,8,,1,,4.5,,13.5,,0,,3.6,,0,,3.6,,0,,,,,
5/31/1988,1988,5,31,,10,,-1,,4.5,,13.5,,0,,0.6,,0,,0.6,,0,,,,,
6/1/1988,1988,6,1,,10,,-2,,4,,14,,0,,8.4,,0,,8.4,,0,,,,,
6/2/1988,1988,6,2,,12,,1.5,,6.8,,11.2,,0,,0.8,,0,,0.8,,0,,,,,
6/3/1988,1988,6,3,,13.5,,-2,,5.8,,12.2,,0,,1.8,,0,,1.8,,0,,,,,
6/4/1988,1988,6,4,,11,,3,,7,,11,,0,,1,,0,,1,,0,,,,,
6/5/1988,1988,6,5,,14,,2,,8,,10,,0,,0.6,,0,,0.6,,0,,,,,
6/6/1988,1988,6,6,,17.5,,-1,,8.3,,9.7,,0,,0,,0,,0,,0,,,,,
6/7/1988,1988,6,7,,19,,2.5,,10.8,,7.2,,0,,0,,0,,0,,0,,,,,
6/8/1988,1988,6,8,,18,,5,,11.5,,6.5,,0,,9,,0,,9,,0,,,,,
6/9/1988,1988,6,9,,15,,6,,10.5,,7.5,,0,,0,,0,,0,,0,,,,,
6/10/1988,1988,6,10,,14,,6,,10,,8,,0,,0,,0,,0,,0,,,,,
6/11/1988,1988,6,11,,17,,5,,11,,7,,0,,0,,0,,0,,0,,,,,
6/12/1988,1988,6,12,,19.5,,2.5,,11,,7,,0,,1,,0,,1,,0,,,,,
6/13/1988,1988,6,13,,19.5,,4,,11.8,,6.2,,0,,0,,0,,0,,0,,,,,
6/14/1988,1988,6,14,,21.5,,4,,12.8,,5.2,,0,,0,,0,,0,,0,,,,,
6/15/1988,1988,6,15,,22.5,,4.5,,13.5,,4.5,,0,,2,,0,,2,,0,,,,,
6/16/1988,1988,6,16,,15,,7.5,,11.3,,6.7,,0,,0,,0,,0,,0,,,,,
6/17/1988,1988,6,17,,17,,4,,10.5,,7.5,,0,,0.4,,0,,0.4,,0,,,,,
6/18/1988,1988,6,18,,15,,4,,9.5,,8.5,,0,,14,,0,,14,,0,,,,,
6/19/1988,1988,6,19,,10,,2,,6,,12,,0,,0.6,,0,,0.6,,0,,,,,
6/20/1988,1988,6,20,,19,,3.5,,11.3,,6.7,,0,,0,,0,,0,,0,,,,,
6/21/1988,1988,6,21,,18,,4,,11,,7,,0,,0,,0,,0,,0,,,,,
6/22/1988,1988,6,22,,14,,3.5,,8.8,,9.2,,0,,0.4,,0,,0.4,,0,,,,,
6/23/1988,1988,6,23,,12,,5,,8.5,,9.5,,0,,1.4,,0,,1.4,,0,,,,,
6/24/1988,1988,6,24,,10,,5,,7.5,,10.5,,0,,0,,0,,0,,0,,,,,
6/25/1988,1988,6,25,,15,,5,,10,,8,,0,,1,,0,,1,,0,,,,,
6/26/1988,1988,6,26,,16,,4,,10,,8,,0,,0,,0,,0,,0,,,,,
6/27/1988,1988,6,27,,18,,,M,,M,,M,,M,0,,0,,0,,0,,,,,
6/28/1988,1988,6,28,,18,,,M,,M,,M,,M,0.6,,0,,0.6,,0,,,,,
6/29/1988,1988,6,29,,14,,,M,,M,,M,,M,5.1,,0,,5.1,,0,,,,,
6/30/1988,1988,6,30,,12,,,M,,M,,M,,M,9,,0,,9,,0,,,,,
7/1/1988,1988,7,1,,13,,4,E,8.5,,9.5,,0,,0,,0,,0,,0,,,,,
7/2/1988,1988,7,2,,14,,5,,9.5,,8.5,,0,,6,,0,,6,,0,,,,,
7/3/1988,1988,7,3,,12,,5,,8.5,,9.5,,0,,6.5,,0,,6.5,,0,,,,,
7/4/1988,1988,7,4,,12,,4,,8,,10,,0,,8,,0,,8,,0,,,,,
7/5/1988,1988,7,5,,12,,6,,9,,9,,0,,8,,0,,8,,0,,,,,
7/6/1988,1988,7,6,,15,,6,,10.5,,7.5,,0,,2.4,,0,,2.4,,0,,,,,
7/7/1988,1988,7,7,,15,,5,,10,,8,,0,,0.4,,0,,0.4,,0,,,,,
7/8/1988,1988,7,8,,15,,5,,10,,8,,0,,2.6,,0,,2.6,,0,,,,,
7/9/1988,1988,7,9,,15,,6,,10.5,,7.5,,0,,6.4,,0,,6.4,,0,,,,,
7/10/1988,1988,7,10,,17,,9,,13,,5,,0,,0.6,,0,,0.6,,0,,,,,
7/11/1988,1988,7,11,,15,,7,,11,,7,,0,,2.6,,0,,2.6,,0,,,,,
7/12/1988,1988,7,12,,16,,7,,11.5,,6.5,,0,,2.4,,0,,2.4,,0,,,,,
7/13/1988,1988,7,13,,20,,10,,15,,3,,0,,0,,0,,0,,0,,,,,
7/14/1988,1988,7,14,,20,,8,,14,,4,,0,,9.8,,0,,9.8,,0,,,,,
7/15/1988,1988,7,15,,12,,9.5,,10.8,,7.2,,0,,25,,0,,25,,0,,,,,
7/16/1988,1988,7,16,,18,,6,,12,,6,,0,,0,,0,,0,,0,,,,,
7/17/1988,1988,7,17,,20,,8,,14,,4,,0,,7,,0,,7,,0,,,,,
7/18/1988,1988,7,18,,20,,7,,13.5,,4.5,,0,,0,,0,,0,,0,,,,,
7/19/1988,1988,7,19,,22,,6,,14,,4,,0,,8,,0,,8,,0,,,,,
7/20/1988,1988,7,20,,19,,4,,11.5,,6.5,,0,,4,,0,,4,,0,,,,,
7/21/1988,1988,7,21,,15,,5,,10,,8,,0,,1,,0,,1,,0,,,,,
7/22/1988,1988,7,22,,12,,5,,8.5,,9.5,,0,,5,,0,,5,,0,,,,,
7/23/1988,1988,7,23,,13,,3,,8,,10,,0,,4,,0,,4,,0,,,,,
7/24/1988,1988,7,24,,14,,4,,9,,9,,0,,2,,0,,2,,0,,,,,
7/25/1988,1988,7,25,,16,,6,,11,,7,,0,,5,,0,,5,,0,,,,,
7/26/1988,1988,7,26,,11.5,,5,,8.3,,9.7,,0,,3,,0,,3,,0,,,,,
7/27/1988,1988,7,27,,15,,7.5,,11.3,,6.7,,0,,2.5,,0,,2.5,,0,,,,,
7/28/1988,1988,7,28,,18,,3,,10.5,,7.5,,0,,3,,0,,3,,0,,,,,
7/29/1988,1988,7,29,,14.5,,5.5,,10,,8,,0,,10.5,,0,,10.5,,0,,,,,
7/30/1988,1988,7,30,,11,,6.5,,8.8,,9.2,,0,,2,,0,,2,,0,,,,,
7/31/1988,1988,7,31,,10,E,6.5,,8.3,,9.7,,0,,0,,0,,0,,0,,,,,
8/1/1988,1988,8,1,,20,,4,,12,,6,,0,,0,,0,,0,,0,,,,,
8/2/1988,1988,8,2,,17,,6,,11.5,,6.5,,0,,3.5,,0,,3.5,,0,,,,,
8/3/1988,1988,8,3,,13.5,,9,,11.3,,6.7,,0,,6,,0,,6,,0,,,,,
8/4/1988,1988,8,4,,13,,7,,10,,8,,0,,4,,0,,4,,0,,,,,
8/5/1988,1988,8,5,,11.5,,2,,6.8,,11.2,,0,,0,,0,,0,,0,,,,,
8/6/1988,1988,8,6,,18,,0.5,,9.3,,8.7,,0,,0,,0,,0,,0,,,,,
8/7/1988,1988,8,7,,19,,1,,10,,8,,0,,0,,0,,0,,0,,,,,
8/8/1988,1988,8,8,,14.5,,9,,11.8,,6.2,,0,,5,,0,,5,,0,,,,,
8/9/1988,1988,8,9,,15,,8,,11.5,,6.5,,0,,4,,0,,4,,0,,,,,
8/10/1988,1988,8,10,,16,,8,,12,,6,,0,,0,,0,,0,,0,,,,,
8/11/1988,1988,8,11,,17.5,,4.5,,11,,7,,0,,5.5,,0,,5.5,,0,,,,,
8/12/1988,1988,8,12,,15,,7,,11,,7,,0,,1,,0,,1,,0,,,,,
8/13/1988,1988,8,13,,11.5,,7,,9.3,,8.7,,0,,10,,0,,10,,0,,,,,
8/14/1988,1988,8,14,,15,,3.5,,9.3,,8.7,,0,,0,,0,,0,,0,,,,,
8/15/1988,1988,8,15,,15.5,,0.5,,8,,10,,0,,0,,0,,0,,0,,,,,
8/16/1988,1988,8,16,,20,,2.5,,11.3,,6.7,,0,,0,,0,,0,,0,,,,,
8/17/1988,1988,8,17,,22,,5,,13.5,,4.5,,0,,1,,0,,1,,0,,,,,
8/18/1988,1988,8,18,,13,,9,,11,,7,,0,,7.4,,0,,7.4,,0,,,,,
8/19/1988,1988,8,19,,16,,3,,9.5,,8.5,,0,,1,,0,,1,,0,,,,,
8/20/1988,1988,8,20,,16,,1,,8.5,,9.5,,0,,0.2,,0,,0.2,,0,,,,,
8/21/1988,1988,8,21,,14,,3,,8.5,,9.5,,0,,2.4,,0,,2.4,,0,,,,,
8/22/1988,1988,8,22,,12,,7,,9.5,,8.5,,0,,3,,0,,3,,0,,,,,
8/23/1988,1988,8,23,,11.2,,4.5,,7.9,,10.1,,0,,0.6,,0,,0.6,,0,,,,,
8/24/1988,1988,8,24,,12,,-0.5,,5.8,,12.2,,0,,1,,0,,1,,0,,,,,
8/25/1988,1988,8,25,,14,,1.5,,7.8,,10.2,,0,,0,,0,,0,,0,,,,,
8/26/1988,1988,8,26,,22,,0,,11,,7,,0,,1,,0,,1,,0,,,,,
8/27/1988,1988,8,27,,16,,3,,9.5,,8.5,,0,,1,,0,,1,,0,,,,,
8/28/1988,1988,8,28,,17,,6,,11.5,,6.5,,0,,1.5,,0,,1.5,,0,,,,,
8/29/1988,1988,8,29,,14,,8,,11,,7,,0,,22,,0,,22,,0,,,,,
8/30/1988,1988,8,30,,10,,6,,8,,10,,0,,4,,0,,4,,0,,,,,
8/31/1988,1988,8,31,,12,,4,,8,,10,,0,,7,,0,,7,,0,,,,,
9/1/1988,1988,9,1,,8,,3,,5.5,,12.5,,0,,10,,0,,10,,0,,,,,
9/2/1988,1988,9,2,,12,,3,,7.5,,10.5,,0,,0,,0,,0,,0,,,,,
9/3/1988,1988,9,3,,18,,4,,11,,7,,0,,0,,0,,0,,0,,,,,
9/4/1988,1988,9,4,,21,,6,,13.5,,4.5,,0,,9.8,,0,,9.8,,0,,,,,
9/5/1988,1988,9,5,,7.5,,7,,7.3,,10.7,,0,,8.4,,0,,8.4,,0,,,,,
9/6/1988,1988,9,6,,5,,2,,3.5,,14.5,,0,,5.6,,0,,5.6,,0,,,,,
9/7/1988,1988,9,7,,6,,0.5,,3.3,,14.7,,0,,0.2,,0,,0.2,,0,,,,,
9/8/1988,1988,9,8,,6,,0.5,,3.3,,14.7,,0,,0,,5,,5,,0,,,,,
9/9/1988,1988,9,9,,2,,-2,,0,,18,,0,,0,,4.6,,4.6,,,M,,,,
9/10/1988,1988,9,10,,6,,-3.5,,1.3,,16.7,,0,,5,,0,,5,,,M,,,,
9/11/1988,1988,9,11,,8.5,,-1,,3.8,,14.2,,0,,25.4,,0,,25.4,,,M,,,,
9/12/1988,1988,9,12,,10,,0.5,,5.3,,12.7,,0,,4.6,,0,,4.6,,0,,,,,
9/13/1988,1988,9,13,,3,,0,,1.5,,16.5,,0,,13,,0,,13,,0,,,,,
9/14/1988,1988,9,14,,5,,0,,2.5,,15.5,,0,,5,,0,,5,,0,,,,,
9/15/1988,1988,9,15,,7,,0,,3.5,,14.5,,0,,0,,0,,0,,0,,,,,
9/16/1988,1988,9,16,,8,,-6,,1,,17,,0,,0,,0,,0,,0,,,,,
9/17/1988,1988,9,17,,9,,-5,,2,,16,,0,,0,,0,,0,,0,,,,,
9/18/1988,1988,9,18,,7,,-4,,1.5,,16.5,,0,,0,,0,,0,,0,,,,,
9/19/1988,1988,9,19,,8,,-4,,2,,16,,0,,8,,0,,8,,0,,,,,
9/20/1988,1988,9,20,,5,,-2,,1.5,,16.5,,0,,4,,0,,4,,0,,,,,
9/21/1988,1988,9,21,,5,,2,,3.5,,14.5,,0,,5,,0,,5,,0,,,,,
9/22/1988,1988,9,22,,6,,0,,3,,15,,0,,2,,0,,2,,0,,,,,
9/23/1988,1988,9,23,,3,,-2,,0.5,,17.5,,0,,1,,0,,1,,0,,,,,
9/24/1988,1988,9,24,,5,,-2,,1.5,,16.5,,0,,1,,0,,1,,0,,,,,
9/25/1988,1988,9,25,,4.5,,-3,,0.8,,17.2,,0,,0,,0,,0,,0,,,,,
9/26/1988,1988,9,26,,4,,-3,,0.5,,17.5,,0,,0,,0,,0,,0,,,,,
9/27/1988,1988,9,27,,5,,-4,,0.5,,17.5,,0,,0,,0.5,,0.5,,0,,,,,
9/28/1988,1988,9,28,,2.5,,-3,,-0.3,,18.3,,0,,1,,0.5,,1.5,,1,,,,,
9/29/1988,1988,9,29,,4,,-1,,1.5,,16.5,,0,,4,,0,,4,,1,,,,,
9/30/1988,1988,9,30,,5.5,,0,,2.8,,15.2,,0,,0.4,,0,,0.4,,0,,,,,
10/1/1988,1988,10,1,,4,,-0.5,,1.8,,16.2,,0,,0,,0,,0,,0,,,,,
10/2/1988,1988,10,2,,4,,-8,,-2,,20,,0,,0,,0,,0,,0,,,,,
10/3/1988,1988,10,3,,7,,-4,,1.5,,16.5,,0,,0,,0,,0,,0,,,,,
10/4/1988,1988,10,4,,11,,-3,,4,,14,,0,,1,,0,,1,,0,,,,,
10/5/1988,1988,10,5,,10,,2,,6,,12,,0,,0,,0,,0,,0,,,,,
10/6/1988,1988,10,6,,7,,2,,4.5,,13.5,,0,,1.5,,0,,1.5,,0,,,,,
10/7/1988,1988,10,7,,6,,3,,4.5,,13.5,,0,,0,,0,,0,,0,,,,,
10/8/1988,1988,10,8,,7,,0,,3.5,,14.5,,0,,4,,0,,4,,0,,,,,
10/9/1988,1988,10,9,,6,,0,,3,,15,,0,,1,,0,,1,,0,,,,,
10/10/1988,1988,10,10,,7,,1,,4,,14,,0,,0,,0,,0,,0,,,,,
10/11/1988,1988,10,11,,6,,0,,3,,15,,0,,6,,0,,6,,0,,,,,
10/12/1988,1988,10,12,,8,,2,,5,,13,,0,,6,,0,,6,,0,,,,,
10/13/1988,1988,10,13,,5,,0,,2.5,,15.5,,0,,1,,0,,1,,0,,,,,
10/14/1988,1988,10,14,,4,,-4,,0,,18,,0,,0,,0.5,,0.5,,0,,,,,
10/15/1988,1988,10,15,,2,,-3,,-0.5,,18.5,,0,,0,,3,,3,,0,,,,,
10/16/1988,1988,10,16,,-1,,-3,,-2,,20,,0,,0,,3,,3,,,M,,,,
10/17/1988,1988,10,17,,-1.5,,-5.5,,-3.5,,21.5,,0,,0,,0,T,0,T,,M,,,,
10/18/1988,1988,10,18,,-1.5,,-5.5,,-3.5,,21.5,,0,,0,,0,T,0,T,,M,,,,
10/19/1988,1988,10,19,,-9,,-9,,-9,,27,,0,,0,,7,,7,,,M,,,,
10/20/1988,1988,10,20,,-5.5,,-13,,-9.3,,27.3,,0,,0,,4,,4,,,M,,,,
10/21/1988,1988,10,21,,-11,,-12,,-11.5,,29.5,,0,,0,,0,,0,,,M,,,,
10/22/1988,1988,10,22,,-13.5,,-23,,-18.3,,36.3,,0,,0,,4,,4,,,M,,,,
10/23/1988,1988,10,23,,-10,,-23,,-16.5,,34.5,,0,,0,,5,,5,,,M,,,,
10/24/1988,1988,10,24,,-7.5,,-15,,-11.3,,29.3,,0,,0,,2,,2,,20,,,,,
10/25/1988,1988,10,25,,-7,,-11.5,,-9.3,,27.3,,0,,0,,1,,1,,20,,,,,
10/26/1988,1988,10,26,,-4.5,,-13,,-8.8,,26.8,,0,,0,,0,,0,,21,,,,,
10/27/1988,1988,10,27,,-8.5,,-12.5,,-10.5,,28.5,,0,,0,,0,,0,,21,,,,,
10/28/1988,1988,10,28,,-10,,-17,,-13.5,,31.5,,0,,0,,1,,1,,21,,,,,
10/29/1988,1988,10,29,,-11.5,,-15,,-13.3,,31.3,,0,,0,,3,,3,,22,,,,,
10/30/1988,1988,10,30,,-4,,-14,,-9,,27,,0,,0,,0,,0,,24,,,,,
10/31/1988,1988,10,31,,-4,E,-12,,-8,,26,,0,,0,,0,,0,,24,,,,,
11/1/1988,1988,11,1,,-8.5,,-12,,-10.3,,28.3,,0,,0,,2,,2,,,M,,,,
11/2/1988,1988,11,2,,-10,,-12,,-11,,29,,0,,0,,6,,6,,,M,,,,
11/3/1988,1988,11,3,,-8,,-12.5,,-10.3,,28.3,,0,,0,,6,,6,,,M,,,,
11/4/1988,1988,11,4,,-7,,-10.5,,-8.8,,26.8,,0,,0,,2,,2,,,M,,,,
11/5/1988,1988,11,5,,-12,,-12,,-12,,30,,0,,0,,0,,0,,,M,,,,
11/6/1988,1988,11,6,,-8,,-19.5,,-13.8,,31.8,,0,,0,,0,,0,,,M,,,,
11/7/1988,1988,11,7,,-10,,-16.5,,-13.3,,31.3,,0,,0,,0,,0,,,M,,,,
11/8/1988,1988,11,8,,-10,,-21,,-15.5,,33.5,,0,,0,,1.5,,1.5,,,M,,,,
11/9/1988,1988,11,9,,-10,,-15,,-12.5,,30.5,,0,,0,,4,,4,,38,,,,,
11/10/1988,1988,11,10,,-12,,-14,,-13,,31,,0,,0,,2,,2,,,M,,,,
11/11/1988,1988,11,11,,-14,,-20,,-17,,35,,0,,0,,1,,1,,,M,,,,
11/12/1988,1988,11,12,,-14,,-20,,-17,,35,,0,,0,,0,T,0,T,,M,,,,
11/13/1988,1988,11,13,,-14,,-16.5,,-15.3,,33.3,,0,,0,,8,,8,,,M,,,,
11/14/1988,1988,11,14,,-10,,-16,,-13,,31,,0,,0,,1.5,,1.5,,,M,,,,
11/15/1988,1988,11,15,,-10,,-17,,-13.5,,31.5,,0,,0,,3,,3,,,M,,,,
11/16/1988,1988,11,16,,-10.5,,-14,,-12.3,,30.3,,0,,0,,8,,8,,,M,,,,
11/17/1988,1988,11,17,,-19,,-20,,-19.5,,37.5,,0,,0,,2,,2,,60,,,,,
11/18/1988,1988,11,18,,-19,,-33,,-26,,44,,0,,0,,0,,0,,,M,,,,
11/19/1988,1988,11,19,,-21,,-28.5,,-24.8,,42.8,,0,,0,,0,,0,,,M,,,,
11/20/1988,1988,11,20,,-17,,-30,,-23.5,,41.5,,0,,0,,4,,4,,,M,,,,
11/21/1988,1988,11,21,,-7,,-27.5,,-17.3,,35.3,,0,,0,,8,,8,,,M,,,,
11/22/1988,1988,11,22,,-7,,-17,,-12,,30,,0,,0,,0,,0,,,M,,,,
11/23/1988,1988,11,23,,-13,,-20,,-16.5,,34.5,,0,,0,,2,,2,,,M,,,,
11/24/1988,1988,11,24,,-12.5,,-18,,-15.3,,33.3,,0,,0,,1,,1,,,M,,,,
11/25/1988,1988,11,25,,-17,,-22,,-19.5,,37.5,,0,,0,,0,T,0,T,,M,,,,
11/26/1988,1988,11,26,,-22,,-24.5,,-23.3,,41.3,,0,,0,,0,T,0,T,,M,,,,
11/27/1988,1988,11,27,,-22,,-30,,-26,,44,,0,,0,,1,,1,,,M,,,,
11/28/1988,1988,11,28,,-14.5,,-25.5,,-20,,38,,0,,0,,0,T,0,T,,M,,,,
11/29/1988,1988,11,29,,-2.5,,-22,,-12.3,,30.3,,0,,0,,18,,18,,,M,,,,
11/30/1988,1988,11,30,,0,,-19,,-9.5,,27.5,,0,,0,,11.5,,11.5,,61,,,,,
12/1/1988,1988,12,1,,-9,,-13,,-11,,29,,0,,0,,0,T,0,T,61,,,,,
12/2/1988,1988,12,2,,-5,,-18.5,,-11.8,,29.8,,0,,0,,3,,3,,,M,,,,
12/3/1988,1988,12,3,,-1,,-18,,-9.5,,27.5,,0,,0,,10,,10,,,M,,,,
12/4/1988,1988,12,4,,-3,,-12,,-7.5,,25.5,,0,,0,,0,,0,,,M,,,,
12/5/1988,1988,12,5,,-9,,-12,,-10.5,,28.5,,0,,0,,0,,0,,,M,,,,
12/6/1988,1988,12,6,,-20,,-21.5,,-20.8,,38.8,,0,,0,,0,,0,,,M,,,,
12/7/1988,1988,12,7,,-24.5,,-30,,-27.3,,45.3,,0,,0,,0,T,0,T,,M,,,,
12/8/1988,1988,12,8,,-11,,-33,,-22,,40,,0,,0,,2,,2,,,M,,,,
12/9/1988,1988,12,9,,-5,,-25,,-15,,33,,0,,0,,1,,1,,59,,,,,
12/10/1988,1988,12,10,,-2,,-16,,-9,,27,,0,,0,,0,T,0,T,,M,,,,
12/11/1988,1988,12,11,,-3,,-8.5,,-5.8,,23.8,,0,,0,,0,,0,,,M,,,,
12/12/1988,1988,12,12,,-6,,-12,,-9,,27,,0,,0,,0,,0,,58,,,,,
12/13/1988,1988,12,13,,-5,,-10,,-7.5,,25.5,,0,,0,,0,T,0,T,,M,,,,
12/14/1988,1988,12,14,,-6.5,,-15,,-10.8,,28.8,,0,,0,,1,,1,,,M,,,,
12/15/1988,1988,12,15,,-2.5,,-13,,-7.8,,25.8,,0,,0,,0,,0,,55,,,,,
12/16/1988,1988,12,16,,-1,,-7,,-4,,22,,0,,0,,0,,0,,,M,,,,
12/17/1988,1988,12,17,,-3,,-5,,-4,,22,,0,,0,,0,,0,,,M,,,,
12/18/1988,1988,12,18,,-14,,-20,,-17,,35,,0,,0,,0,,0,,,M,,,,
12/19/1988,1988,12,19,,-15,,-25,,-20,,38,,0,,0,,0,,0,,54,,,,,
12/20/1988,1988,12,20,,-17,,-25.5,,-21.3,,39.3,,0,,0,,0,,0,,,M,,,,
12/21/1988,1988,12,21,,-19.5,,-23.5,,-21.5,,39.5,,0,,0,,0,,0,,,M,,,,
12/22/1988,1988,12,22,,-23.5,,-28,,-25.8,,43.8,,0,,0,,0,,0,,,M,,,,
12/23/1988,1988,12,23,,-22,,-30,,-26,,44,,0,,0,,0,T,0,T,,M,,,,
12/24/1988,1988,12,24,,-20,,-30,,-25,,43,,0,,0,,0,,0,,53,,,,,
12/25/1988,1988,12,25,,-18,,-31.5,,-24.8,,42.8,,0,,0,,0,T,0,T,,M,,,,
12/26/1988,1988,12,26,,-22.5,,-31,,-26.8,,44.8,,0,,0,,0,,0,,,M,,,,
12/27/1988,1988,12,27,,-17.5,,-25.5,,-21.5,,39.5,,0,,0,,1,,1,,,M,,,,
12/28/1988,1988,12,28,,-12,,-23.5,,-17.8,,35.8,,0,,0,,0,,0,,,M,,,,
12/29/1988,1988,12,29,,-12,,-20,,-16,,34,,0,,0,,0,,0,,,M,,,,
12/30/1988,1988,12,30,,-14,,-23,,-18.5,,36.5,,0,,0,,0,,0,,,M,,,,
12/31/1988,1988,12,31,,-14,,-25,,-19.5,,37.5,,0,,0,,1,,1,,54,,,,,
1/1/1989,1989,1,1,,-9,,-22,,-15.5,,33.5,,0,,0,,0,T,0,T,54,,,,,
1/2/1989,1989,1,2,,-9,,-14,,-11.5,,29.5,,0,,0,,0,,0,,,M,,,,
1/3/1989,1989,1,3,,-21.5,,-22,,-21.8,,39.8,,0,,0,,0,,0,,,M,,,,
1/4/1989,1989,1,4,,-26,,-30.5,,-28.3,,46.3,,0,,0,,0,,0,,,M,,,,
1/5/1989,1989,1,5,,-28.5,,-34,,-31.3,,49.3,,0,,0,,0,,0,,,M,,,,
1/6/1989,1989,1,6,,-26.5,,-34.5,,-30.5,,48.5,,0,,0,,0,,0,,,M,,,,
1/7/1989,1989,1,7,,-26,,-35,,-30.5,,48.5,,0,,0,,0,,0,,,M,,,,
1/8/1989,1989,1,8,,-25,,-37,,-31,,49,,0,,0,,0,,0,,55,,,,,
1/9/1989,1989,1,9,,-19,,-34,,-26.5,,44.5,,0,,0,,0,,0,,,M,,,,
1/10/1989,1989,1,10,,-17,,-27,,-22,,40,,0,,0,,0,,0,,,M,,,,
1/11/1989,1989,1,11,,-7,,-26.5,,-16.8,,34.8,,0,,0,,13,,13,,,M,,,,
1/12/1989,1989,1,12,,-7,,-24.5,,-15.8,,33.8,,0,,0,,0,,0,,,M,,,,
1/13/1989,1989,1,13,,-12.5,,-15,,-13.8,,31.8,,0,,0,,0,T,0,T,,M,,,,
1/14/1989,1989,1,14,,-22,,-25,,-23.5,,41.5,,0,,0,,0,T,0,T,67,,,,,
1/15/1989,1989,1,15,,-23,,-26,,-24.5,,42.5,,0,,0,,0,T,0,T,,M,,,,
1/16/1989,1989,1,16,,-22,,-31,,-26.5,,44.5,,0,,0,,0,T,0,T,,M,,,,
1/17/1989,1989,1,17,,-22,,-26,,-24,,42,,0,,0,,0,T,0,T,66,,,,,
1/18/1989,1989,1,18,,-15,,-27,,-21,,39,,0,,0,,0,T,0,T,,M,,,,
1/19/1989,1989,1,19,,-21,,-27,,-24,,42,,0,,0,,2,,2,,,M,,,,
1/20/1989,1989,1,20,,-13.5,,-27,,-20.3,,38.3,,0,,0,,5,,5,,,M,,,,
1/21/1989,1989,1,21,,-21,,-22,,-21.5,,39.5,,0,,0,,0,,0,,,M,,,,
1/22/1989,1989,1,22,,-32,,-33.5,,-32.8,,50.8,,0,,0,,0,,0,,,M,,,,
1/23/1989,1989,1,23,,-21,,-40,,-30.5,,48.5,,0,,0,,0,,0,,,M,,,,
1/24/1989,1989,1,24,,-11,,-33.5,,-22.3,,40.3,,0,,0,,14,,14,,,M,,,,
1/25/1989,1989,1,25,,-5,,-23,,-14,,32,,0,,0,,13,,13,,,M,,,,
1/26/1989,1989,1,26,,-3,,-18,,-10.5,,28.5,,0,,0,,4,,4,,,M,,,,
1/27/1989,1989,1,27,,-3,,-11,,-7,,25,,0,,0,,24,,24,,,M,,,,
1/28/1989,1989,1,28,,-5,,-11,,-8,,26,,0,,0,,4,,4,,,M,,,,
1/29/1989,1989,1,29,,-17,,-18,,-17.5,,35.5,,0,,0,,0,,0,,,M,,,,
1/30/1989,1989,1,30,,-32,,-36,,-34,,52,,0,,0,,0,,0,,,M,,,,
1/31/1989,1989,1,31,,-30,,-37,,-33.5,,51.5,,0,,0,,0,,0,,83,,,,,
2/1/1989,1989,2,1,,-33,,-39,,-36,,54,,0,,0,,0,,0,,83,,,,,
2/2/1989,1989,2,2,,-25,,-38.5,,-31.8,,49.8,,0,,0,,0,,0,,,M,,,,
2/3/1989,1989,2,3,,-16.5,,-34,,-25.3,,43.3,,0,,0,,0,,0,,74,,,,,
2/4/1989,1989,2,4,,-19,,-27,,-23,,41,,0,,0,,0,,0,,64,,,,,
2/5/1989,1989,2,5,,-14.5,,-27,,-20.8,,38.8,,0,,0,,0,,0,,,M,,,,
2/6/1989,1989,2,6,,-13,,-25,,-19,,37,,0,,0,,0,,0,,,M,,,,
2/7/1989,1989,2,7,,-13.5,,-25.5,,-19.5,,37.5,,0,,0,,0,,0,,,M,,,,
2/8/1989,1989,2,8,,-9,,-22.5,,-15.8,,33.8,,0,,0,,0,,0,,,M,,,,
2/9/1989,1989,2,9,,-5.5,,-18,,-11.8,,29.8,,0,,0,,0,,0,,,M,,,,
2/10/1989,1989,2,10,,-11,,-15,,-13,,31,,0,,0,,0,,0,,,M,,,,
2/11/1989,1989,2,11,,-5.5,,-18,,-11.8,,29.8,,0,,0,,2,,2,,,M,,,,
2/12/1989,1989,2,12,,-6,,-14,,-10,,28,,0,,0,,1,,1,,,M,,,,
2/13/1989,1989,2,13,,-3.5,,-6.5,,-5,,23,,0,,0,,1,,1,,,M,,,,
2/14/1989,1989,2,14,,-5.5,,-11.5,,-8.5,,26.5,,0,,0,,0,,0,,66,,,,,
2/15/1989,1989,2,15,,-17,,-25.5,,-21.3,,39.3,,0,,0,,0,,0,,,M,,,,
2/16/1989,1989,2,16,,-14,,-29,,-21.5,,39.5,,0,,0,,0,,0,,,M,,,,
2/17/1989,1989,2,17,,-10,,-25.5,,-17.8,,35.8,,0,,0,,0,,0,,,M,,,,
2/18/1989,1989,2,18,,-9.5,,-20.5,,-15,,33,,0,,0,,0,,0,,,M,,,,
2/19/1989,1989,2,19,,-6.5,,-20,,-13.3,,31.3,,0,,0,,0,,0,,,M,,,,
2/20/1989,1989,2,20,,-9,,-22,,-15.5,,33.5,,0,,0,,0,,0,,,M,,,,
2/21/1989,1989,2,21,,-7,,-20,,-13.5,,31.5,,0,,0,,0,,0,,,M,,,,
2/22/1989,1989,2,22,,-5,,-18,,-11.5,,29.5,,0,,0,,0,T,0,T,,M,,,,
2/23/1989,1989,2,23,,-6,,-7.5,,-6.8,,24.8,,0,,0,,2.5,,2.5,,,M,,,,
2/24/1989,1989,2,24,,-12,,-14,,-13,,31,,0,,0,,0,,0,,,M,,,,
2/25/1989,1989,2,25,,-6,,-26,,-16,,34,,0,,0,,1,,1,,,M,,,,
2/26/1989,1989,2,26,,-7,,-15,,-11,,29,,0,,0,,0,,0,,,M,,,,
2/27/1989,1989,2,27,,-16,,-27,,-21.5,,39.5,,0,,0,,0,,0,,,M,,,,
2/28/1989,1989,2,28,,-17,,-32,,-24.5,,42.5,,0,,0,,0,,0,,65,,,,,
3/1/1989,1989,3,1,,-15,,-20,,-17.5,,35.5,,0,,0,,0,T,0,T,69,,,,,
3/2/1989,1989,3,2,,-11.5,,-20,,-15.8,,33.8,,0,,0,,0,T,0,T,65,,,,,
3/3/1989,1989,3,3,,-15.5,,-22.5,,-19,,37,,0,,0,,0,T,0,T,,M,,,,
3/4/1989,1989,3,4,,-22.5,,-25,,-23.8,,41.8,,0,,0,,0,T,0,T,61,,,,,
3/5/1989,1989,3,5,,-19.5,,-25,,-22.3,,40.3,,0,,0,,0,,0,,57,,,,,
3/6/1989,1989,3,6,,-17,,-27,,-22,,40,,0,,0,,1,,1,,,M,,,,
3/7/1989,1989,3,7,,-19,,-24.5,,-21.8,,39.8,,0,,0,,0,,0,,,M,,,,
3/8/1989,1989,3,8,,-22,,-34,,-28,,46,,0,,0,,1,,1,,,M,,,,
3/9/1989,1989,3,9,,-25,,-38,,-31.5,,49.5,,0,,0,,0,,0,,,M,,,,
3/10/1989,1989,3,10,,-22.5,,-40.5,,-31.5,,49.5,,0,,0,,0,,0,,,M,,,,
3/11/1989,1989,3,11,,-20.5,,-36.5,,-28.5,,46.5,,0,,0,,0,,0,,,M,,,,
3/12/1989,1989,3,12,,-7.5,,-30.5,,-19,,37,,0,,0,,0,,0,,,M,,,,
3/13/1989,1989,3,13,,-5,,-24,,-14.5,,32.5,,0,,0,,0,,0,,,M,,,,
3/14/1989,1989,3,14,,-3,,-15,,-9,,27,,0,,0,,0,T,0,T,,M,,,,
3/15/1989,1989,3,15,,-8.5,,-20.5,,-14.5,,32.5,,0,,0,,0,,0,,,M,,,,
3/16/1989,1989,3,16,,-9.5,,-26,,-17.8,,35.8,,0,,0,,1,,1,,,M,,,,
3/17/1989,1989,3,17,,-13,,-24,,-18.5,,36.5,,0,,0,,0,,0,,58,,,,,
3/18/1989,1989,3,18,,-16,,-21,,-18.5,,36.5,,0,,0,,0,T,0,T,,M,,,,
3/19/1989,1989,3,19,,-12,,-21,,-16.5,,34.5,,0,,0,,0,,0,,,M,,,,
3/20/1989,1989,3,20,,-5.5,,-19,,-12.3,,30.3,,0,,0,,0,,0,,55,,,,,
3/21/1989,1989,3,21,,-6,,-24,,-15,,33,,0,,0,,0,,0,,,M,,,,
3/22/1989,1989,3,22,,0,,-16,,-8,,26,,0,,0,,1,,1,,,M,,,,
3/23/1989,1989,3,23,,-4,,-8,,-6,,24,,0,,0,,5,,5,,,M,,,,
3/24/1989,1989,3,24,,-8,,-12,,-10,,28,,0,,0,,0,T,0,T,,M,,,,
3/25/1989,1989,3,25,,-16,,-20,,-18,,36,,0,,0,,0,T,0,T,62,,,,,
3/26/1989,1989,3,26,,-19,,-24,,-21.5,,39.5,,0,,0,,5,,5,,,M,,,,
3/27/1989,1989,3,27,,-19,,-24,,-21.5,,39.5,,0,,0,,5,,5,,58,,,,,
3/28/1989,1989,3,28,,-13,,-22,,-17.5,,35.5,,0,,0,,3,,3,,56,,,,,
3/29/1989,1989,3,29,,-4,,-20.5,,-12.3,,30.3,,0,,0,,15,,15,,59,,,,,
3/30/1989,1989,3,30,,-1.5,,-13.5,,-7.5,,25.5,,0,,0,,0,,0,,74,,,,,
3/31/1989,1989,3,31,,5,,-21,,-8,,26,,0,,0,,0,,0,,70,,,,,
4/1/1989,1989,4,1,,-1.5,,-17.5,,-9.5,,27.5,,0,,0,,0,T,0,T,,M,,,,
4/2/1989,1989,4,2,,-3,,-15,,-9,,27,,0,,0,,0,T,0,T,,M,,,,
4/3/1989,1989,4,3,,-3,,-16,,-9.5,,27.5,,0,,0,,0,,0,,65,,,,,
4/4/1989,1989,4,4,,2,,-13.5,,-5.8,,23.8,,0,,0,,0,T,0,T,,M,,,,
4/5/1989,1989,4,5,,5,,-13,,-4,,22,,0,,0,,0,,0,,,M,,,,
4/6/1989,1989,4,6,,-4,,-14,,-9,,27,,0,,0,,0,,0,,,M,,,,
4/7/1989,1989,4,7,,-4.5,,-19,,-11.8,,29.8,,0,,0,,0,,0,,,M,,,,
4/8/1989,1989,4,8,,-1,,-18,,-9.5,,27.5,,0,,0,,0,,0,,,M,,,,
4/9/1989,1989,4,9,,4.5,,-15,,-5.3,,23.3,,0,,0,,0,,0,,,M,,,,
4/10/1989,1989,4,10,,7,,-14.5,,-3.8,,21.8,,0,,0,,0,,0,,,M,,,,
4/11/1989,1989,4,11,,5.5,,-9,,-1.8,,19.8,,0,,0,,0,T,0,T,,M,,,,
4/12/1989,1989,4,12,,1.5,,-3.5,,-1,,19,,0,,0,,0,,0,,,M,,,,
4/13/1989,1989,4,13,,3,,-9,,-3,,21,,0,,0,,0,,0,,,M,,,,
4/14/1989,1989,4,14,,5,,-14,,-4.5,,22.5,,0,,0,,0,,0,,58,,,,,
4/15/1989,1989,4,15,,2,,-10,,-4,,22,,0,,0,,0,,0,,,M,,,,
4/16/1989,1989,4,16,,0.5,,-14,,-6.8,,24.8,,0,,0,,0,,0,,,M,,,,
4/17/1989,1989,4,17,,4.5,,-6.5,,-1,,19,,0,,0,,0,T,0,T,,M,,,,
4/18/1989,1989,4,18,,5,,-3.5,,0.8,,17.2,,0,,0,,0,,0,,,M,,,,
4/19/1989,1989,4,19,,4.5,,-4,,0.3,,17.7,,0,,0,,2,,2,,,M,,,,
4/20/1989,1989,4,20,,1,,-2.5,,-0.8,,18.8,,0,,0,,0,T,0,T,,M,,,,
4/21/1989,1989,4,21,,1,,-4,,-1.5,,19.5,,0,,0,,0,,0,,,M,,,,
4/22/1989,1989,4,22,,4,,-4,,0,,18,,0,,0,,0,,0,,,M,,,,
4/23/1989,1989,4,23,,7,,-4,,1.5,,16.5,,0,,0,,0,,0,,,M,,,,
4/24/1989,1989,4,24,,9,,-6,,1.5,,16.5,,0,,0,,0,,0,,,M,,,,
4/25/1989,1989,4,25,,10,,-5.5,,2.3,,15.7,,0,,0,,0,,0,,,M,,,,
4/26/1989,1989,4,26,,13.5,,-3.5,,5,,13,,0,,0,,0,,0,,,M,,,,
4/27/1989,1989,4,27,,13,,-4,,4.5,,13.5,,0,,0,,0,,0,,,M,,,,
4/28/1989,1989,4,28,,13,,-4,,4.5,,13.5,,0,,0,,0,,0,,,M,,,,
4/29/1989,1989,4,29,,13,,-5,,4,,14,,0,,0,,0,,0,,,M,,,,
4/30/1989,1989,4,30,,10.5,,-3,,3.8,,14.2,,0,,0,,0,,0,,,M,,,,
5/1/1989,1989,5,1,,11,,-3,,4,,14,,0,,0,,0,,0,,0,,,,,
5/2/1989,1989,5,2,,10.5,,-3.5,,3.5,,14.5,,0,,0,,0,,0,,0,,,,,
5/3/1989,1989,5,3,,8.5,,1,,4.8,,13.2,,0,,0,,0,,0,,0,,,,,
5/4/1989,1989,5,4,,13,,-2,,5.5,,12.5,,0,,0,,0,,0,,0,,,,,
5/5/1989,1989,5,5,,8.5,,1,,4.8,,13.2,,0,,0,,0,,0,,0,,,,,
5/6/1989,1989,5,6,,8.8,,0,,4.4,,13.6,,0,,2,,0,,2,,0,,,,,
5/7/1989,1989,5,7,,9.5,,2,,5.8,,12.2,,0,,1,,0,,1,,0,,,,,
5/8/1989,1989,5,8,,7,,1.5,,4.3,,13.7,,0,,8,,0,,8,,0,,,,,
5/9/1989,1989,5,9,,7.5,,1.5,,4.5,,13.5,,0,,1,,0,,1,,0,,,,,
5/10/1989,1989,5,10,,7,,-4,,1.5,,16.5,,0,,1,,0,,1,,0,,,,,
5/11/1989,1989,5,11,,5,,-6.5,,-0.8,,18.8,,0,,5.5,,0,,5.5,,0,,,,,
5/12/1989,1989,5,12,,6,,0,,3,,15,,0,,1,,0,,1,,0,,,,,
5/13/1989,1989,5,13,,6.5,,-1,,2.8,,15.2,,0,,0.4,,0,,0.4,,0,,,,,
5/14/1989,1989,5,14,,9,,1,,5,,13,,0,,1,,0,,1,,0,,,,,
5/15/1989,1989,5,15,,11,,3.5,,7.3,,10.7,,0,,2,,0,,2,,0,,,,,
5/16/1989,1989,5,16,,3,,1,,2,,16,,0,,4,,0,,4,,0,,,,,
5/17/1989,1989,5,17,,5,,-1,,2,,16,,0,,2,,0,,2,,0,,,,,
5/18/1989,1989,5,18,,8,,-1,,3.5,,14.5,,0,,0.6,,0,,0.6,,0,,,,,
5/19/1989,1989,5,19,,13,,-3,,5,,13,,0,,0,,0,,0,,0,,,,,
5/20/1989,1989,5,20,,12,,-3,,4.5,,13.5,,0,,0,,0,,0,,0,,,,,
5/21/1989,1989,5,21,,13,,-4,,4.5,,13.5,,0,,0,,0,,0,,0,,,,,
5/22/1989,1989,5,22,,15,,-4,,5.5,,12.5,,0,,0,,0,,0,,0,,,,,
5/23/1989,1989,5,23,,15,,-2,,6.5,,11.5,,0,,2,,0,,2,,0,,,,,
5/24/1989,1989,5,24,,10.5,,3,,6.8,,11.2,,0,,7,,0,,7,,0,,,,,
5/25/1989,1989,5,25,,10,,2,,6,,12,,0,,4,,0,,4,,0,,,,,
5/26/1989,1989,5,26,,12,,0,,6,,12,,0,,0,,0,,0,,0,,,,,
5/27/1989,1989,5,27,,16.5,,-3,,6.8,,11.2,,0,,0,,0,,0,,0,,,,,
5/28/1989,1989,5,28,,15.5,,2,,8.8,,9.2,,0,,0,,0,,0,,0,,,,,
5/29/1989,1989,5,29,,18.5,,1.5,,10,,8,,0,,0,,0,,0,,0,,,,,
5/30/1989,1989,5,30,,17.5,,5.5,,11.5,,6.5,,0,,1,,0,,1,,0,,,,,
5/31/1989,1989,5,31,,15,,6,,10.5,,7.5,,0,,0,,0,,0,,0,,,,,
6/1/1989,1989,6,1,,14,,5,,9.5,,8.5,,0,,0,,0,,0,,0,,,,,
6/2/1989,1989,6,2,,18,,1,,9.5,,8.5,,0,,0,,0,,0,,0,,,,,
6/3/1989,1989,6,3,,19,,1,,10,,8,,0,,0,,0,,0,,0,,,,,
6/4/1989,1989,6,4,,15,,7,,11,,7,,0,,15,,0,,15,,0,,,,,
6/5/1989,1989,6,5,,11,,4,,7.5,,10.5,,0,,5,,0,,5,,0,,,,,
6/6/1989,1989,6,6,,12,,6,,9,,9,,0,,0.6,,0,,0.6,,0,,,,,
6/7/1989,1989,6,7,,15,,1,,8,,10,,0,,0.4,,0,,0.4,,0,,,,,
6/8/1989,1989,6,8,,13,,2,,7.5,,10.5,,0,,3,,0,,3,,0,,,,,
6/9/1989,1989,6,9,,17,,3,,10,,8,,0,,2,,0,,2,,0,,,,,
6/10/1989,1989,6,10,,19,,4,,11.5,,6.5,,0,,0,,0,,0,,0,,,,,
6/11/1989,1989,6,11,,21,,2,,11.5,,6.5,,0,,0,,0,,0,,0,,,,,
6/12/1989,1989,6,12,,21.5,,2,,11.8,,6.2,,0,,4,,0,,4,,0,,,,,
6/13/1989,1989,6,13,,20,,8,,14,,4,,0,,10.2,,0,,10.2,,0,,,,,
6/14/1989,1989,6,14,,12,,10,,11,,7,,0,,9.8,,0,,9.8,,0,,,,,
6/15/1989,1989,6,15,,14,,1,,7.5,,10.5,,0,,1,,0,,1,,0,,,,,
6/16/1989,1989,6,16,,13.5,,4,,8.8,,9.2,,0,,1.2,,0,,1.2,,0,,,,,
6/17/1989,1989,6,17,,15,,1,,8,,10,,0,,0.4,,0,,0.4,,0,,,,,
6/18/1989,1989,6,18,,16,,3,,9.5,,8.5,,0,,0.2,,0,,0.2,,0,,,,,
6/19/1989,1989,6,19,,15,,3,,9,,9,,0,,1.2,,0,,1.2,,0,,,,,
6/20/1989,1989,6,20,,16,,2,,9,,9,,0,,1.4,,0,,1.4,,0,,,,,
6/21/1989,1989,6,21,,18,,4,,11,,7,,0,,3,,0,,3,,0,,,,,
6/22/1989,1989,6,22,,21,,4,,12.5,,5.5,,0,,0,,0,,0,,0,,,,,
6/23/1989,1989,6,23,,21,,6,,13.5,,4.5,,0,,0,,0,,0,,0,,,,,
6/24/1989,1989,6,24,,18,,6,,12,,6,,0,,4,,0,,4,,0,,,,,
6/25/1989,1989,6,25,,16.5,,5,,10.8,,7.2,,0,,1.2,,0,,1.2,,0,,,,,
6/26/1989,1989,6,26,,18,,8,,13,,5,,0,,0,,0,,0,,0,,,,,
6/27/1989,1989,6,27,,19,,9,,14,,4,,0,,0,,0,,0,,0,,,,,
6/28/1989,1989,6,28,,18,,1,,9.5,,8.5,,0,,0,,0,,0,,0,,,,,
6/29/1989,1989,6,29,,18,,2,,10,,8,,0,,0,,0,,0,,0,,,,,
6/30/1989,1989,6,30,,18,,4,,11,,7,,0,,6,,0,,6,,0,,,,,
7/1/1989,1989,7,1,,17,,4,,10.5,,7.5,,0,,12,,0,,12,,0,,,,,
7/2/1989,1989,7,2,,10,,5,,7.5,,10.5,,0,,4,,0,,4,,0,,,,,
7/3/1989,1989,7,3,,14,,4,,9,,9,,0,,0,,0,,0,,0,,,,,
7/4/1989,1989,7,4,,21,,2,,11.5,,6.5,,0,,0,,0,,0,,0,,,,,
7/5/1989,1989,7,5,,22,,2,,12,,6,,0,,2,,0,,2,,0,,,,,
7/6/1989,1989,7,6,,23,,9,,16,,2,,0,,0,,0,,0,,0,,,,,
7/7/1989,1989,7,7,,24,,6,,15,,3,,0,,9,,0,,9,,0,,,,,
7/8/1989,1989,7,8,,23,,8,,15.5,,2.5,,0,,0,,0,,0,,0,,,,,
7/9/1989,1989,7,9,,24,,9,,16.5,,1.5,,0,,2,,0,,2,,0,,,,,
7/10/1989,1989,7,10,,21,,6,,13.5,,4.5,,0,,0.2,,0,,0.2,,0,,,,,
7/11/1989,1989,7,11,,23,,6,,14.5,,3.5,,0,,10.2,,0,,10.2,,0,,,,,
7/12/1989,1989,7,12,,25,,5,,15,,3,,0,,0.4,,0,,0.4,,0,,,,,
7/13/1989,1989,7,13,,26,,9,,17.5,,0.5,,0,,0.2,,0,,0.2,,0,,,,,
7/14/1989,1989,7,14,,23,,12.5,,17.8,,0.2,,0,,0,,0,,0,,0,,,,,
7/15/1989,1989,7,15,,21,,5,,13,,5,,0,,0.2,,0,,0.2,,0,,,,,
7/16/1989,1989,7,16,,21,,2,,11.5,,6.5,,0,,0,,0,,0,,0,,,,,
7/17/1989,1989,7,17,,21,,5,,13,,5,,0,,0,,0,,0,,0,,,,,
7/18/1989,1989,7,18,,20,,10,,15,,3,,0,,1.2,,0,,1.2,,0,,,,,
7/19/1989,1989,7,19,,18,,10,,14,,4,,0,,0,,0,,0,,0,,,,,
7/20/1989,1989,7,20,,18,,4,,11,,7,,0,,5,,0,,5,,0,,,,,
7/21/1989,1989,7,21,,17,,8,,12.5,,5.5,,0,,10,,0,,10,,0,,,,,
7/22/1989,1989,7,22,,18,,8,,13,,5,,0,,1,,0,,1,,0,,,,,
7/23/1989,1989,7,23,,21,,5,,13,,5,,0,,0,,0,,0,,0,,,,,
7/24/1989,1989,7,24,,20,,5,,12.5,,5.5,,0,,8,,0,,8,,0,,,,,
7/25/1989,1989,7,25,,18,,7,,12.5,,5.5,,0,,0,,0,,0,,0,,,,,
7/26/1989,1989,7,26,,20,,4,,12,,6,,0,,0,,0,,0,,0,,,,,
7/27/1989,1989,7,27,,24,,5,,14.5,,3.5,,0,,0,,0,,0,,0,,,,,
7/28/1989,1989,7,28,,18,,8,,13,,5,,0,,0,,0,,0,,0,,,,,
7/29/1989,1989,7,29,,20,,2,,11,,7,,0,,0,,0,,0,,0,,,,,
7/30/1989,1989,7,30,,23,,3,,13,,5,,0,,0,,0,,0,,0,,,,,
7/31/1989,1989,7,31,,15,,5,,10,,8,,0,,0,,0,,0,,0,,,,,
8/1/1989,1989,8,1,,20,,10,,15,,3,,0,,0,,0,,0,,0,,,,,
8/2/1989,1989,8,2,,23,,5,,14,,4,,0,,0,T,0,,0,T,0,,,,,
8/3/1989,1989,8,3,,19,,8,,13.5,,4.5,,0,,0,,0,,0,,0,,,,,
8/4/1989,1989,8,4,,19.5,,9,,14.3,,3.7,,0,,0.4,,0,,0.4,,0,,,,,
8/5/1989,1989,8,5,,23,,9.5,,16.3,,1.7,,0,,3.4,,0,,3.4,,0,,,,,
8/6/1989,1989,8,6,,19,,6.5,,12.8,,5.2,,0,,4.2,,0,,4.2,,0,,,,,
8/7/1989,1989,8,7,,16.5,,3.5,,10,,8,,0,,3.4,,0,,3.4,,0,,,,,
8/8/1989,1989,8,8,,16.5,,5,,10.8,,7.2,,0,,3.8,,0,,3.8,,0,,,,,
8/9/1989,1989,8,9,,23,,2.5,,12.8,,5.2,,0,,0,,0,,0,,0,,,,,
8/10/1989,1989,8,10,,26,,4,,15,,3,,0,,0,,0,,0,,0,,,,,
8/11/1989,1989,8,11,,26,,6,,16,,2,,0,,0,,0,,0,,0,,,,,
8/12/1989,1989,8,12,,27,,7,,17,,1,,0,,0,,0,,0,,0,,,,,
8/13/1989,1989,8,13,,27,,7,,17,,1,,0,,0,,0,,0,,0,,,,,
8/14/1989,1989,8,14,,26,,7,,16.5,,1.5,,0,,0,,0,,0,,0,,,,,
8/15/1989,1989,8,15,,22,,7,,14.5,,3.5,,0,,0,,0,,0,,0,,,,,
8/16/1989,1989,8,16,,21,,9,,15,,3,,0,,0,,0,,0,,0,,,,,
8/17/1989,1989,8,17,,24,,2,,13,,5,,0,,0,,0,,0,,0,,,,,
8/18/1989,1989,8,18,,22,,5,,13.5,,4.5,,0,,0,,0,,0,,0,,,,,
8/19/1989,1989,8,19,,20,,4,,12,,6,,0,,0,,0,,0,,0,,,,,
8/20/1989,1989,8,20,,15,,2,,8.5,,9.5,,0,,0.3,,0,,0.3,,0,,,,,
8/21/1989,1989,8,21,,15,,6,,10.5,,7.5,,0,,0.2,,0,,0.2,,0,,,,,
8/22/1989,1989,8,22,,12,,5.5,,8.8,,9.2,,0,,0,,0,,0,,0,,,,,
8/23/1989,1989,8,23,,15,,6,,10.5,,7.5,,0,,0.8,,0,,0.8,,0,,,,,
8/24/1989,1989,8,24,,16.5,,6.5,,11.5,,6.5,,0,,0,,0,,0,,0,,,,,
8/25/1989,1989,8,25,,19.5,,2,,10.8,,7.2,,0,,0,,0,,0,,0,,,,,
8/26/1989,1989,8,26,,21,,0.5,,10.8,,7.2,,0,,0,,0,,0,,0,,,,,
8/27/1989,1989,8,27,,23,,1,,12,,6,,0,,0,,0,,0,,0,,,,,
8/28/1989,1989,8,28,,23.5,,3,,13.3,,4.7,,0,,0,,0,,0,,0,,,,,
8/29/1989,1989,8,29,,24,,3,,13.5,,4.5,,0,,0,,0,,0,,0,,,,,
8/30/1989,1989,8,30,,24,,3,,13.5,,4.5,,0,,0,,0,,0,,0,,,,,
8/31/1989,1989,8,31,,23,,2,,12.5,,5.5,,0,,0,,0,,0,,0,,,,,
9/1/1989,1989,9,1,,19,,4,,11.5,,6.5,,0,,0,,0,,0,,0,,,,,
9/2/1989,1989,9,2,,16,,0,,8,,10,,0,,0,,0,,0,,0,,,,,
9/3/1989,1989,9,3,,15,,3,,9,,9,,0,,3,,0,,3,,0,,,,,
9/4/1989,1989,9,4,,12,,4,,8,,10,,0,,3,,0,,3,,0,,,,,
9/5/1989,1989,9,5,,13,,5,,9,,9,,0,,0,,0,,0,,0,,,,,
9/6/1989,1989,9,6,,13,,6,,9.5,,8.5,,0,,4,,0,,4,,0,,,,,
9/7/1989,1989,9,7,,12,,0,,6,,12,,0,,0,,0,,0,,0,,,,,
9/8/1989,1989,9,8,,15,,-3,,6,,12,,0,,0,,0,,0,,0,,,,,
9/9/1989,1989,9,9,,20,,-3,,8.5,,9.5,,0,,0,,0,,0,,0,,,,,
9/10/1989,1989,9,10,,21,,0,,10.5,,7.5,,0,,0,,0,,0,,0,,,,,
9/11/1989,1989,9,11,,16,,3,,9.5,,8.5,,0,,0,,0,,0,,0,,,,,
9/12/1989,1989,9,12,,14,,4,,9,,9,,0,,0.8,,0,,0.8,,0,,,,,
9/13/1989,1989,9,13,,14,,3,,8.5,,9.5,,0,,3,,0,,3,,0,,,,,
9/14/1989,1989,9,14,,8,,1,,4.5,,13.5,,0,,2,,0,,2,,0,,,,,
9/15/1989,1989,9,15,,6,,0,,3,,15,,0,,0,,1,,1,,0,,,,,
9/16/1989,1989,9,16,,0,,-4,,-2,,20,,0,,0,,0,,0,,0,,,,,
9/17/1989,1989,9,17,,2,,-4,,-1,,19,,0,,0,,0,,0,,0,,,,,
9/18/1989,1989,9,18,,6,,-5,,0.5,,17.5,,0,,0,,0,,0,,0,,,,,
9/19/1989,1989,9,19,,6,,-4,,1,,17,,0,,0,,0,,0,,0,,,,,
9/20/1989,1989,9,20,,5,,-6,,-0.5,,18.5,,0,,0,,6,,6,,0,,,,,
9/21/1989,1989,9,21,,7,,-6,,0.5,,17.5,,0,,0,,2,,2,,0,,,,,
9/22/1989,1989,9,22,,8,,-6,,1,,17,,0,,2,,0,,2,,0,,,,,
9/23/1989,1989,9,23,,8,,-3,,2.5,,15.5,,0,,0,,0,,0,,0,,,,,
9/24/1989,1989,9,24,,8,,0,,4,,14,,0,,0,,0,,0,,0,,,,,
9/25/1989,1989,9,25,,15,,-2,,6.5,,11.5,,0,,2,,0,,2,,0,,,,,
9/26/1989,1989,9,26,,9,,1,,5,,13,,0,,7,,0,,7,,0,,,,,
9/27/1989,1989,9,27,,6,,1,,3.5,,14.5,,0,,0,,0,,0,,0,,,,,
9/28/1989,1989,9,28,,7,,-2,,2.5,,15.5,,0,,0,,0,,0,,0,,,,,
9/29/1989,1989,9,29,,5,,-6,,-0.5,,18.5,,0,,0,,0,,0,,0,,,,,
9/30/1989,1989,9,30,,7,,-6,,0.5,,17.5,,0,,0,,0,,0,,0,,,,,
10/1/1989,1989,10,1,,7,,-7,,0,,18,,0,,0,,0,,0,,,M,,,,
10/2/1989,1989,10,2,,9,,-4,,2.5,,15.5,,0,,4,,0,,4,,,M,,,,
10/3/1989,1989,10,3,,5,,3,,4,,14,,0,,2.2,,0,,2.2,,,M,,,,
10/4/1989,1989,10,4,,5,,-5.5,,-0.3,,18.3,,0,,0,,0,,0,,,M,,,,
10/5/1989,1989,10,5,,4,,-6,,-1,,19,,0,,0,,0,,0,,,M,,,,
10/6/1989,1989,10,6,,2,,-10,,-4,,22,,0,,0,,1,,1,,,M,,,,
10/7/1989,1989,10,7,,6,,-4,,1,,17,,0,,3,,1,,4,,,M,,,,
10/8/1989,1989,10,8,,3,,-1.5,,0.8,,17.2,,0,,1,,0,,1,,,M,,,,
10/9/1989,1989,10,9,,0,,-2,,-1,,19,,0,,0,,0,,0,,,M,,,,
10/10/1989,1989,10,10,,0.5,,-4,,-1.8,,19.8,,0,,0,T,0,,0,T,5,,,,,
10/11/1989,1989,10,11,,-1,,-7.5,,-4.3,,22.3,,0,,0,,3,,3,,,M,,,,
10/12/1989,1989,10,12,,-2,,-7,,-4.5,,22.5,,0,,0,,4,,4,,,M,,,,
10/13/1989,1989,10,13,,-4,,-6,,-5,,23,,0,,0,,0,T,0,T,,M,,,,
10/14/1989,1989,10,14,,-8,,-16,,-12,,30,,0,,0,,0,,0,,,M,,,,
10/15/1989,1989,10,15,,-4,,-19,,-11.5,,29.5,,0,,0,,0,,0,,,M,,,,
10/16/1989,1989,10,16,,-5,,-18,,-11.5,,29.5,,0,,0,,2,,2,,,M,,,,
10/17/1989,1989,10,17,,-2.5,,-17.5,,-10,,28,,0,,0,,4,,4,,,M,,,,
10/18/1989,1989,10,18,,1.5,,-9,,-3.8,,21.8,,0,,0,,0,,0,,,M,,,,
10/19/1989,1989,10,19,,-2,,-16,,-9,,27,,0,,0,,0,,0,,,M,,,,
10/20/1989,1989,10,20,,-1,,-6,,-3.5,,21.5,,0,,0,,0,,0,,,M,,,,
10/21/1989,1989,10,21,,-4,,-12,,-8,,26,,0,,0,,0,T,0,T,,M,,,,
10/22/1989,1989,10,22,,-3,,-12,,-7.5,,25.5,,0,,0,,0,T,0,T,,M,,,,
10/23/1989,1989,10,23,,-5,,-8,,-6.5,,24.5,,0,,0,,0,T,0,T,,M,,,,
10/24/1989,1989,10,24,,-5,,-10,,-7.5,,25.5,,0,,0,,6,,6,,,M,,,,
10/25/1989,1989,10,25,,-4,,-8,,-6,,24,,0,,0,,0,T,0,T,18,,,,,
10/26/1989,1989,10,26,,-12,,-12,,-12,,30,,0,,0,,1,,1,,,M,,,,
10/27/1989,1989,10,27,,-11,,-19,,-15,,33,,0,,0,,0,,0,,,M,,,,
10/28/1989,1989,10,28,,-5,,-23,,-14,,32,,0,,0,,3,,3,,,M,,,,
10/29/1989,1989,10,29,,-2,,-15,,-8.5,,26.5,,0,,0,,1,,1,,,M,,,,
10/30/1989,1989,10,30,,-11,,-11.5,,-11.3,,29.3,,0,,0,,2,,2,,,M,,,,
10/31/1989,1989,10,31,,-15.5,,-15.5,,-15.5,,33.5,,0,,0,,6,,6,,,M,,,,
11/1/1989,1989,11,1,,-8.5,,-17,,-12.8,,30.8,,0,,0,,6,,6,,,M,,,,
11/2/1989,1989,11,2,,-1,,-17,,-9,,27,,0,,0,,0,,0,,,M,,,,
11/3/1989,1989,11,3,,-3,,-8.5,,-5.8,,23.8,,0,,0,,6,,6,,,M,,,,
11/4/1989,1989,11,4,,0,,-6,,-3,,21,,0,,0,,6,,6,,,M,,,,
11/5/1989,1989,11,5,,-4.5,,-8.5,,-6.5,,24.5,,0,,0,,8,,8,,34,,,,,
11/6/1989,1989,11,6,,-13.5,,-14,,-13.8,,31.8,,0,,0,,0,,0,,,M,,,,
11/7/1989,1989,11,7,,-14,,-16,,-15,,33,,0,,0,,0,T,0,T,,M,,,,
11/8/1989,1989,11,8,,-17,,-21,,-19,,37,,0,,0,,0,,0,,34,,,,,
11/9/1989,1989,11,9,,-18,,-22,,-20,,38,,0,,0,,0,,0,,32,,,,,
11/10/1989,1989,11,10,,-26,,-26,,-26,,44,,0,,0,,0,,0,,29,,,,,
11/11/1989,1989,11,11,,-36,,-42,,-39,,57,,0,,0,,0,,0,,29,,,,,
11/12/1989,1989,11,12,,-36,,-42,,-39,,57,,0,,0,,0,,0,,29,,,,,
11/13/1989,1989,11,13,,-33,,-42,,-37.5,,55.5,,0,,0,,0,,0,,29,,,,,
11/14/1989,1989,11,14,,-26,,-41,,-33.5,,51.5,,0,,0,,0,T,0,T,29,,,,,
11/15/1989,1989,11,15,,-20,,-35,,-27.5,,45.5,,0,,0,,0,,0,,29,,,,,
11/16/1989,1989,11,16,,-12,,-29,,-20.5,,38.5,,0,,0,,1,,1,,29,,,,,
11/17/1989,1989,11,17,,-5,,-21,,-13,,31,,0,,0,,17,,17,,31,,,,,
11/18/1989,1989,11,18,,-3,,-15,,-9,,27,,0,,0,,0,,0,,44,,,,,
11/19/1989,1989,11,19,,-10,,-15,,-12.5,,30.5,,0,,0,,0,T,0,T,44,,,,,
11/20/1989,1989,11,20,,-11,,-14.5,,-12.8,,30.8,,0,,0,,1.5,,1.5,,39,,,,,
11/21/1989,1989,11,21,,-15,,-20,,-17.5,,35.5,,0,,0,,1,,1,,40,,,,,
11/22/1989,1989,11,22,,-17,,-21,,-19,,37,,0,,0,,0,T,0,T,39,,,,,
11/23/1989,1989,11,23,,-15,,-20,,-17.5,,35.5,,0,,0,,1,,1,,38,,,,,
11/24/1989,1989,11,24,,-16.5,,-17.5,,-17,,35,,0,,0,,1,,1,,39,,,,,
11/25/1989,1989,11,25,,-17,,-23,,-20,,38,,0,,0,,0,T,0,T,39,,,,,
11/26/1989,1989,11,26,,-18,,-20,,-19,,37,,0,,0,,0,T,0,T,41,,,,,
11/27/1989,1989,11,27,,-7,,-20,,-13.5,,31.5,,0,,0,,4,,4,,42,,,,,
11/28/1989,1989,11,28,,-7,,-22,,-14.5,,32.5,,0,,0,,1,,1,,46,,,,,
11/29/1989,1989,11,29,,-7,,-18,,-12.5,,30.5,,0,,0,,1,,1,,47,,,,,
11/30/1989,1989,11,30,,-5,,-15,,-10,,28,,0,,0,,0,,0,,47,,,,,
12/1/1989,1989,12,1,,-10,,-15,,-12.5,,30.5,,0,,0,,0,,0,,47,,,,,
12/2/1989,1989,12,2,,-3,,-18,,-10.5,,28.5,,0,,0,,0,,0,,46,,,,,
12/3/1989,1989,12,3,,-5,,-10,,-7.5,,25.5,,0,,0,,0,,0,,45,,,,,
12/4/1989,1989,12,4,,-12,,-16,,-14,,32,,0,,0,,1,,1,,43,,,,,
12/5/1989,1989,12,5,,-9,,-14,,-11.5,,29.5,,0,,0,,2,,2,,44,,,,,
12/6/1989,1989,12,6,,-5,,-14,,-9.5,,27.5,,0,,0,,0,,0,,46,,,,,
12/7/1989,1989,12,7,,-16,,-21,,-18.5,,36.5,,0,,0,,0,T,0,T,46,,,,,
12/8/1989,1989,12,8,,-20,,-27.5,,-23.8,,41.8,,0,,0,,1,,1,,45,,,,,
12/9/1989,1989,12,9,,-20,,-28,,-24,,42,,0,,0,,0,,0,,45,,,,,
12/10/1989,1989,12,10,,-2.5,,-34,,-18.3,,36.3,,0,,0,,2.5,,2.5,,45,,,,,
12/11/1989,1989,12,11,,-2,,-27,,-14.5,,32.5,,0,,0,,0,,0,,47,,,,,
12/12/1989,1989,12,12,,-3.5,,-14,,-8.8,,26.8,,0,,0,,1,,1,,50,,,,,
12/13/1989,1989,12,13,,3,,-12,,-4.5,,22.5,,0,,0,,3,,3,,51,,,,,
12/14/1989,1989,12,14,,0,,-3.5,,-1.8,,19.8,,0,,0,,0,,0,,51,,,,,
12/15/1989,1989,12,15,,-4,,-8.5,,-6.3,,24.3,,0,,0,,0,,0,,52,,,,,
12/16/1989,1989,12,16,,-8,,-17,,-12.5,,30.5,,0,,0,,3,,3,,51,,,,,
12/17/1989,1989,12,17,,-13,,-13.5,,-13.3,,31.3,,0,,0,,0,,0,,53,,,,,
12/18/1989,1989,12,18,,-22,,-25,,-23.5,,41.5,,0,,0,,0,,0,,53,,,,,
12/19/1989,1989,12,19,,-29,,-36,,-32.5,,50.5,,0,,0,,0,,0,,53,,,,,
12/20/1989,1989,12,20,,-32,,-39,,-35.5,,53.5,,0,,0,,0,,0,,52,,,,,
12/21/1989,1989,12,21,,-12,,-40,,-26,,44,,0,,0,,1,,1,,52,,,,,
12/22/1989,1989,12,22,,-2,,-32,,-17,,35,,0,,0,,0,,0,,53,,,,,
12/23/1989,1989,12,23,,-1,,-15,,-8,,26,,0,,0,,3,,3,,53,,,,,
12/24/1989,1989,12,24,,-1,,-9,,-5,,23,,0,,0,,2,,2,,57,,,,,
12/25/1989,1989,12,25,,3,,-5,,-1,,19,,0,,0,,5,,5,,58,,,,,
12/26/1989,1989,12,26,,-1,,-3,,-2,,20,,0,,0,,1,,1,,64,,,,,
12/27/1989,1989,12,27,,-2,,-4,,-3,,21,,0,,0,,0,,0,,62,,,,,
12/28/1989,1989,12,28,,-3,,-7,,-5,,23,,0,,0,,2,,2,,62,,,,,
12/29/1989,1989,12,29,,-4,,-6.5,,-5.3,,23.3,,0,,0,,4,,4,,63,,,,,
12/30/1989,1989,12,30,,-10,,-15,,-12.5,,30.5,,0,,0,,8,,8,,65,,,,,
12/31/1989,1989,12,31,,-11,,-14,,-12.5,,30.5,,0,,0,,4,,4,,70,,,,,
1/1/1990,1990,1,1,,-17,,-17,,-17,,35,,0,,0,,1,,1,,70,,,,,
1/2/1990,1990,1,2,,-32,,-34.5,,-33.3,,51.3,,0,,0,,0,,0,,70,,,,,
1/3/1990,1990,1,3,,-32,,-38,,-35,,53,,0,,0,,0,,0,,,M,,,,
1/4/1990,1990,1,4,,-28,,-38,,-33,,51,,0,,0,,0,,0,,,M,,,,
1/5/1990,1990,1,5,,-19,,-38,,-28.5,,46.5,,0,,0,,2,,2,,,M,,,,
1/6/1990,1990,1,6,,-21,,-30,,-25.5,,43.5,,0,,0,,3,,3,,71,,,,,
1/7/1990,1990,1,7,,-13,,-25.5,,-19.3,,37.3,,0,,0,,2,,2,,,M,,,,
1/8/1990,1990,1,8,,-15,,-25.5,,-20.3,,38.3,,0,,0,,10,,10,,,M,,,,
1/9/1990,1990,1,9,,-11,,-20,,-15.5,,33.5,,0,,0,,5,,5,,,M,,,,
1/10/1990,1990,1,10,,-10,,-26,,-18,,36,,0,,0,,0,,0,,,M,,,,
1/11/1990,1990,1,11,,-7,,-29,,-18,,36,,0,,0,,0,,0,,,M,,,,
1/12/1990,1990,1,12,,-13,,-18,,-15.5,,33.5,,0,,0,,0,,0,,,M,,,,
1/13/1990,1990,1,13,,-9,,-17,,-13,,31,,0,,0,,2,,2,,,M,,,,
1/14/1990,1990,1,14,,-7,,-19,,-13,,31,,0,,0,,0,,0,,,M,,,,
1/15/1990,1990,1,15,,-11,,-12,,-11.5,,29.5,,0,,0,,0,,0,,,M,,,,
1/16/1990,1990,1,16,,-11,,-21,,-16,,34,,0,,0,,0,T,0,T,,M,,,,
1/17/1990,1990,1,17,,-8,,-16.5,,-12.3,,30.3,,0,,0,,0,T,0,T,,M,,,,
1/18/1990,1990,1,18,,-7,,-17,,-12,,30,,0,,0,,2,,2,,,M,,,,
1/19/1990,1990,1,19,,-4,,-13,,-8.5,,26.5,,0,,0,,9,,9,,,M,,,,
1/20/1990,1990,1,20,,-3,,-8.5,,-5.8,,23.8,,0,,0,,0,,0,,,M,,,,
1/21/1990,1990,1,21,,-4,,-8,,-6,,24,,0,,0,,0,,0,,,M,,,,
1/22/1990,1990,1,22,,-10.5,,-21,,-15.8,,33.8,,0,,0,,2,,2,,82,,,,,
1/23/1990,1990,1,23,,-9,,-17,,-13,,31,,0,,0,,0,T,0,T,,M,,,,
1/24/1990,1990,1,24,,-10.5,,-16,,-13.3,,31.3,,0,,0,,1,,1,,,M,,,,
1/25/1990,1990,1,25,,-24,,-32,,-28,,46,,0,,0,,0,T,0,T,80,,,,,
1/26/1990,1990,1,26,,-26,,-34.5,,-30.3,,48.3,,0,,0,,0,,0,,80,,,,,
1/27/1990,1990,1,27,,-34,,-38.5,,-36.3,,54.3,,0,,0,,0,,0,,80,,,,,
1/28/1990,1990,1,28,,-34,,-42,,-38,,56,,0,,0,,0,,0,,80,,,,,
1/29/1990,1990,1,29,,-38,,-47.5,,-42.8,,60.8,,0,,0,,0,,0,,80,,,,,
1/30/1990,1990,1,30,,-40,,-51,,-45.5,,63.5,,0,,0,,0,,0,,80,,,,,
1/31/1990,1990,1,31,,,M,-50,,,M,,M,,M,0,,0,,0,,80,,,,,
2/1/1990,1990,2,1,,,,,,,,,,,,,,,,,,,,,,,
2/2/1990,1990,2,2,,,,,,,,,,,,,,,,,,,,,,,
2/3/1990,1990,2,3,,,,,,,,,,,,,,,,,,,,,,,
2/4/1990,1990,2,4,,,,,,,,,,,,,,,,,,,,,,,
2/5/1990,1990,2,5,,,,,,,,,,,,,,,,,,,,,,,
2/6/1990,1990,2,6,,,,,,,,,,,,,,,,,,,,,,,
2/7/1990,1990,2,7,,,,,,,,,,,,,,,,,,,,,,,
2/8/1990,1990,2,8,,,,,,,,,,,,,,,,,,,,,,,
2/9/1990,1990,2,9,,,,,,,,,,,,,,,,,,,,,,,
2/10/1990,1990,2,10,,,,,,,,,,,,,,,,,,,,,,,
2/11/1990,1990,2,11,,,,,,,,,,,,,,,,,,,,,,,
2/12/1990,1990,2,12,,,,,,,,,,,,,,,,,,,,,,,
2/13/1990,1990,2,13,,,,,,,,,,,,,,,,,,,,,,,
2/14/1990,1990,2,14,,,,,,,,,,,,,,,,,,,,,,,
2/15/1990,1990,2,15,,,,,,,,,,,,,,,,,,,,,,,
2/16/1990,1990,2,16,,,,,,,,,,,,,,,,,,,,,,,
2/17/1990,1990,2,17,,,,,,,,,,,,,,,,,,,,,,,
2/18/1990,1990,2,18,,,,,,,,,,,,,,,,,,,,,,,
2/19/1990,1990,2,19,,,,,,,,,,,,,,,,,,,,,,,
2/20/1990,1990,2,20,,,,,,,,,,,,,,,,,,,,,,,
2/21/1990,1990,2,21,,,,,,,,,,,,,,,,,,,,,,,
2/22/1990,1990,2,22,,,,,,,,,,,,,,,,,,,,,,,
2/23/1990,1990,2,23,,,,,,,,,,,,,,,,,,,,,,,
2/24/1990,1990,2,24,,,,,,,,,,,,,,,,,,,,,,,
2/25/1990,1990,2,25,,,,,,,,,,,,,,,,,,,,,,,
2/26/1990,1990,2,26,,,,,,,,,,,,,,,,,,,,,,,
2/27/1990,1990,2,27,,,,,,,,,,,,,,,,,,,,,,,
2/28/1990,1990,2,28,,,,,,,,,,,,,,,,,,,,,,,
3/1/1990,1990,3,1,,-7,,-20,,-13.5,,31.5,,0,,0,,0,,0,,,M,,,,
3/2/1990,1990,3,2,,0,,-18,,-9,,27,,0,,0,,0,,0,,,M,,,,
3/3/1990,1990,3,3,,-1,,-12,,-6.5,,24.5,,0,,0,,0,,0,,,M,,,,
3/4/1990,1990,3,4,,2,,-8,,-3,,21,,0,,0,,0,,0,,,M,,,,
3/5/1990,1990,3,5,,-1,,-7,,-4,,22,,0,,0,,5,,5,,,M,,,,
3/6/1990,1990,3,6,,-3,,-8,,-5.5,,23.5,,0,,0,,0,,0,,,M,,,,
3/7/1990,1990,3,7,,-2,,-12,,-7,,25,,0,,0,,0,,0,,,M,,,,
3/8/1990,1990,3,8,,-7.5,,-23,,-15.3,,33.3,,0,,0,,0,,0,,,M,,,,
3/9/1990,1990,3,9,,-9,,-26,,-17.5,,35.5,,0,,0,,0,,0,,,M,,,,
3/10/1990,1990,3,10,,-9,,-28,,-18.5,,36.5,,0,,0,,0,T,0,T,,M,,,,
3/11/1990,1990,3,11,,-6,,-27,,-16.5,,34.5,,0,,0,,0,,0,,,M,,,,
3/12/1990,1990,3,12,,-5,,-14,,-9.5,,27.5,,0,,0,,0,T,0,T,,M,,,,
3/13/1990,1990,3,13,,-1,,-15,,-8,,26,,0,,0,,2,,2,,,M,,,,
3/14/1990,1990,3,14,,-1,,-15,,-8,,26,,0,,0,,2,,2,,97,,,,,
3/15/1990,1990,3,15,,8,,-4.5,,1.8,,16.2,,0,,0,,0,,0,,,M,,,,
3/16/1990,1990,3,16,,-6,,-14.5,,-10.3,,28.3,,0,,0,,0,,0,,,M,,,,
3/17/1990,1990,3,17,,0,,-16.5,,-8.3,,26.3,,0,,0,,0.5,,0.5,,96,,,,,
3/18/1990,1990,3,18,,-4,,-15,,-9.5,,27.5,,0,,0,,3,,3,,,M,,,,
3/19/1990,1990,3,19,,-14.5,,-15,,-14.8,,32.8,,0,,0,,0,,0,,,M,,,,
3/20/1990,1990,3,20,,-16,,-31.5,,-23.8,,41.8,,0,,0,,0,,0,,97,,,,,
3/21/1990,1990,3,21,,-12,,-28,,-20,,38,,0,,0,,0,,0,,,M,,,,
3/22/1990,1990,3,22,,-10,,-24,,-17,,35,,0,,0,,0,,0,,,M,,,,
3/23/1990,1990,3,23,,-5,,-21,,-13,,31,,0,,0,,0,,0,,,M,,,,
3/24/1990,1990,3,24,,-3,,-18,,-10.5,,28.5,,0,,0,,0,,0,,,M,,,,
3/25/1990,1990,3,25,,-2,,-20,,-11,,29,,0,,0,,0,,0,,,M,,,,
3/26/1990,1990,3,26,,2,,-13,,-5.5,,23.5,,0,,0,,0,T,0,T,95,,,,,
3/27/1990,1990,3,27,,4,,-3,,0.5,,17.5,,0,,0,,2,,2,,,M,,,,
3/28/1990,1990,3,28,,3.5,,-2,,0.8,,17.2,,0,,0,,1,,1,,,M,,,,
3/29/1990,1990,3,29,,2,,-1,,0.5,,17.5,,0,,0,,0,,0,,93,,,,,
3/30/1990,1990,3,30,,1,,-3.5,,-1.3,,19.3,,0,,0,,0,,0,,92,,,,,
3/31/1990,1990,3,31,,1,,-7.5,,-3.3,,21.3,,0,,0,,0,,0,,92,,,,,
4/1/1990,1990,4,1,,0,,-12,,-6,,24,,0,,0,,6,,6,,92,,,,,
4/2/1990,1990,4,2,,-2,,-9.5,,-5.8,,23.8,,0,,0,,0,,0,,,M,,,,
4/3/1990,1990,4,3,,1.5,,-14,,-6.3,,24.3,,0,,0,,0,,0,,96,,,,,
4/4/1990,1990,4,4,,-0.5,,-12.5,,-6.5,,24.5,,0,,0,,3,,3,,95,,,,,
4/5/1990,1990,4,5,,1,,-8,,-3.5,,21.5,,0,,0,,0,,0,,98,,,,,
4/6/1990,1990,4,6,,0,,-12,,-6,,24,,0,,0,,2,,2,,98,,,,,
4/7/1990,1990,4,7,,-6,,-10,,-8,,26,,0,,0,,0,,0,,97,,,,,
4/8/1990,1990,4,8,,-1,,-17,,-9,,27,,0,,0,,0,,0,,97,,,,,
4/9/1990,1990,4,9,,-0.5,,-14,,-7.3,,25.3,,0,,0,,0,,0,,97,,,,,
4/10/1990,1990,4,10,,2,,-15,,-6.5,,24.5,,0,,0,,0,,0,,97,,,,,
4/11/1990,1990,4,11,,1,,-15.5,,-7.3,,25.3,,0,,0,,0,,0,,96,,,,,
4/12/1990,1990,4,12,,0,,-14,,-7,,25,,0,,0,,0,,0,,95,,,,,
4/13/1990,1990,4,13,,1.5,,-11.5,,-5,,23,,0,,0,,0,,0,,94,,,,,
4/14/1990,1990,4,14,,0,,-7,,-3.5,,21.5,,0,,0,,0,,0,,93,,,,,
4/15/1990,1990,4,15,,1.5,,-16,,-7.3,,25.3,,0,,0,,0,,0,,92,,,,,
4/16/1990,1990,4,16,,6.5,,-14,,-3.8,,21.8,,0,,0,,0,,0,,92,,,,,
4/17/1990,1990,4,17,,7,,-10,,-1.5,,19.5,,0,,0,,0,,0,,92,,,,,
4/18/1990,1990,4,18,,5,,-5,,0,,18,,0,,0,,0,,0,,91,,,,,
4/19/1990,1990,4,19,,6,,-3,,1.5,,16.5,,0,,0,,4,,4,,87,,,,,
4/20/1990,1990,4,20,,6.5,,0,,3.3,,14.7,,0,,0,,0,,0,,,M,,,,
4/21/1990,1990,4,21,,5.5,,-0.5,,2.5,,15.5,,0,,0,,0,,0,,85,,,,,
4/22/1990,1990,4,22,,6.5,,-4.5,,1,,17,,0,,0,,0,,0,,82,,,,,
4/23/1990,1990,4,23,,5.5,,-1,,2.3,,15.7,,0,,0,,0,T,0,T,81,,,,,
4/24/1990,1990,4,24,,1.5,,-1,,0.3,,17.7,,0,,0,,0,T,0,T,75,,,,,
4/25/1990,1990,4,25,,1,,-3,,-1,,19,,0,,0,,0,,0,,74,,,,,
4/26/1990,1990,4,26,,2.5,,-6.8,,-2.2,,20.2,,0,,0,,0,,0,,73,,,,,
4/27/1990,1990,4,27,,4,,-11,,-3.5,,21.5,,0,,0,,0,,0,,70,,,,,
4/28/1990,1990,4,28,,6.5,,-10.5,,-2,,20,,0,,0,,0,,0,,69,,,,,
4/29/1990,1990,4,29,,7.5,,-4,,1.8,,16.2,,0,,0,,0,,0,,69,,,,,
4/30/1990,1990,4,30,,6,,-4.5,,0.8,,17.2,,0,,0,,0,,0,,68,,,,,
5/1/1990,1990,5,1,,6,,0,,3,,15,,0,,0,,3.5,,3.5,,66,,,,,
5/2/1990,1990,5,2,,6,,-0.5,,2.8,,15.2,,0,,0,,0,,0,,,M,,,,
5/3/1990,1990,5,3,,5.5,,-1,,2.3,,15.7,,0,,0,,0,T,0,T,,M,,,,
5/4/1990,1990,5,4,,7,,-0.5,,3.3,,14.7,,0,,0,,2,,2,,,M,,,,
5/5/1990,1990,5,5,,6.5,,0,,3.3,,14.7,,0,,0,,0,T,0,T,,M,,,,
5/6/1990,1990,5,6,,4.5,,1.5,,3,,15,,0,,0,,1,,1,,,M,,,,
5/7/1990,1990,5,7,,6,,-1.5,,2.3,,15.7,,0,,0,,0,,0,,,M,,,,
5/8/1990,1990,5,8,,8,,-1,,3.5,,14.5,,0,,0,,0,,0,,47,,,,,
5/9/1990,1990,5,9,,5,,-2,,1.5,,16.5,,0,,0,,0,,0,,45,,,,,
5/10/1990,1990,5,10,,5,,-3,,1,,17,,0,,0,,0,,0,,,M,,,,
5/11/1990,1990,5,11,,7,,-8,,-0.5,,18.5,,0,,0,,0,,0,,39,,,,,
5/12/1990,1990,5,12,,7.5,,-8,,-0.3,,18.3,,0,,0,,0,,0,,,M,,,,
5/13/1990,1990,5,13,,6.5,,-7,,-0.3,,18.3,,0,,0,,0,,0,,,M,,,,
5/14/1990,1990,5,14,,7.5,,-5.5,,1,,17,,0,,0,,0,,0,,,M,,,,
5/15/1990,1990,5,15,,9,,-4.5,,2.3,,15.7,,0,,0,,0,,0,,31,,,,,
5/16/1990,1990,5,16,,7,,-2,,2.5,,15.5,,0,,1,,0,,1,,,M,,,,
5/17/1990,1990,5,17,,9,,-2,,3.5,,14.5,,0,,0,,0,,0,,,M,,,,
5/18/1990,1990,5,18,,10,,-3.5,,3.3,,14.7,,0,,0,,0,,0,,,M,,,,
5/19/1990,1990,5,19,,10,,0,,5,,13,,0,,0,,0,,0,,,M,,,,
5/20/1990,1990,5,20,,12,,-4,,4,,14,,0,,1,,0,,1,,,M,,,,
5/21/1990,1990,5,21,,14,,1.5,,7.8,,10.2,,0,,0,,0,,0,,,M,,,,
5/22/1990,1990,5,22,,12,,-1,,5.5,,12.5,,0,,3.8,,0,,3.8,,,M,,,,
5/23/1990,1990,5,23,,5,,2,,3.5,,14.5,,0,,5,,0,,5,,,M,,,,
5/24/1990,1990,5,24,,7.5,,0,,3.8,,14.2,,0,,10,,0,,10,,,M,,,,
5/25/1990,1990,5,25,,13,,1,,7,,11,,0,,0,,0,,0,,,M,,,,
5/26/1990,1990,5,26,,10.5,,0,,5.3,,12.7,,0,,0,T,0,,0,T,,M,,,,
5/27/1990,1990,5,27,,14,,6,,10,,8,,0,,0,,0,,0,,,M,,,,
5/28/1990,1990,5,28,,19,,0,,9.5,,8.5,,0,,0,,0,,0,,,M,,,,
5/29/1990,1990,5,29,,19,,4,,11.5,,6.5,,0,,0,,0,,0,,,M,,,,
5/30/1990,1990,5,30,,18,,8,,13,,5,,0,,3,,0,,3,,,M,,,,
5/31/1990,1990,5,31,,12,,8,,10,,8,,0,,1,,0,,1,,0,,,,,
6/1/1990,1990,6,1,,9,,1,,5,,13,,0,,0,T,0,,0,T,0,,,,,
6/2/1990,1990,6,2,,8,,0.5,,4.3,,13.7,,0,,0.5,,0,,0.5,,0,,,,,
6/3/1990,1990,6,3,,17,,-3,,7,,11,,0,,0,,0,,0,,0,,,,,
6/4/1990,1990,6,4,,20,,0,,10,,8,,0,,1.5,,0,,1.5,,0,,,,,
6/5/1990,1990,6,5,,10,,8,,9,,9,,0,,3,,0,,3,,0,,,,,
6/6/1990,1990,6,6,,15,,4,,9.5,,8.5,,0,,4.6,,0,,4.6,,0,,,,,
6/7/1990,1990,6,7,,13,,4,,8.5,,9.5,,0,,1.6,,0,,1.6,,0,,,,,
6/8/1990,1990,6,8,,14,,3,,8.5,,9.5,,0,,0.5,,0,,0.5,,0,,,,,
6/9/1990,1990,6,9,,15,,5,,10,,8,,0,,2,,0,,2,,0,,,,,
6/10/1990,1990,6,10,,17,,1,,9,,9,,0,,0,,0,,0,,0,,,,,
6/11/1990,1990,6,11,,19,,7.5,,13.3,,4.7,,0,,0,,0,,0,,0,,,,,
6/12/1990,1990,6,12,,18,,3,,10.5,,7.5,,0,,3,,0,,3,,0,,,,,
6/13/1990,1990,6,13,,20.5,,5,,12.8,,5.2,,0,,0,,0,,0,,0,,,,,
6/14/1990,1990,6,14,,18,,5.5,,11.8,,6.2,,0,,0,,0,,0,,0,,,,,
6/15/1990,1990,6,15,,15.5,,7,,11.3,,6.7,,0,,4.5,,0,,4.5,,0,,,,,
6/16/1990,1990,6,16,,13,,5.5,,9.3,,8.7,,0,,5,,0,,5,,0,,,,,
6/17/1990,1990,6,17,,14,,5.5,,9.8,,8.2,,0,,0,T,0,,0,T,0,,,,,
6/18/1990,1990,6,18,,12,,5,,8.5,,9.5,,0,,3.5,,0,,3.5,,0,,,,,
6/19/1990,1990,6,19,,12.5,,5,,8.8,,9.2,,0,,5,,0,,5,,0,,,,,
6/20/1990,1990,6,20,,16,,6,,11,,7,,0,,0,T,0,,0,T,0,,,,,
6/21/1990,1990,6,21,,16,,6.5,,11.3,,6.7,,0,,1,,0,,1,,0,,,,,
6/22/1990,1990,6,22,,16.5,,4,,10.3,,7.7,,0,,21,,0,,21,,0,,,,,
6/23/1990,1990,6,23,,8,,6,,7,,11,,0,,5,,0,,5,,0,,,,,
6/24/1990,1990,6,24,,11,,3.5,,7.3,,10.7,,0,,4.5,,0,,4.5,,0,,,,,
6/25/1990,1990,6,25,,12,,4,,8,,10,,0,,3,,0,,3,,0,,,,,
6/26/1990,1990,6,26,,14,,4,,9,,9,,0,,1,,0,,1,,0,,,,,
6/27/1990,1990,6,27,,20,,5,,12.5,,5.5,,0,,0,,0,,0,,0,,,,,
6/28/1990,1990,6,28,,20,,5,,12.5,,5.5,,0,,4,,0,,4,,0,,,,,
6/29/1990,1990,6,29,,15,,5,,10,,8,,0,,2.2,,0,,2.2,,0,,,,,
6/30/1990,1990,6,30,,15,,6,,10.5,,7.5,,0,,0,,0,,0,,0,,,,,
7/1/1990,1990,7,1,,19,,6,,12.5,,5.5,,0,,0,,0,,0,,0,,,,,
7/2/1990,1990,7,2,,19,,6,,12.5,,5.5,,0,,1,,0,,1,,0,,,,,
7/3/1990,1990,7,3,,20,,3,,11.5,,6.5,,0,,0,,0,,0,,0,,,,,
7/4/1990,1990,7,4,,22,,4,,13,,5,,0,,0,,0,,0,,0,,,,,
7/5/1990,1990,7,5,,22.5,,4,,13.3,,4.7,,0,,1,,0,,1,,0,,,,,
7/6/1990,1990,7,6,,22,,4,,13,,5,,0,,7,,0,,7,,0,,,,,
7/7/1990,1990,7,7,,18,,8.5,,13.3,,4.7,,0,,8,,0,,8,,0,,,,,
7/8/1990,1990,7,8,,20,,4,,12,,6,,0,,3.5,,0,,3.5,,0,,,,,
7/9/1990,1990,7,9,,19,,11,,15,,3,,0,,2,,0,,2,,0,,,,,
7/10/1990,1990,7,10,,16,,9,,12.5,,5.5,,0,,8,,0,,8,,0,,,,,
7/11/1990,1990,7,11,,15.5,,3,,9.3,,8.7,,0,,1,,0,,1,,0,,,,,
7/12/1990,1990,7,12,,14.5,,0,,7.3,,10.7,,0,,11,,0,,11,,0,,,,,
7/13/1990,1990,7,13,,13,,6,,9.5,,8.5,,0,,3,,0,,3,,0,,,,,
7/14/1990,1990,7,14,,19,,3,,11,,7,,0,,0,T,0,,0,T,0,,,,,
7/15/1990,1990,7,15,,17,,7,E,12,,6,,0,,0,,0,,0,,0,,,,,
7/16/1990,1990,7,16,,20.5,,7,,13.8,,4.2,,0,,0,,0,,0,,0,,,,,
7/17/1990,1990,7,17,,19,,6,,12.5,,5.5,,0,,0,,0,,0,,0,,,,,
7/18/1990,1990,7,18,,22,,3,,12.5,,5.5,,0,,3,,0,,3,,0,,,,,
7/19/1990,1990,7,19,,23,,6,,14.5,,3.5,,0,,2,,0,,2,,0,,,,,
7/20/1990,1990,7,20,,24,,5,,14.5,,3.5,,0,,0,,0,,0,,0,,,,,
7/21/1990,1990,7,21,,25,,7,,16,,2,,0,,0,,0,,0,,0,,,,,
7/22/1990,1990,7,22,,24,,7,,15.5,,2.5,,0,,0,T,0,,0,T,0,,,,,
7/23/1990,1990,7,23,,22,,9,,15.5,,2.5,,0,,0,,0,,0,,0,,,,,
7/24/1990,1990,7,24,,23,,9,,16,,2,,0,,0,,0,,0,,0,,,,,
7/25/1990,1990,7,25,,21,,6,,13.5,,4.5,,0,,0,,0,,0,,0,,,,,
7/26/1990,1990,7,26,,16.5,,5.5,,11,,7,,0,,5,,0,,5,,0,,,,,
7/27/1990,1990,7,27,,14,,7,,10.5,,7.5,,0,,0,T,0,,0,T,0,,,,,
7/28/1990,1990,7,28,,19,,3,,11,,7,,0,,0,,0,,0,,0,,,,,
7/29/1990,1990,7,29,,21.5,,7,,14.3,,3.7,,0,,0,,0,,0,,0,,,,,
7/30/1990,1990,7,30,,19.5,,8,,13.8,,4.2,,0,,10,,0,,10,,0,,,,,
7/31/1990,1990,7,31,,14,,8.5,,11.3,,6.7,,0,,2.5,,0,,2.5,,0,,,,,
8/1/1990,1990,8,1,,12.5,,6,,9.3,,8.7,,0,,5,,0,,5,,0,,,,,
8/2/1990,1990,8,2,,12,,6,,9,,9,,0,,2.5,,0,,2.5,,0,,,,,
8/3/1990,1990,8,3,,17,,5,,11,,7,,0,,0,,0,,0,,0,,,,,
8/4/1990,1990,8,4,,18,,4,,11,,7,,0,,0,,0,,0,,0,,,,,
8/5/1990,1990,8,5,,21.5,,5,,13.3,,4.7,,0,,0,,0,,0,,0,,,,,
8/6/1990,1990,8,6,,13,,6,,9.5,,8.5,,0,,28,,0,,28,,0,,,,,
8/7/1990,1990,8,7,,11,,6.5,,8.8,,9.2,,0,,3,,0,,3,,0,,,,,
8/8/1990,1990,8,8,,16,,1,,8.5,,9.5,,0,,5,,0,,5,,0,,,,,
8/9/1990,1990,8,9,,18,,2,,10,,8,,0,,0.6,,0,,0.6,,0,,,,,
8/10/1990,1990,8,10,,20,,10,,15,,3,,0,,0,,0,,0,,0,,,,,
8/11/1990,1990,8,11,,26,,7,,16.5,,1.5,,0,,0,,0,,0,,0,,,,,
8/12/1990,1990,8,12,,25,E,7.5,,16.3,,1.7,,0,,0,,0,,0,,0,,,,,
8/13/1990,1990,8,13,,23,,9,,16,,2,,0,,0,,0,,0,,0,,,,,
8/14/1990,1990,8,14,,20,,6,,13,,5,,0,,0,,0,,0,,0,,,,,
8/15/1990,1990,8,15,,19,,6,,12.5,,5.5,,0,,0,,0,,0,,0,,,,,
8/16/1990,1990,8,16,,22,,9,,15.5,,2.5,,0,,0,,0,,0,,0,,,,,
8/17/1990,1990,8,17,,21.5,,8,,14.8,,3.2,,0,,1,,0,,1,,0,,,,,
8/18/1990,1990,8,18,,20,,6,,13,,5,,0,,0,,0,,0,,0,,,,,
8/19/1990,1990,8,19,,14,,5,,9.5,,8.5,,0,,10,,0,,10,,0,,,,,
8/20/1990,1990,8,20,,14,,7,,10.5,,7.5,,0,,1,,0,,1,,0,,,,,
8/21/1990,1990,8,21,,12,,4,,8,,10,,0,,4,,0,,4,,0,,,,,
8/22/1990,1990,8,22,,9,,6,,7.5,,10.5,,0,,5,,0,,5,,0,,,,,
8/23/1990,1990,8,23,,12,,0,,6,,12,,0,,0,,0,,0,,0,,,,,
8/24/1990,1990,8,24,,13,,-1,,6,,12,,0,,0,,0,,0,,0,,,,,
8/25/1990,1990,8,25,,14.5,,-4,,5.3,,12.7,,0,,0,,0,,0,,0,,,,,
8/26/1990,1990,8,26,,14.5,,-2,,6.3,,11.7,,0,,0.2,,0,,0.2,,0,,,,,
8/27/1990,1990,8,27,,15,,6.5,,10.8,,7.2,,0,,14,,0,,14,,0,,,,,
8/28/1990,1990,8,28,,12.5,,8.5,,10.5,,7.5,,0,,17.6,,0,,17.6,,0,,,,,
8/29/1990,1990,8,29,,9,,5,,7,,11,,0,,1.8,,0,,1.8,,0,,,,,
8/30/1990,1990,8,30,,9,,-4,,2.5,,15.5,,0,,0,,0,,0,,0,,,,,
8/31/1990,1990,8,31,,8,,-3,,2.5,,15.5,,0,,1.6,,0,,1.6,,0,,,,,
9/1/1990,1990,9,1,,9.5,,-0.5,,4.5,,13.5,,0,,3.6,,0,,3.6,,0,,,,,
9/2/1990,1990,9,2,,6,,0,,3,,15,,0,,3.2,,0,,3.2,,0,,,,,
9/3/1990,1990,9,3,,5,,0,,2.5,,15.5,,0,,3,E,0,,3,E,0,,,,,
9/4/1990,1990,9,4,,7,,0.5,,3.8,,14.2,,0,,6,,0,,6,,0,,,,,
9/5/1990,1990,9,5,,9,,2,,5.5,,12.5,,0,,0,,0,,0,,0,,,,,
9/6/1990,1990,9,6,,9,,2,,5.5,,12.5,,0,,8,,0,,8,,0,,,,,
9/7/1990,1990,9,7,,6,,3,,4.5,,13.5,,0,,0,,0,T,0,T,0,,,,,
9/8/1990,1990,9,8,,7,,-1,,3,,15,,0,,0,,0,,0,,0,,,,,
9/9/1990,1990,9,9,,10,,-1,,4.5,,13.5,,0,,2,,0,,2,,0,,,,,
9/10/1990,1990,9,10,,8,,3,,5.5,,12.5,,0,,6,,0,,6,,0,,,,,
9/11/1990,1990,9,11,,5,,-1,,2,,16,,0,,8,,0,,8,,0,,,,,
9/12/1990,1990,9,12,,10,,-1,,4.5,,13.5,,0,,2,,0,,2,,0,,,,,
9/13/1990,1990,9,13,,11,,3,,7,,11,,0,,0.6,,0,,0.6,,0,,,,,
9/14/1990,1990,9,14,,13,,-1,,6,,12,,0,,0,,0,,0,,0,,,,,
9/15/1990,1990,9,15,,10,,3,,6.5,,11.5,,0,,10.2,,0,,10.2,,0,,,,,
9/16/1990,1990,9,16,,8,,2,,5,,13,,0,,0.2,,0,,0.2,,0,,,,,
9/17/1990,1990,9,17,,10,,-5,,2.5,,15.5,,0,,1,E,0,,1,E,0,,,,,
9/18/1990,1990,9,18,,4,,-3,,0.5,,17.5,,0,,7,,0,,7,,0,,,,,
9/19/1990,1990,9,19,,7.5,,0,,3.8,,14.2,,0,,0.4,,0,,0.4,,0,,,,,
9/20/1990,1990,9,20,,11,,3,,7,,11,,0,,0,,0,,0,,0,,,,,
9/21/1990,1990,9,21,,12,,0,,6,,12,,0,,2.8,,0,,2.8,,0,,,,,
9/22/1990,1990,9,22,,14,,4,,9,,9,,0,,8,,0,,8,,0,,,,,
9/23/1990,1990,9,23,,13,,7.5,,10.3,,7.7,,0,,13,,0,,13,,0,,,,,
9/24/1990,1990,9,24,,7,,4,,5.5,,12.5,,0,,4,,0,,4,,0,,,,,
9/25/1990,1990,9,25,,7.5,,3,,5.3,,12.7,,0,,1.5,,0,,1.5,,0,,,,,
9/26/1990,1990,9,26,,4,,0,,2,,16,,0,,0,,0,,0,,0,,,,,
9/27/1990,1990,9,27,,5,,-5,,0,,18,,0,,0,,0,T,0,T,0,,,,,
9/28/1990,1990,9,28,,4,E,-5,,-0.5,,18.5,,0,,0,,1,E,1,E,0,,,,,
9/29/1990,1990,9,29,,5,E,0,E,2.5,,15.5,,0,,0,,0,,0,,0,,,,,
9/30/1990,1990,9,30,,5,E,-2,E,1.5,,16.5,,0,,0,,0,,0,,0,,,,,
10/1/1990,1990,10,1,,,,,,,,,,,,,,,,,,,,,,,
10/2/1990,1990,10,2,,,,,,,,,,,,,,,,,,,,,,,
10/3/1990,1990,10,3,,,,,,,,,,,,,,,,,,,,,,,
10/4/1990,1990,10,4,,,,,,,,,,,,,,,,,,,,,,,
10/5/1990,1990,10,5,,,,,,,,,,,,,,,,,,,,,,,
10/6/1990,1990,10,6,,,,,,,,,,,,,,,,,,,,,,,
10/7/1990,1990,10,7,,,,,,,,,,,,,,,,,,,,,,,
10/8/1990,1990,10,8,,,,,,,,,,,,,,,,,,,,,,,
10/9/1990,1990,10,9,,,,,,,,,,,,,,,,,,,,,,,
10/10/1990,1990,10,10,,,,,,,,,,,,,,,,,,,,,,,
10/11/1990,1990,10,11,,,,,,,,,,,,,,,,,,,,,,,
10/12/1990,1990,10,12,,,,,,,,,,,,,,,,,,,,,,,
10/13/1990,1990,10,13,,,,,,,,,,,,,,,,,,,,,,,
10/14/1990,1990,10,14,,,,,,,,,,,,,,,,,,,,,,,
10/15/1990,1990,10,15,,,,,,,,,,,,,,,,,,,,,,,
10/16/1990,1990,10,16,,,,,,,,,,,,,,,,,,,,,,,
10/17/1990,1990,10,17,,,,,,,,,,,,,,,,,,,,,,,
10/18/1990,1990,10,18,,,,,,,,,,,,,,,,,,,,,,,
10/19/1990,1990,10,19,,,,,,,,,,,,,,,,,,,,,,,
10/20/1990,1990,10,20,,,,,,,,,,,,,,,,,,,,,,,
10/21/1990,1990,10,21,,,,,,,,,,,,,,,,,,,,,,,
10/22/1990,1990,10,22,,,,,,,,,,,,,,,,,,,,,,,
10/23/1990,1990,10,23,,,,,,,,,,,,,,,,,,,,,,,
10/24/1990,1990,10,24,,,,,,,,,,,,,,,,,,,,,,,
10/25/1990,1990,10,25,,,,,,,,,,,,,,,,,,,,,,,
10/26/1990,1990,10,26,,,,,,,,,,,,,,,,,,,,,,,
10/27/1990,1990,10,27,,,,,,,,,,,,,,,,,,,,,,,
10/28/1990,1990,10,28,,,,,,,,,,,,,,,,,,,,,,,
10/29/1990,1990,10,29,,,,,,,,,,,,,,,,,,,,,,,
10/30/1990,1990,10,30,,,,,,,,,,,,,,,,,,,,,,,
10/31/1990,1990,10,31,,,,,,,,,,,,,,,,,,,,,,,
11/1/1990,1990,11,1,,,,,,,,,,,,,,,,,,,,,,,
11/2/1990,1990,11,2,,,,,,,,,,,,,,,,,,,,,,,
11/3/1990,1990,11,3,,,,,,,,,,,,,,,,,,,,,,,
11/4/1990,1990,11,4,,,,,,,,,,,,,,,,,,,,,,,
11/5/1990,1990,11,5,,,,,,,,,,,,,,,,,,,,,,,
11/6/1990,1990,11,6,,,,,,,,,,,,,,,,,,,,,,,
11/7/1990,1990,11,7,,,,,,,,,,,,,,,,,,,,,,,
11/8/1990,1990,11,8,,,,,,,,,,,,,,,,,,,,,,,
11/9/1990,1990,11,9,,,,,,,,,,,,,,,,,,,,,,,
11/10/1990,1990,11,10,,,,,,,,,,,,,,,,,,,,,,,
11/11/1990,1990,11,11,,,,,,,,,,,,,,,,,,,,,,,
11/12/1990,1990,11,12,,,,,,,,,,,,,,,,,,,,,,,
11/13/1990,1990,11,13,,,,,,,,,,,,,,,,,,,,,,,
11/14/1990,1990,11,14,,,,,,,,,,,,,,,,,,,,,,,
11/15/1990,1990,11,15,,,,,,,,,,,,,,,,,,,,,,,
11/16/1990,1990,11,16,,,,,,,,,,,,,,,,,,,,,,,
11/17/1990,1990,11,17,,,,,,,,,,,,,,,,,,,,,,,
11/18/1990,1990,11,18,,,,,,,,,,,,,,,,,,,,,,,
11/19/1990,1990,11,19,,,,,,,,,,,,,,,,,,,,,,,
11/20/1990,1990,11,20,,,,,,,,,,,,,,,,,,,,,,,
11/21/1990,1990,11,21,,,,,,,,,,,,,,,,,,,,,,,
11/22/1990,1990,11,22,,,,,,,,,,,,,,,,,,,,,,,
11/23/1990,1990,11,23,,,,,,,,,,,,,,,,,,,,,,,
11/24/1990,1990,11,24,,,,,,,,,,,,,,,,,,,,,,,
11/25/1990,1990,11,25,,,,,,,,,,,,,,,,,,,,,,,
11/26/1990,1990,11,26,,,,,,,,,,,,,,,,,,,,,,,
11/27/1990,1990,11,27,,,,,,,,,,,,,,,,,,,,,,,
11/28/1990,1990,11,28,,,,,,,,,,,,,,,,,,,,,,,
11/29/1990,1990,11,29,,,,,,,,,,,,,,,,,,,,,,,
11/30/1990,1990,11,30,,,,,,,,,,,,,,,,,,,,,,,
12/1/1990,1990,12,1,,,,,,,,,,,,0,,0,,0,,,,,,,
12/2/1990,1990,12,2,,,,,,,,,,,,0,,0,,0,,,,,,,
12/3/1990,1990,12,3,,,,,,,,,,,,0,,0,,0,,,,,,,
12/4/1990,1990,12,4,,,,,,,,,,,,0,,0,,0,,,,,,,
12/5/1990,1990,12,5,,,,,,,,,,,,0,,0,,0,,,,,,,
12/6/1990,1990,12,6,,,,,,,,,,,,0,,0,,0,,,,,,,
12/7/1990,1990,12,7,,,,,,,,,,,,0,,0,,0,,,,,,,
12/8/1990,1990,12,8,,,,,,,,,,,,0,,0,,0,,,,,,,
12/9/1990,1990,12,9,,,,,,,,,,,,0,,0,,0,,,,,,,
12/10/1990,1990,12,10,,,,,,,,,,,,0,,0,,0,,,,,,,
12/11/1990,1990,12,11,,,,,,,,,,,,0,,0,,0,,,,,,,
12/12/1990,1990,12,12,,,,,,,,,,,,0,,0,,0,,,,,,,
12/13/1990,1990,12,13,,,,,,,,,,,,0,,0,,0,,,,,,,
12/14/1990,1990,12,14,,,,,,,,,,,,0,,0,,0,,,,,,,
12/15/1990,1990,12,15,,,,,,,,,,,,0,,0,,0,,,,,,,
12/16/1990,1990,12,16,,,,,,,,,,,,0,,0,,0,,,,,,,
12/17/1990,1990,12,17,,,,,,,,,,,,0,,0,,0,,,,,,,
12/18/1990,1990,12,18,,,,,,,,,,,,0,,0,,0,,,,,,,
12/19/1990,1990,12,19,,,,,,,,,,,,0,,0,,0,,,,,,,
12/20/1990,1990,12,20,,,,,,,,,,,,0,,0,,0,,,,,,,
12/21/1990,1990,12,21,,,,,,,,,,,,0,,0,,0,,,,,,,
12/22/1990,1990,12,22,,,,,,,,,,,,0,,0,,0,,,,,,,
12/23/1990,1990,12,23,,,,,,,,,,,,0,,0,,0,,,,,,,
12/24/1990,1990,12,24,,,,,,,,,,,,0,,0,,0,,,,,,,
12/25/1990,1990,12,25,,,,,,,,,,,,0,,0,,0,,,,,,,
12/26/1990,1990,12,26,,,,,,,,,,,,0,,0,,0,,,,,,,
12/27/1990,1990,12,27,,,,,,,,,,,,0,,0,,0,,,,,,,
12/28/1990,1990,12,28,,,,,,,,,,,,0,,0,,0,,,,,,,
12/29/1990,1990,12,29,,,,,,,,,,,,0,,0,,0,,,,,,,
12/30/1990,1990,12,30,,,,,,,,,,,,0,,0,,0,,,,,,,
12/31/1990,1990,12,31,,,,,,,,,,,,0,,0,,0,,,,,,,
